territorio_codigo;territorio_nome_x;ano_codigo;qtd_produzida_total_t;area_plantada_total_ha;area_colhida_total_ha;taxa_frustracao_safra;efetivo_bovino_cab;efetivo_caprino_cab;efetivo_ovino_cab;efetivo_suino_cab;efetivo_galinaceo_cab;_m_pam_ppm;territorio_nome_y;pib_correntes_mil_r;vab_total_mil_r;vab_agro_mil_r;participacao_vab_agro_pct;_m_com_pib
2300101;Abaiara - CE;2003;11701.0;4244.0;4244.0;0.0;5311.0;280.0;278.0;539.0;25403.0;both;Abaiara - CE;17657.0;17110.0;5897.0;34.46;both
2300101;Abaiara - CE;2004;7637.0;4304.0;4117.0;0.043447955390334525;5433.0;290.0;285.0;555.0;26484.0;both;Abaiara - CE;16808.0;16118.0;4235.0;26.28;both
2300101;Abaiara - CE;2005;4700.0;1818.0;1818.0;0.0;5615.0;303.0;295.0;574.0;27762.0;both;Abaiara - CE;17153.0;16367.0;3059.0;18.69;both
2300101;Abaiara - CE;2006;6390.0;2306.0;2306.0;0.0;5790.0;318.0;303.0;587.0;28866.0;both;Abaiara - CE;22869.0;21960.0;5060.0;23.04;both
2300101;Abaiara - CE;2007;5513.0;5428.0;5428.0;0.0;5969.0;333.0;310.0;600.0;30095.0;both;Abaiara - CE;25383.0;24475.0;4831.0;19.74;both
2300101;Abaiara - CE;2008;5250.0;2947.0;2947.0;0.0;6094.0;352.0;320.0;619.0;31677.0;both;Abaiara - CE;30985.0;29878.0;6374.0;21.33;both
2300101;Abaiara - CE;2009;5870.0;3284.0;3284.0;0.0;6161.0;368.0;327.0;632.0;33026.0;both;Abaiara - CE;34757.0;33553.0;6786.0;20.23;both
2300101;Abaiara - CE;2010;3179.0;2794.0;2794.0;0.0;6352.0;381.0;333.0;650.0;34305.0;both;Abaiara - CE;36543.0;34981.0;4573.0;13.07;both
2300101;Abaiara - CE;2011;6171.0;3070.0;3070.0;0.0;6549.0;394.0;344.0;665.0;35465.0;both;Abaiara - CE;50943.0;49063.0;9219.0;18.79;both
2300101;Abaiara - CE;2012;2040.0;2844.0;2844.0;0.0;7231.0;407.0;355.0;680.0;36665.0;both;Abaiara - CE;43079.0;41088.0;5913.0;14.39;both
2300101;Abaiara - CE;2013;2004.0;1952.0;1952.0;0.0;6591.0;457.0;375.0;616.0;37020.0;both;Abaiara - CE;50468.0;48319.0;6353.0;13.15;both
2300101;Abaiara - CE;2014;4032.0;1858.0;1858.0;0.0;6254.0;519.0;430.0;679.0;40720.0;both;Abaiara - CE;64718.0;61591.0;9785.0;15.89;both
2300101;Abaiara - CE;2015;958.0;1010.0;1010.0;0.0;7148.0;591.0;475.0;761.0;40802.0;both;Abaiara - CE;66037.0;62305.0;5100.0;8.19;both
2300101;Abaiara - CE;2016;351.0;695.0;695.0;0.0;7367.0;597.0;600.0;871.0;36721.0;both;Abaiara - CE;73672.0;69244.0;4435.0;6.4;both
2300101;Abaiara - CE;2017;6182.0;2552.0;2552.0;0.0;5830.0;320.0;1000.0;690.0;245000.0;both;Abaiara - CE;92951.0;87703.0;14479.0;16.51;both
2300101;Abaiara - CE;2018;4829.0;2922.0;2922.0;0.0;8000.0;340.0;1060.0;992.0;247000.0;both;Abaiara - CE;87933.0;83369.0;14946.0;17.93;both
2300101;Abaiara - CE;2019;1695.0;2651.0;2651.0;0.0;8400.0;1000.0;5000.0;2500.0;270000.0;both;Abaiara - CE;94460.0;89531.0;11290.0;12.61;both
2300101;Abaiara - CE;2020;4963.0;2537.0;2537.0;0.0;9000.0;1250.0;5250.0;2750.0;273000.0;both;Abaiara - CE;108505.0;103869.0;19996.0;19.25;both
2300101;Abaiara - CE;2021;4743.0;2654.0;2654.0;0.0;9010.0;1230.0;5335.0;2820.0;312000.0;both;Abaiara - CE;117971.0;112712.0;23663.0;20.99;both
2300101;Abaiara - CE;2022;5426.0;2759.0;2759.0;0.0;9100.0;1240.0;4300.0;2540.0;313500.0;both;Abaiara - CE;126794.0;;;;both
2300101;Abaiara - CE;2023;3189.0;3797.0;3797.0;0.0;8636.0;1140.0;4000.0;2000.0;302970.0;both;Abaiara - CE;143730.0;;;;both
2300101;Abaiara - CE;2024;3727.0;3494.0;3494.0;0.0;9240.0;1215.0;4400.0;2035.0;295764.0;both;;;;;;left_only
2300150;Acarape - CE;2003;30259.0;2393.0;2393.0;0.0;2112.0;45.0;360.0;1896.0;2105.0;both;Acarape - CE;32448.0;30370.0;3041.0;10.01;both
2300150;Acarape - CE;2004;30835.0;2562.0;2562.0;0.0;2174.0;103.0;374.0;1916.0;2275.0;both;Acarape - CE;33397.0;31632.0;3672.0;11.61;both
2300150;Acarape - CE;2005;30880.0;2762.0;2762.0;0.0;2255.0;118.0;391.0;1942.0;2470.0;both;Acarape - CE;33577.0;31764.0;4048.0;12.74;both
2300150;Acarape - CE;2006;29739.0;2536.0;2536.0;0.0;2337.0;123.0;409.0;1970.0;2675.0;both;Acarape - CE;36982.0;34757.0;4255.0;12.24;both
2300150;Acarape - CE;2007;40572.0;2868.0;2868.0;0.0;2358.0;131.0;431.0;2006.0;2900.0;both;Acarape - CE;42765.0;40178.0;4336.0;10.79;both
2300150;Acarape - CE;2008;61669.0;3235.0;3235.0;0.0;2381.0;141.0;451.0;2047.0;3140.0;both;Acarape - CE;50859.0;47972.0;6110.0;12.74;both
2300150;Acarape - CE;2009;25158.0;2744.0;2744.0;0.0;2409.0;155.0;474.0;2100.0;3409.0;both;Acarape - CE;56351.0;53126.0;4151.0;7.81;both
2300150;Acarape - CE;2010;25589.0;2434.0;2434.0;0.0;2441.0;167.0;499.0;2134.0;3709.0;both;Acarape - CE;65662.0;60247.0;3936.0;6.53;both
2300150;Acarape - CE;2011;25772.0;2597.0;2597.0;0.0;2475.0;182.0;527.0;2171.0;4016.0;both;Acarape - CE;78626.0;71722.0;5703.0;7.95;both
2300150;Acarape - CE;2012;4905.0;1674.0;1674.0;0.0;2139.0;175.0;476.0;2000.0;3656.0;both;Acarape - CE;80292.0;71901.0;3704.0;5.15;both
2300150;Acarape - CE;2013;8398.0;1527.0;1527.0;0.0;1801.0;189.0;520.0;2166.0;3959.0;both;Acarape - CE;102164.0;93075.0;4186.0;4.5;both
2300150;Acarape - CE;2014;1341.0;1671.0;1671.0;0.0;1846.0;204.0;565.0;2179.0;4282.0;both;Acarape - CE;114161.0;106097.0;5189.0;4.89;both
2300150;Acarape - CE;2015;1041.0;1496.0;1496.0;0.0;1815.0;220.0;540.0;2189.0;4480.0;both;Acarape - CE;118734.0;109743.0;4193.0;3.82;both
2300150;Acarape - CE;2016;562.0;1427.0;1427.0;0.0;1750.0;230.0;530.0;2200.0;4510.0;both;Acarape - CE;127927.0;118648.0;4675.0;3.94;both
2300150;Acarape - CE;2017;972.0;1345.0;1345.0;0.0;1800.0;300.0;600.0;430.0;20667.0;both;Acarape - CE;150071.0;140289.0;6195.0;4.42;both
2300150;Acarape - CE;2018;1041.0;1305.0;1305.0;0.0;1150.0;185.0;385.0;450.0;19604.0;both;Acarape - CE;125559.0;118302.0;6437.0;5.44;both
2300150;Acarape - CE;2019;1017.0;1348.0;1348.0;0.0;1196.0;192.0;400.0;474.0;21172.0;both;Acarape - CE;142409.0;133074.0;6205.0;4.66;both
2300150;Acarape - CE;2020;962.0;1290.0;1290.0;0.0;1232.0;200.0;416.0;499.0;22866.0;both;Acarape - CE;155396.0;146375.0;8200.0;5.6;both
2300150;Acarape - CE;2021;1136.0;1321.0;1321.0;0.0;1200.0;195.0;425.0;510.0;22408.0;both;Acarape - CE;179994.0;168763.0;9312.0;5.52;both
2300150;Acarape - CE;2022;1068.0;1365.0;1365.0;0.0;1253.0;204.0;446.0;331.0;22856.0;both;Acarape - CE;183507.0;;;;both
2300150;Acarape - CE;2023;657.0;1296.0;1296.0;0.0;2300.0;180.0;400.0;550.0;24000.0;both;Acarape - CE;220474.0;;;;both
2300150;Acarape - CE;2024;734.0;1293.0;1293.0;0.0;2480.0;175.0;388.0;600.0;22500.0;both;;;;;;left_only
2300200;Acaraú - CE;2003;32537.0;20748.0;20748.0;0.0;12048.0;1948.0;7084.0;8237.0;86321.0;both;Acaraú - CE;124068.0;117459.0;35655.0;30.36;both
2300200;Acaraú - CE;2004;29373.0;21652.0;21652.0;0.0;6142.0;2026.0;7262.0;8044.0;85185.0;both;Acaraú - CE;146593.0;138715.0;43308.0;31.22;both
2300200;Acaraú - CE;2005;24715.0;21298.0;21298.0;0.0;6155.0;2120.0;7588.0;8164.0;85611.0;both;Acaraú - CE;151979.0;143643.0;35284.0;24.56;both
2300200;Acaraú - CE;2006;34446.0;20826.0;20826.0;0.0;6185.0;2173.0;7778.0;8140.0;87946.0;both;Acaraú - CE;171739.0;163140.0;45046.0;27.61;both
2300200;Acaraú - CE;2007;18793.0;21045.0;21045.0;0.0;5998.0;2130.0;7625.0;7898.0;85490.0;both;Acaraú - CE;190070.0;180252.0;40058.0;22.22;both
2300200;Acaraú - CE;2008;35232.0;22049.0;22049.0;0.0;6088.0;2225.0;7991.0;8027.0;87203.0;both;Acaraú - CE;225541.0;213005.0;51448.0;24.15;both
2300200;Acaraú - CE;2009;21255.0;22146.0;20968.0;0.053192450103856204;6192.0;2358.0;8550.0;8206.0;88676.0;both;Acaraú - CE;239320.0;227367.0;52176.0;22.95;both
2300200;Acaraú - CE;2010;18843.0;22034.0;22034.0;0.0;6099.0;2476.0;8978.0;8245.0;88915.0;both;Acaraú - CE;327756.0;304777.0;49668.0;16.3;both
2300200;Acaraú - CE;2011;31208.0;22950.0;22950.0;0.0;6130.0;2525.0;9202.0;8266.0;88720.0;both;Acaraú - CE;388168.0;362709.0;66138.0;18.23;both
2300200;Acaraú - CE;2012;22769.0;21992.0;21992.0;0.0;8420.0;2880.0;10580.0;8490.0;92640.0;both;Acaraú - CE;415815.0;387272.0;62266.0;16.08;both
2300200;Acaraú - CE;2013;9813.0;18394.0;18394.0;0.0;7520.0;2952.0;10735.0;3886.0;92395.0;both;Acaraú - CE;467824.0;442398.0;81846.0;18.5;both
2300200;Acaraú - CE;2014;29321.0;20133.0;20133.0;0.0;7791.0;2967.0;10789.0;3692.0;92857.0;both;Acaraú - CE;523629.0;491252.0;74614.0;15.19;both
2300200;Acaraú - CE;2015;21218.0;12781.0;12781.0;0.0;6856.0;2818.0;10250.0;2954.0;91928.0;both;Acaraú - CE;551031.0;516112.0;79837.0;15.47;both
2300200;Acaraú - CE;2016;25325.0;12626.0;12626.0;0.0;6946.0;2820.0;10256.0;2948.0;91930.0;both;Acaraú - CE;581919.0;545164.0;74353.0;13.64;both
2300200;Acaraú - CE;2017;36217.0;13600.0;13600.0;0.0;6916.0;2798.0;10236.0;2956.0;91902.0;both;Acaraú - CE;634060.0;590338.0;97069.0;16.44;both
2300200;Acaraú - CE;2018;34055.0;14487.0;14487.0;0.0;6570.0;1959.0;8189.0;3547.0;87307.0;both;Acaraú - CE;567089.0;528324.0;82846.0;15.68;both
2300200;Acaraú - CE;2019;31158.0;13935.0;13159.0;0.055687118765697874;6438.0;1950.0;8149.0;3618.0;86434.0;both;Acaraú - CE;708010.0;645983.0;77938.0;12.06;both
2300200;Acaraú - CE;2020;34064.0;13423.0;13423.0;0.0;6374.0;1940.0;8108.0;3636.0;87298.0;both;Acaraú - CE;838948.0;786584.0;102266.0;13.0;both
2300200;Acaraú - CE;2021;31398.0;14360.0;14360.0;0.0;5864.0;1785.0;7459.0;3345.0;88171.0;both;Acaraú - CE;1020201.0;953527.0;133170.0;13.97;both
2300200;Acaraú - CE;2022;49460.0;14596.0;14596.0;0.0;5453.0;1749.0;7384.0;3278.0;87289.0;both;Acaraú - CE;1184672.0;;;;both
2300200;Acaraú - CE;2023;27737.0;15017.0;15017.0;0.0;4962.0;1714.0;7310.0;3212.0;86416.0;both;Acaraú - CE;1250251.0;;;;both
2300200;Acaraú - CE;2024;51890.0;13208.0;13208.0;0.0;5359.0;1680.0;7237.0;3179.0;85552.0;both;;;;;;left_only
2300309;Acopiara - CE;2003;13461.0;19853.0;19853.0;0.0;40609.0;8118.0;19087.0;22158.0;344986.0;both;Acopiara - CE;94074.0;89539.0;22718.0;25.37;both
2300309;Acopiara - CE;2004;14441.0;20547.0;20547.0;0.0;41209.0;8224.0;19392.0;22507.0;350749.0;both;Acopiara - CE;101418.0;96148.0;25115.0;26.12;both
2300309;Acopiara - CE;2005;2791.0;14488.0;14488.0;0.0;40467.0;8118.0;19401.0;21858.0;357533.0;both;Acopiara - CE;103497.0;97472.0;15706.0;16.11;both
2300309;Acopiara - CE;2006;14652.0;13766.0;13766.0;0.0;40062.0;8199.0;19711.0;21537.0;359718.0;both;Acopiara - CE;123962.0;117340.0;26369.0;22.47;both
2300309;Acopiara - CE;2007;8271.0;21304.0;21304.0;0.0;41500.0;8117.0;19513.0;18952.0;316551.0;both;Acopiara - CE;127767.0;121114.0;21651.0;17.88;both
2300309;Acopiara - CE;2008;17610.0;18086.0;18086.0;0.0;41512.0;7955.0;19366.0;16677.0;396178.0;both;Acopiara - CE;160679.0;152682.0;33169.0;21.72;both
2300309;Acopiara - CE;2009;7267.0;20188.0;20188.0;0.0;41516.0;7875.0;19172.0;15842.0;378869.0;both;Acopiara - CE;170027.0;161365.0;23421.0;14.51;both
2300309;Acopiara - CE;2010;6018.0;17159.0;17159.0;0.0;39929.0;7639.0;18597.0;15367.0;367502.0;both;Acopiara - CE;213402.0;200328.0;24817.0;12.39;both
2300309;Acopiara - CE;2011;18955.0;20446.0;20446.0;0.0;45829.0;7562.0;18411.0;15519.0;371175.0;both;Acopiara - CE;257300.0;242387.0;42483.0;17.53;both
2300309;Acopiara - CE;2012;4007.0;20185.0;20182.0;0.00014862521674507967;49703.0;7183.0;17490.0;15360.0;369104.0;both;Acopiara - CE;262793.0;244355.0;25547.0;10.45;both
2300309;Acopiara - CE;2013;7938.0;17776.0;17768.0;0.0004500450045004101;46354.0;6464.0;15741.0;13824.0;332193.0;both;Acopiara - CE;287937.0;267856.0;30356.0;11.33;both
2300309;Acopiara - CE;2014;8971.0;20205.0;20205.0;0.0;49206.0;6500.0;22824.0;13830.0;336022.0;both;Acopiara - CE;334997.0;313520.0;37558.0;11.98;both
2300309;Acopiara - CE;2015;3676.0;21965.0;21962.0;0.00013658092419754908;49005.0;6435.0;23280.0;12447.0;329301.0;both;Acopiara - CE;348629.0;323276.0;30434.0;9.41;both
2300309;Acopiara - CE;2016;3332.0;20995.0;20995.0;0.0;48024.0;5791.0;22814.0;10579.0;332594.0;both;Acopiara - CE;376458.0;349919.0;40200.0;11.49;both
2300309;Acopiara - CE;2017;4129.0;17459.0;17459.0;0.0;43000.0;5919.0;17723.0;10573.0;495641.0;both;Acopiara - CE;396748.0;370444.0;43670.0;11.79;both
2300309;Acopiara - CE;2018;6753.0;15047.0;15047.0;0.0;50000.0;6900.0;17850.0;11000.0;595000.0;both;Acopiara - CE;389055.0;366414.0;49896.0;13.62;both
2300309;Acopiara - CE;2019;7859.0;15159.0;15159.0;0.0;47500.0;7000.0;21420.0;10000.0;625000.0;both;Acopiara - CE;462562.0;426014.0;56690.0;13.31;both
2300309;Acopiara - CE;2020;14245.0;15167.0;15167.0;0.0;59039.0;8596.0;32117.0;15000.0;1622484.0;both;Acopiara - CE;515638.0;481588.0;102948.0;21.38;both
2300309;Acopiara - CE;2021;21236.0;18273.0;18273.0;0.0;65150.0;9000.0;33500.0;22500.0;1630000.0;both;Acopiara - CE;564520.0;526631.0;145254.0;27.58;both
2300309;Acopiara - CE;2022;18944.0;19218.0;19218.0;0.0;64625.0;7470.0;29480.0;23400.0;1711500.0;both;Acopiara - CE;604192.0;;;;both
2300309;Acopiara - CE;2023;12423.0;20825.0;20825.0;0.0;70894.0;5632.0;25559.0;21622.0;1776537.0;both;Acopiara - CE;693535.0;;;;both
2300309;Acopiara - CE;2024;8406.0;16836.0;16836.0;0.0;73900.0;5204.0;23284.0;27136.0;2567250.0;both;;;;;;left_only
2300408;Aiuaba - CE;2003;8138.0;8250.0;8250.0;0.0;8735.0;12315.0;18372.0;7073.0;33788.0;both;Aiuaba - CE;23473.0;22855.0;6467.0;28.29;both
2300408;Aiuaba - CE;2004;5132.0;9510.0;9510.0;0.0;8724.0;12362.0;18761.0;7232.0;34352.0;both;Aiuaba - CE;23256.0;22600.0;5347.0;23.66;both
2300408;Aiuaba - CE;2005;9164.0;11210.0;11210.0;0.0;11519.0;12415.0;19507.0;7133.0;35185.0;both;Aiuaba - CE;29550.0;28745.0;8054.0;28.02;both
2300408;Aiuaba - CE;2006;14847.0;12596.0;12596.0;0.0;12497.0;12579.0;21392.0;7444.0;36810.0;both;Aiuaba - CE;37163.0;36257.0;11755.0;32.42;both
2300408;Aiuaba - CE;2007;8512.0;12725.0;12725.0;0.0;12479.0;12797.0;22415.0;7359.0;37014.0;both;Aiuaba - CE;38449.0;37510.0;9101.0;24.26;both
2300408;Aiuaba - CE;2008;12104.0;14008.0;14008.0;0.0;12875.0;12815.0;22794.0;7658.0;39070.0;both;Aiuaba - CE;50232.0;49058.0;15602.0;31.8;both
2300408;Aiuaba - CE;2009;6798.0;14527.0;14527.0;0.0;13189.0;12996.0;23142.0;7763.0;40071.0;both;Aiuaba - CE;48215.0;47181.0;11548.0;24.48;both
2300408;Aiuaba - CE;2010;2616.0;14174.0;14174.0;0.0;13075.0;13092.0;23394.0;7359.0;40582.0;both;Aiuaba - CE;51656.0;49925.0;8072.0;16.17;both
2300408;Aiuaba - CE;2011;12053.0;15360.0;15360.0;0.0;13299.0;14123.0;23405.0;7518.0;41068.0;both;Aiuaba - CE;72017.0;69968.0;21671.0;30.97;both
2300408;Aiuaba - CE;2012;1466.0;14232.0;14232.0;0.0;14921.0;16241.0;25745.0;7174.0;39088.0;both;Aiuaba - CE;67267.0;64165.0;12462.0;19.42;both
2300408;Aiuaba - CE;2013;1118.0;8143.0;8143.0;0.0;12667.0;17900.0;28319.0;7921.0;42605.0;both;Aiuaba - CE;78557.0;75827.0;14026.0;18.5;both
2300408;Aiuaba - CE;2014;4515.0;13696.0;13696.0;0.0;11730.0;33309.0;56609.0;4229.0;45582.0;both;Aiuaba - CE;93440.0;91016.0;21395.0;23.51;both
2300408;Aiuaba - CE;2015;3606.0;11994.0;11994.0;0.0;11650.0;30311.0;49816.0;3400.0;45000.0;both;Aiuaba - CE;106085.0;101002.0;14791.0;14.64;both
2300408;Aiuaba - CE;2016;1234.0;12048.0;12048.0;0.0;12077.0;30350.0;49900.0;2380.0;31500.0;both;Aiuaba - CE;101735.0;97525.0;11964.0;12.27;both
2300408;Aiuaba - CE;2017;4290.0;11045.0;11045.0;0.0;11875.0;37500.0;51035.0;4625.0;42161.0;both;Aiuaba - CE;104668.0;101225.0;16197.0;16.0;both
2300408;Aiuaba - CE;2018;4860.0;8777.0;8777.0;0.0;14255.0;46875.0;63794.0;4870.0;44269.0;both;Aiuaba - CE;112897.0;109639.0;18583.0;16.95;both
2300408;Aiuaba - CE;2019;3978.0;8715.0;8715.0;0.0;13500.0;47675.0;60606.0;4770.0;46480.0;both;Aiuaba - CE;129382.0;124654.0;20963.0;16.82;both
2300408;Aiuaba - CE;2020;10130.0;9663.0;9663.0;0.0;13700.0;50060.0;63600.0;4530.0;41830.0;both;Aiuaba - CE;151775.0;147480.0;37622.0;25.51;both
2300408;Aiuaba - CE;2021;5195.0;8266.0;8266.0;0.0;12604.0;46000.0;57876.0;4710.0;40128.0;both;Aiuaba - CE;151596.0;146248.0;34133.0;23.34;both
2300408;Aiuaba - CE;2022;3954.0;7317.0;7317.0;0.0;12865.0;49957.0;62340.0;5166.0;41787.0;both;Aiuaba - CE;146744.0;;;;both
2300408;Aiuaba - CE;2023;4593.0;7662.0;7662.0;0.0;13500.0;53852.0;66695.0;6020.0;43876.0;both;Aiuaba - CE;169076.0;;;;both
2300408;Aiuaba - CE;2024;7029.0;6792.0;6792.0;0.0;14774.0;45774.0;79367.0;7103.0;52651.0;both;;;;;;left_only
2300507;Alcântaras - CE;2003;5859.0;5932.0;5932.0;0.0;3058.0;613.0;41.0;2801.0;36779.0;both;Alcântaras - CE;17349.0;17076.0;5001.0;29.28;both
2300507;Alcântaras - CE;2004;6114.0;5343.0;5343.0;0.0;3097.0;625.0;42.0;2857.0;37340.0;both;Alcântaras - CE;17539.0;17172.0;4058.0;23.63;both
2300507;Alcântaras - CE;2005;5437.0;5489.0;5489.0;0.0;3068.0;650.0;45.0;2840.0;35500.0;both;Alcântaras - CE;21533.0;21005.0;4807.0;22.88;both
2300507;Alcântaras - CE;2006;6680.0;5877.0;5877.0;0.0;3075.0;673.0;67.0;2875.0;34784.0;both;Alcântaras - CE;22937.0;22255.0;4740.0;21.3;both
2300507;Alcântaras - CE;2007;6763.0;6012.0;6012.0;0.0;3083.0;701.0;60.0;2880.0;34794.0;both;Alcântaras - CE;26489.0;25872.0;5092.0;19.68;both
2300507;Alcântaras - CE;2008;6934.0;6038.0;6038.0;0.0;3079.0;688.0;64.0;2878.0;34789.0;both;Alcântaras - CE;29317.0;28660.0;5150.0;17.97;both
2300507;Alcântaras - CE;2009;6093.0;6063.0;6060.0;0.0004948045522018552;3218.0;685.0;69.0;3059.0;35708.0;both;Alcântaras - CE;32916.0;32230.0;4412.0;13.69;both
2300507;Alcântaras - CE;2010;4090.0;6844.0;6844.0;0.0;3238.0;692.0;71.0;3076.0;35788.0;both;Alcântaras - CE;37015.0;36024.0;3789.0;10.52;both
2300507;Alcântaras - CE;2011;8501.0;6749.0;6749.0;0.0;3249.0;703.0;65.0;3090.0;35628.0;both;Alcântaras - CE;45163.0;44093.0;6262.0;14.2;both
2300507;Alcântaras - CE;2012;4311.0;5789.0;5789.0;0.0;3015.0;684.0;58.0;2781.0;35271.0;both;Alcântaras - CE;45214.0;43965.0;4473.0;10.17;both
2300507;Alcântaras - CE;2013;3881.0;4275.0;4275.0;0.0;2906.0;570.0;294.0;2583.0;36544.0;both;Alcântaras - CE;47742.0;46132.0;3655.0;7.92;both
2300507;Alcântaras - CE;2014;2399.0;3021.0;3021.0;0.0;2901.0;604.0;308.0;2502.0;36547.0;both;Alcântaras - CE;59834.0;58564.0;4660.0;7.96;both
2300507;Alcântaras - CE;2015;1621.0;2881.0;2881.0;0.0;2951.0;660.0;427.0;2701.0;38009.0;both;Alcântaras - CE;59306.0;57807.0;3998.0;6.92;both
2300507;Alcântaras - CE;2016;841.0;3013.0;3013.0;0.0;2066.0;658.0;390.0;2970.0;41810.0;both;Alcântaras - CE;59520.0;57749.0;4395.0;7.61;both
2300507;Alcântaras - CE;2017;1332.0;2186.0;2179.0;0.003202195791399798;2000.0;806.0;395.0;3290.0;40000.0;both;Alcântaras - CE;69284.0;67080.0;5596.0;8.34;both
2300507;Alcântaras - CE;2018;1521.0;2584.0;2584.0;0.0;1200.0;443.0;120.0;4705.0;24000.0;both;Alcântaras - CE;76963.0;75123.0;5777.0;7.69;both
2300507;Alcântaras - CE;2019;1622.0;2620.0;2620.0;0.0;1145.0;456.0;114.0;4470.0;24480.0;both;Alcântaras - CE;81663.0;78905.0;6176.0;7.83;both
2300507;Alcântaras - CE;2020;1700.0;2657.0;2657.0;0.0;1140.0;500.0;120.0;4700.0;24600.0;both;Alcântaras - CE;91576.0;88476.0;7667.0;8.67;both
2300507;Alcântaras - CE;2021;1448.0;2670.0;2670.0;0.0;910.0;450.0;115.0;4400.0;24300.0;both;Alcântaras - CE;98202.0;94203.0;8402.0;8.92;both
2300507;Alcântaras - CE;2022;1062.0;2645.0;2645.0;0.0;937.0;470.0;100.0;4524.0;24596.0;both;Alcântaras - CE;105770.0;;;;both
2300507;Alcântaras - CE;2023;1000.0;2426.0;2426.0;0.0;877.0;456.0;94.0;4700.0;22538.0;both;Alcântaras - CE;115643.0;;;;both
2300507;Alcântaras - CE;2024;1237.0;2278.0;2278.0;0.0;815.0;420.0;87.0;4489.0;21411.0;both;;;;;;left_only
2300606;Altaneira - CE;2003;2130.0;1194.0;1194.0;0.0;1715.0;267.0;78.0;886.0;14247.0;both;Altaneira - CE;10409.0;10043.0;1579.0;15.72;both
2300606;Altaneira - CE;2004;1622.0;925.0;925.0;0.0;2359.0;295.0;159.0;912.0;14247.0;both;Altaneira - CE;11469.0;11026.0;1556.0;14.11;both
2300606;Altaneira - CE;2005;1702.0;1025.0;1025.0;0.0;2421.0;311.0;174.0;935.0;14108.0;both;Altaneira - CE;12431.0;11901.0;1851.0;15.55;both
2300606;Altaneira - CE;2006;2946.0;1093.0;1093.0;0.0;2509.0;332.0;191.0;946.0;14283.0;both;Altaneira - CE;15410.0;14828.0;2406.0;16.23;both
2300606;Altaneira - CE;2007;1630.0;1965.0;1965.0;0.0;2701.0;364.0;377.0;945.0;15014.0;both;Altaneira - CE;17005.0;16406.0;2487.0;15.16;both
2300606;Altaneira - CE;2008;3206.0;1972.0;1972.0;0.0;2775.0;392.0;411.0;982.0;15584.0;both;Altaneira - CE;20859.0;20116.0;3803.0;18.9;both
2300606;Altaneira - CE;2009;3298.0;1964.0;1964.0;0.0;2891.0;511.0;429.0;1046.0;15788.0;both;Altaneira - CE;22710.0;21963.0;3302.0;15.04;both
2300606;Altaneira - CE;2010;800.0;2318.0;2318.0;0.0;2905.0;515.0;437.0;1050.0;15873.0;both;Altaneira - CE;23342.0;22374.0;2195.0;9.81;both
2300606;Altaneira - CE;2011;2990.0;1671.0;1671.0;0.0;3011.0;596.0;479.0;1153.0;16782.0;both;Altaneira - CE;28775.0;27930.0;3897.0;13.95;both
2300606;Altaneira - CE;2012;1252.0;1581.0;1577.0;0.0025300442757748565;4064.0;759.0;587.0;1057.0;15325.0;both;Altaneira - CE;33982.0;32622.0;5281.0;16.19;both
2300606;Altaneira - CE;2013;631.0;1605.0;1605.0;0.0;3813.0;900.0;1040.0;1162.0;17164.0;both;Altaneira - CE;37585.0;36273.0;5554.0;15.31;both
2300606;Altaneira - CE;2014;2461.0;1387.0;1387.0;0.0;4178.0;938.0;1134.0;1214.0;19051.0;both;Altaneira - CE;47454.0;46152.0;9849.0;21.34;both
2300606;Altaneira - CE;2015;895.0;977.0;975.0;0.0020470829068577334;4049.0;900.0;1000.0;1100.0;18000.0;both;Altaneira - CE;43730.0;42151.0;4365.0;10.35;both
2300606;Altaneira - CE;2016;155.0;1513.0;1513.0;0.0;2835.0;630.0;700.0;605.0;4500.0;both;Altaneira - CE;45370.0;43602.0;2785.0;6.39;both
2300606;Altaneira - CE;2017;1392.0;1111.0;1111.0;0.0;3200.0;400.0;380.0;1100.0;13000.0;both;Altaneira - CE;53087.0;51192.0;6055.0;11.83;both
2300606;Altaneira - CE;2018;1065.0;872.0;872.0;0.0;3250.0;380.0;450.0;1550.0;17000.0;both;Altaneira - CE;51200.0;49207.0;4026.0;8.18;both
2300606;Altaneira - CE;2019;1384.0;749.0;749.0;0.0;3412.0;399.0;495.0;1674.0;17850.0;both;Altaneira - CE;58420.0;56093.0;4191.0;7.47;both
2300606;Altaneira - CE;2020;2321.0;991.0;991.0;0.0;3512.0;415.0;520.0;1600.0;17500.0;both;Altaneira - CE;65822.0;63551.0;6678.0;10.51;both
2300606;Altaneira - CE;2021;2225.0;1184.0;1184.0;0.0;3335.0;340.0;620.0;1900.0;21000.0;both;Altaneira - CE;74654.0;72082.0;9574.0;13.28;both
2300606;Altaneira - CE;2022;2191.0;1273.0;1273.0;0.0;3202.0;310.0;500.0;1700.0;14000.0;both;Altaneira - CE;82201.0;;;;both
2300606;Altaneira - CE;2023;1260.0;1160.0;1160.0;0.0;3362.0;270.0;450.0;1870.0;16100.0;both;Altaneira - CE;92128.0;;;;both
2300606;Altaneira - CE;2024;1998.0;1318.0;1318.0;0.0;3500.0;573.0;650.0;2000.0;18000.0;both;;;;;;left_only
2300705;Alto Santo - CE;2003;6004.0;8907.0;8907.0;0.0;15233.0;5705.0;11463.0;3134.0;10697.0;both;Alto Santo - CE;35944.0;34393.0;12906.0;37.52;both
2300705;Alto Santo - CE;2004;6709.0;8457.0;8457.0;0.0;15590.0;5836.0;11693.0;3168.0;10458.0;both;Alto Santo - CE;38299.0;36628.0;14119.0;38.55;both
2300705;Alto Santo - CE;2005;5050.0;7886.0;7831.0;0.006974384986051185;17269.0;5952.0;11926.0;3213.0;10672.0;both;Alto Santo - CE;40261.0;38226.0;13761.0;36.0;both
2300705;Alto Santo - CE;2006;7927.0;9055.0;9055.0;0.0;17442.0;6012.0;12105.0;3306.0;10913.0;both;Alto Santo - CE;45855.0;43793.0;16105.0;36.77;both
2300705;Alto Santo - CE;2007;5002.0;9034.0;9034.0;0.0;29188.0;9034.0;15171.0;6479.0;29746.0;both;Alto Santo - CE;55847.0;53862.0;20659.0;38.36;both
2300705;Alto Santo - CE;2008;5832.0;9007.0;8937.0;0.007771733096480493;29334.0;9395.0;15854.0;6512.0;29869.0;both;Alto Santo - CE;68922.0;66256.0;23630.0;35.67;both
2300705;Alto Santo - CE;2009;6040.0;9900.0;9900.0;0.0;29480.0;9583.0;13171.0;6564.0;30048.0;both;Alto Santo - CE;77369.0;74522.0;27287.0;36.62;both
2300705;Alto Santo - CE;2010;3165.0;7532.0;7532.0;0.0;29775.0;9631.0;13237.0;6487.0;29745.0;both;Alto Santo - CE;80559.0;75933.0;23321.0;30.71;both
2300705;Alto Santo - CE;2011;3839.0;8293.0;8293.0;0.0;29835.0;9650.0;13290.0;6389.0;29567.0;both;Alto Santo - CE;86327.0;82157.0;24722.0;30.09;both
2300705;Alto Santo - CE;2012;1426.0;6820.0;6820.0;0.0;28550.0;9661.0;13223.0;6300.0;28975.0;both;Alto Santo - CE;86036.0;81619.0;22554.0;27.63;both
2300705;Alto Santo - CE;2013;1016.0;6892.0;6724.0;0.024376088218224012;25551.0;9613.0;13157.0;6237.0;28395.0;both;Alto Santo - CE;105060.0;99736.0;27243.0;27.32;both
2300705;Alto Santo - CE;2014;1888.0;16916.0;16916.0;0.0;26100.0;6030.0;24432.0;6677.0;32649.0;both;Alto Santo - CE;125514.0;119781.0;29528.0;24.65;both
2300705;Alto Santo - CE;2015;1005.0;15951.0;1316.0;0.9174973355902452;25306.0;9245.0;24020.0;6501.0;31996.0;both;Alto Santo - CE;129449.0;123316.0;33261.0;26.97;both
2300705;Alto Santo - CE;2016;1090.0;12408.0;12408.0;0.0;24500.0;10600.0;24200.0;6720.0;32100.0;both;Alto Santo - CE;132993.0;126272.0;30557.0;24.2;both
2300705;Alto Santo - CE;2017;906.0;7015.0;7015.0;0.0;24010.0;11130.0;25068.0;7019.0;32421.0;both;Alto Santo - CE;145319.0;137422.0;35348.0;25.72;both
2300705;Alto Santo - CE;2018;4766.0;7039.0;7039.0;0.0;26411.0;11464.0;25318.0;7700.0;33070.0;both;Alto Santo - CE;155351.0;148433.0;41507.0;27.96;both
2300705;Alto Santo - CE;2019;6493.0;8721.0;8721.0;0.0;26780.0;11693.0;25065.0;6930.0;28110.0;both;Alto Santo - CE;182898.0;172283.0;44183.0;25.65;both
2300705;Alto Santo - CE;2020;5839.0;7490.0;7490.0;0.0;28200.0;12161.0;26318.0;7900.0;30921.0;both;Alto Santo - CE;209108.0;199807.0;65240.0;32.65;both
2300705;Alto Santo - CE;2021;5947.0;7554.0;7554.0;0.0;28482.0;12404.0;26844.0;7979.0;31539.0;both;Alto Santo - CE;232268.0;221396.0;72845.0;32.9;both
2300705;Alto Santo - CE;2022;9155.0;7591.0;7591.0;0.0;28200.0;12280.0;27381.0;8138.0;32170.0;both;Alto Santo - CE;240389.0;;;;both
2300705;Alto Santo - CE;2023;5563.0;10624.0;10624.0;0.0;28482.0;10438.0;21905.0;7744.0;30561.0;both;Alto Santo - CE;273863.0;;;;both
2300705;Alto Santo - CE;2024;9406.0;10942.0;10942.0;0.0;29906.0;9394.0;20153.0;7434.0;30867.0;both;;;;;;left_only
2300754;Amontada - CE;2003;52678.0;25641.0;25641.0;0.0;10858.0;4650.0;9376.0;6504.0;61699.0;both;Amontada - CE;117176.0;114608.0;19395.0;16.92;both
2300754;Amontada - CE;2004;48384.0;25922.0;25922.0;0.0;9920.0;4743.0;9620.0;6178.0;60784.0;both;Amontada - CE;130447.0;127247.0;22192.0;17.44;both
2300754;Amontada - CE;2005;43931.0;26788.0;26788.0;0.0;10020.0;5000.0;10000.0;6266.0;61392.0;both;Amontada - CE;154484.0;150827.0;20541.0;13.62;both
2300754;Amontada - CE;2006;61152.0;26572.0;26572.0;0.0;10045.0;5075.0;10250.0;6363.0;61479.0;both;Amontada - CE;165374.0;161377.0;25080.0;15.54;both
2300754;Amontada - CE;2007;29949.0;26413.0;26413.0;0.0;10497.0;5278.0;10711.0;6010.0;60683.0;both;Amontada - CE;151945.0;147792.0;19638.0;13.29;both
2300754;Amontada - CE;2008;62438.0;26624.0;26624.0;0.0;10570.0;5532.0;11139.0;6150.0;61999.0;both;Amontada - CE;191631.0;185977.0;29681.0;15.96;both
2300754;Amontada - CE;2009;42864.0;27235.0;25065.0;0.0796768863594639;10654.0;5753.0;11530.0;6178.0;63382.0;both;Amontada - CE;203450.0;198040.0;27506.0;13.89;both
2300754;Amontada - CE;2010;29191.0;22714.0;22714.0;0.0;10680.0;6042.0;12106.0;6235.0;63702.0;both;Amontada - CE;240831.0;232912.0;24660.0;10.59;both
2300754;Amontada - CE;2011;64296.0;27098.0;27098.0;0.0;10705.0;6332.0;12650.0;6323.0;65296.0;both;Amontada - CE;298074.0;289604.0;39762.0;13.73;both
2300754;Amontada - CE;2012;40425.0;26468.0;26468.0;0.0;13750.0;7250.0;14120.0;6523.0;67120.0;both;Amontada - CE;288676.0;277069.0;41622.0;15.02;both
2300754;Amontada - CE;2013;20846.0;20814.0;20814.0;0.0;13705.0;7358.0;14475.0;6598.0;66374.0;both;Amontada - CE;285779.0;270279.0;39361.0;14.56;both
2300754;Amontada - CE;2014;17492.0;19624.0;19624.0;0.0;12249.0;7395.0;14547.0;6070.0;63055.0;both;Amontada - CE;366321.0;347126.0;37770.0;10.88;both
2300754;Amontada - CE;2015;17857.0;21216.0;21216.0;0.0;11637.0;7025.0;13820.0;4553.0;62425.0;both;Amontada - CE;318742.0;299939.0;33694.0;11.23;both
2300754;Amontada - CE;2016;15902.0;19705.0;19705.0;0.0;11786.0;7046.0;13822.0;4575.0;62432.0;both;Amontada - CE;421866.0;400368.0;30586.0;7.64;both
2300754;Amontada - CE;2017;27753.0;18278.0;18278.0;0.0;11712.0;7054.0;13840.0;4582.0;62512.0;both;Amontada - CE;431415.0;410627.0;48660.0;11.85;both
2300754;Amontada - CE;2018;38676.0;18881.0;18881.0;0.0;11126.0;5643.0;13148.0;5498.0;68763.0;both;Amontada - CE;439712.0;416015.0;47396.0;11.39;both
2300754;Amontada - CE;2019;35959.0;18441.0;18441.0;0.0;11070.0;5587.0;12753.0;5526.0;70138.0;both;Amontada - CE;516670.0;486248.0;36080.0;7.42;both
2300754;Amontada - CE;2020;34870.0;18570.0;18570.0;0.0;10795.0;5560.0;12690.0;5554.0;70840.0;both;Amontada - CE;536471.0;506768.0;44274.0;8.74;both
2300754;Amontada - CE;2021;32954.0;19061.0;19061.0;0.0;10579.0;5282.0;12056.0;5276.0;71548.0;both;Amontada - CE;665472.0;626991.0;54293.0;8.66;both
2300754;Amontada - CE;2022;28569.0;19952.0;19952.0;0.0;9944.0;5176.0;11814.0;5197.0;70832.0;both;Amontada - CE;684586.0;;;;both
2300754;Amontada - CE;2023;42102.0;19881.0;19881.0;0.0;9994.0;5072.0;11577.0;5114.0;70124.0;both;Amontada - CE;808126.0;;;;both
2300754;Amontada - CE;2024;47711.0;20227.0;20227.0;0.0;10044.0;4996.0;11345.0;5063.0;69423.0;both;;;;;;left_only
2300804;Antonina do Norte - CE;2003;1549.0;2032.0;2032.0;0.0;3541.0;1025.0;2911.0;830.0;5410.0;both;Antonina do Norte - CE;13430.0;12686.0;1841.0;14.52;both
2300804;Antonina do Norte - CE;2004;802.0;2431.0;2431.0;0.0;3513.0;1101.0;3079.0;873.0;5716.0;both;Antonina do Norte - CE;14399.0;13487.0;1600.0;11.86;both
2300804;Antonina do Norte - CE;2005;713.0;1673.0;1673.0;0.0;3607.0;1167.0;3242.0;871.0;5778.0;both;Antonina do Norte - CE;16694.0;15746.0;1825.0;11.59;both
2300804;Antonina do Norte - CE;2006;2562.0;2704.0;2704.0;0.0;3659.0;1192.0;3353.0;883.0;5878.0;both;Antonina do Norte - CE;21001.0;19855.0;3211.0;16.17;both
2300804;Antonina do Norte - CE;2007;1090.0;3155.0;3155.0;0.0;3637.0;1262.0;3427.0;874.0;5718.0;both;Antonina do Norte - CE;20701.0;19589.0;2526.0;12.9;both
2300804;Antonina do Norte - CE;2008;2543.0;2744.0;2744.0;0.0;3649.0;1289.0;3606.0;925.0;5900.0;both;Antonina do Norte - CE;26524.0;25191.0;4068.0;16.15;both
2300804;Antonina do Norte - CE;2009;1054.0;2243.0;2243.0;0.0;3667.0;1377.0;3688.0;961.0;6106.0;both;Antonina do Norte - CE;26379.0;24993.0;2759.0;11.04;both
2300804;Antonina do Norte - CE;2010;308.0;1285.0;1285.0;0.0;3592.0;1385.0;3706.0;941.0;6141.0;both;Antonina do Norte - CE;28053.0;26527.0;1808.0;6.81;both
2300804;Antonina do Norte - CE;2011;1906.0;1425.0;1425.0;0.0;3647.0;1417.0;3785.0;982.0;6364.0;both;Antonina do Norte - CE;33422.0;31715.0;4567.0;14.4;both
2300804;Antonina do Norte - CE;2012;474.0;1230.0;1224.0;0.004878048780487809;4778.0;1536.0;3998.0;936.0;6179.0;both;Antonina do Norte - CE;36463.0;34517.0;4308.0;12.48;both
2300804;Antonina do Norte - CE;2013;295.0;774.0;774.0;0.0;4252.0;1766.0;4597.0;1029.0;6796.0;both;Antonina do Norte - CE;41968.0;39882.0;6135.0;15.38;both
2300804;Antonina do Norte - CE;2014;418.0;1241.0;1241.0;0.0;4281.0;1490.0;4928.0;842.0;6500.0;both;Antonina do Norte - CE;48522.0;46327.0;4388.0;9.47;both
2300804;Antonina do Norte - CE;2015;136.0;643.0;642.0;0.0015552099533436836;3919.0;1314.0;4610.0;599.0;7500.0;both;Antonina do Norte - CE;47877.0;45381.0;1986.0;4.38;both
2300804;Antonina do Norte - CE;2016;110.0;1301.0;1301.0;0.0;3558.0;1533.0;4730.0;393.0;4900.0;both;Antonina do Norte - CE;51626.0;48868.0;1795.0;3.67;both
2300804;Antonina do Norte - CE;2017;673.0;1440.0;1440.0;0.0;3459.0;1800.0;4780.0;443.0;6000.0;both;Antonina do Norte - CE;57873.0;54417.0;3170.0;5.83;both
2300804;Antonina do Norte - CE;2018;383.0;980.0;980.0;0.0;3558.0;1600.0;4800.0;400.0;7000.0;both;Antonina do Norte - CE;54721.0;52183.0;2321.0;4.45;both
2300804;Antonina do Norte - CE;2019;390.0;932.0;932.0;0.0;3730.0;1500.0;4320.0;330.0;7350.0;both;Antonina do Norte - CE;64406.0;60323.0;2385.0;3.95;both
2300804;Antonina do Norte - CE;2020;1192.0;942.0;942.0;0.0;3900.0;1600.0;5000.0;320.0;7200.0;both;Antonina do Norte - CE;68907.0;65155.0;4979.0;7.64;both
2300804;Antonina do Norte - CE;2021;836.0;1451.0;1451.0;0.0;3683.0;2069.0;5650.0;371.0;5040.0;both;Antonina do Norte - CE;78953.0;74388.0;5681.0;7.64;both
2300804;Antonina do Norte - CE;2022;673.0;1165.0;1165.0;0.0;3983.0;2172.0;5080.0;500.0;4535.0;both;Antonina do Norte - CE;89238.0;;;;both
2300804;Antonina do Norte - CE;2023;850.0;1160.0;1160.0;0.0;4489.0;2241.0;5232.0;550.0;4195.0;both;Antonina do Norte - CE;101191.0;;;;both
2300804;Antonina do Norte - CE;2024;670.0;1060.0;1060.0;0.0;4727.0;2128.0;4970.0;570.0;4824.0;both;;;;;;left_only
2300903;Apuiarés - CE;2003;1224.0;2395.0;2395.0;0.0;7357.0;3564.0;6139.0;3575.0;23687.0;both;Apuiarés - CE;19824.0;19108.0;2930.0;15.34;both
2300903;Apuiarés - CE;2004;618.0;1330.0;1330.0;0.0;7322.0;3742.0;6507.0;3642.0;24714.0;both;Apuiarés - CE;21485.0;20577.0;2691.0;13.08;both
2300903;Apuiarés - CE;2005;678.0;1550.0;1550.0;0.0;7395.0;3854.0;6702.0;3754.0;25375.0;both;Apuiarés - CE;26531.0;25423.0;3082.0;12.12;both
2300903;Apuiarés - CE;2006;1155.0;1340.0;1340.0;0.0;7425.0;3970.0;6970.0;3811.0;25783.0;both;Apuiarés - CE;30582.0;29276.0;3671.0;12.54;both
2300903;Apuiarés - CE;2007;646.0;1641.0;1641.0;0.0;7499.0;4128.0;7318.0;3952.0;26988.0;both;Apuiarés - CE;31683.0;30450.0;3157.0;10.37;both
2300903;Apuiarés - CE;2008;1310.0;1841.0;1841.0;0.0;7548.0;4293.0;7684.0;4065.0;28134.0;both;Apuiarés - CE;38962.0;37505.0;4234.0;11.29;both
2300903;Apuiarés - CE;2009;935.0;1801.0;1801.0;0.0;7623.0;4465.0;8068.0;4189.0;29169.0;both;Apuiarés - CE;42272.0;40748.0;4450.0;10.92;both
2300903;Apuiarés - CE;2010;637.0;2073.0;2073.0;0.0;6707.0;4666.0;8496.0;4298.0;30533.0;both;Apuiarés - CE;49057.0;46812.0;4050.0;8.65;both
2300903;Apuiarés - CE;2011;1933.0;2060.0;2060.0;0.0;6774.0;4806.0;8836.0;4381.0;31505.0;both;Apuiarés - CE;55136.0;52786.0;6379.0;12.09;both
2300903;Apuiarés - CE;2012;305.0;1271.0;1266.0;0.003933910306844979;6706.0;4950.0;9189.0;4406.0;32135.0;both;Apuiarés - CE;56220.0;53402.0;4717.0;8.83;both
2300903;Apuiarés - CE;2013;486.0;1042.0;1042.0;0.0;5560.0;5445.0;9648.0;4494.0;32778.0;both;Apuiarés - CE;66228.0;63289.0;5649.0;8.92;both
2300903;Apuiarés - CE;2014;730.0;1907.0;1907.0;0.0;5549.0;5553.0;9840.0;4179.0;34416.0;both;Apuiarés - CE;79514.0;76114.0;6426.0;8.44;both
2300903;Apuiarés - CE;2015;324.0;2656.0;2656.0;0.0;5350.0;6100.0;9764.0;4005.0;35793.0;both;Apuiarés - CE;86910.0;82654.0;4981.0;6.03;both
2300903;Apuiarés - CE;2016;172.0;1923.0;1923.0;0.0;4350.0;4880.0;7811.0;3924.0;30424.0;both;Apuiarés - CE;92827.0;88143.0;4146.0;4.7;both
2300903;Apuiarés - CE;2017;1983.0;3291.0;3291.0;0.0;4872.0;5124.0;8202.0;3846.0;30728.0;both;Apuiarés - CE;114655.0;108878.0;7049.0;6.47;both
2300903;Apuiarés - CE;2018;3181.0;4047.0;4047.0;0.0;4726.0;6700.0;10820.0;4615.0;31343.0;both;Apuiarés - CE;104223.0;99711.0;8578.0;8.6;both
2300903;Apuiarés - CE;2019;2759.0;4154.0;4154.0;0.0;4840.0;6550.0;10650.0;4430.0;32252.0;both;Apuiarés - CE;113872.0;107611.0;9327.0;8.67;both
2300903;Apuiarés - CE;2020;3232.0;4163.0;4163.0;0.0;4923.0;6618.0;10692.0;4534.0;33152.0;both;Apuiarés - CE;112397.0;107086.0;13233.0;12.36;both
2300903;Apuiarés - CE;2021;1695.0;4704.0;4704.0;0.0;4870.0;6680.0;10730.0;4450.0;33620.0;both;Apuiarés - CE;120978.0;114370.0;11491.0;10.05;both
2300903;Apuiarés - CE;2022;3156.0;5028.0;5028.0;0.0;4901.0;6748.0;10806.0;4402.0;34079.0;both;Apuiarés - CE;134458.0;;;;both
2300903;Apuiarés - CE;2023;3542.0;5826.0;5826.0;0.0;4912.0;6667.0;10714.0;4379.0;39800.0;both;Apuiarés - CE;166864.0;;;;both
2300903;Apuiarés - CE;2024;4308.0;5225.0;5225.0;0.0;4945.0;6520.0;10590.0;4339.0;42750.0;both;;;;;;left_only
2301000;Aquiraz - CE;2003;75282.0;4730.0;4730.0;0.0;12513.0;1260.0;4410.0;6194.0;1506308.0;both;Aquiraz - CE;272761.0;229877.0;27252.0;11.86;both
2301000;Aquiraz - CE;2004;75913.0;4146.0;4146.0;0.0;12550.0;1305.0;4604.0;6237.0;1532160.0;both;Aquiraz - CE;322330.0;279182.0;28439.0;10.19;both
2301000;Aquiraz - CE;2005;75977.0;4185.0;4185.0;0.0;12610.0;1350.0;4736.0;6278.0;1570805.0;both;Aquiraz - CE;344180.0;296991.0;31796.0;10.71;both
2301000;Aquiraz - CE;2006;82431.0;4350.0;4350.0;0.0;10580.0;1405.0;4801.0;6190.0;1759125.0;both;Aquiraz - CE;371462.0;319489.0;35148.0;11.0;both
2301000;Aquiraz - CE;2007;77187.0;4040.0;4040.0;0.0;10650.0;1430.0;4900.0;6241.0;1923322.0;both;Aquiraz - CE;408212.0;347097.0;38619.0;11.13;both
2301000;Aquiraz - CE;2008;78655.0;4100.0;4100.0;0.0;10665.0;1450.0;4960.0;6263.0;1856210.0;both;Aquiraz - CE;528899.0;453447.0;42120.0;9.29;both
2301000;Aquiraz - CE;2009;80960.0;4162.0;4162.0;0.0;10451.0;1505.0;4990.0;6295.0;1801557.0;both;Aquiraz - CE;615087.0;524976.0;43910.0;8.36;both
2301000;Aquiraz - CE;2010;82669.0;3302.0;3302.0;0.0;10615.0;1490.0;4895.0;6334.0;1990962.0;both;Aquiraz - CE;768348.0;640883.0;51691.0;8.07;both
2301000;Aquiraz - CE;2011;82905.0;3562.0;3562.0;0.0;10930.0;1498.0;4905.0;6361.0;1937364.0;both;Aquiraz - CE;877881.0;734499.0;59084.0;8.04;both
2301000;Aquiraz - CE;2012;86185.0;3427.0;3427.0;0.0;9290.0;1250.0;3984.0;6080.0;1779768.0;both;Aquiraz - CE;1087571.0;900008.0;56636.0;6.29;both
2301000;Aquiraz - CE;2013;48890.0;2430.0;2430.0;0.0;11397.0;658.0;4968.0;5897.0;2293617.0;both;Aquiraz - CE;1548885.0;1284922.0;84197.0;6.55;both
2301000;Aquiraz - CE;2014;51042.0;2869.0;2869.0;0.0;12991.0;655.0;5455.0;6469.0;2215368.0;both;Aquiraz - CE;1651351.0;1349243.0;87725.0;6.5;both
2301000;Aquiraz - CE;2015;49306.0;2584.0;2584.0;0.0;12520.0;750.0;6958.0;6473.0;2217702.0;both;Aquiraz - CE;1828068.0;1485985.0;91871.0;6.18;both
2301000;Aquiraz - CE;2016;36090.0;2230.0;2230.0;0.0;12165.0;693.0;5870.0;13344.0;1720993.0;both;Aquiraz - CE;2157485.0;1707590.0;82217.0;4.81;both
2301000;Aquiraz - CE;2017;46891.0;2222.0;2222.0;0.0;10399.0;772.0;6284.0;11600.0;1926233.0;both;Aquiraz - CE;2205947.0;1767855.0;84146.0;4.76;both
2301000;Aquiraz - CE;2018;9930.0;1478.0;1478.0;0.0;12050.0;1203.0;6738.0;12010.0;3305332.0;both;Aquiraz - CE;1932049.0;1596686.0;83063.0;5.2;both
2301000;Aquiraz - CE;2019;13015.0;1623.0;1623.0;0.0;12278.0;1251.0;6906.0;12250.0;2149804.0;both;Aquiraz - CE;2632144.0;2126974.0;80318.0;3.78;both
2301000;Aquiraz - CE;2020;20546.0;1746.0;1746.0;0.0;10146.0;1050.0;6409.0;15742.0;1739403.0;both;Aquiraz - CE;3375728.0;2432751.0;82760.0;3.4;both
2301000;Aquiraz - CE;2021;19107.0;1920.0;1920.0;0.0;9850.0;958.0;6281.0;18762.0;1412047.0;both;Aquiraz - CE;3854401.0;2851024.0;94738.0;3.32;both
2301000;Aquiraz - CE;2022;18230.0;2102.0;2102.0;0.0;8865.0;910.0;5966.0;18197.0;1503830.0;both;Aquiraz - CE;4429050.0;;;;both
2301000;Aquiraz - CE;2023;14105.0;2023.0;2023.0;0.0;8790.0;890.0;5900.0;17230.0;1415980.0;both;Aquiraz - CE;4851008.0;;;;both
2301000;Aquiraz - CE;2024;15636.0;2021.0;2011.0;0.004948045522018774;8983.0;756.0;6300.0;17830.0;1405670.0;both;;;;;;left_only
2301109;Aracati - CE;2003;23920.0;20251.0;20251.0;0.0;6412.0;3734.0;10211.0;2470.0;26878.0;both;Aracati - CE;257054.0;236388.0;32891.0;13.91;both
2301109;Aracati - CE;2004;28933.0;20961.0;20961.0;0.0;6579.0;4003.0;11099.0;2536.0;27715.0;both;Aracati - CE;314128.0;288131.0;35488.0;12.32;both
2301109;Aracati - CE;2005;28894.0;20801.0;20801.0;0.0;6879.0;4379.0;12275.0;2626.0;28911.0;both;Aracati - CE;328460.0;301960.0;35838.0;11.87;both
2301109;Aracati - CE;2006;38989.0;22171.0;22171.0;0.0;7078.0;4664.0;13195.0;2717.0;30100.0;both;Aracati - CE;356955.0;328800.0;40621.0;12.35;both
2301109;Aracati - CE;2007;39153.0;21688.0;21688.0;0.0;7290.0;4878.0;14053.0;2852.0;32508.0;both;Aracati - CE;366286.0;339853.0;43665.0;12.85;both
2301109;Aracati - CE;2008;47261.0;23101.0;23101.0;0.0;7509.0;5068.0;14545.0;2964.0;33425.0;both;Aracati - CE;433185.0;402181.0;54100.0;13.45;both
2301109;Aracati - CE;2009;40004.0;22735.0;22735.0;0.0;7705.0;5215.0;15013.0;3073.0;34519.0;both;Aracati - CE;472207.0;434466.0;54147.0;12.46;both
2301109;Aracati - CE;2010;46946.0;20859.0;20859.0;0.0;7928.0;5371.0;15508.0;3179.0;35600.0;both;Aracati - CE;577081.0;527487.0;52203.0;9.9;both
2301109;Aracati - CE;2011;56909.0;24365.0;24365.0;0.0;8174.0;5570.0;16113.0;3296.0;36808.0;both;Aracati - CE;709558.0;660117.0;66101.0;10.01;both
2301109;Aracati - CE;2012;64328.0;22376.0;22376.0;0.0;8403.0;5804.0;16806.0;3420.0;38029.0;both;Aracati - CE;871921.0;806789.0;82565.0;10.23;both
2301109;Aracati - CE;2013;60985.0;21180.0;21180.0;0.0;8151.0;6129.0;17848.0;3536.0;39626.0;both;Aracati - CE;990305.0;907584.0;99779.0;10.99;both
2301109;Aracati - CE;2014;53287.0;17235.0;17235.0;0.0;7056.0;6713.0;19497.0;3709.0;41845.0;both;Aracati - CE;1084381.0;992808.0;107234.0;10.8;both
2301109;Aracati - CE;2015;46364.0;21617.0;21617.0;0.0;6982.0;7026.0;20254.0;3786.0;43126.0;both;Aracati - CE;1162571.0;1056059.0;126953.0;12.02;both
2301109;Aracati - CE;2016;25989.0;20170.0;20170.0;0.0;6832.0;7384.0;20964.0;3931.0;44076.0;both;Aracati - CE;1217460.0;1109661.0;116906.0;10.54;both
2301109;Aracati - CE;2017;32330.0;13930.0;13930.0;0.0;6048.0;5239.0;14786.0;4036.0;45643.0;both;Aracati - CE;1275711.0;1169060.0;120354.0;10.29;both
2301109;Aracati - CE;2018;29960.0;12381.0;12381.0;0.0;6342.0;5423.0;14967.0;4122.0;44732.0;both;Aracati - CE;1137552.0;1043976.0;109146.0;10.45;both
2301109;Aracati - CE;2019;33183.0;12505.0;12505.0;0.0;6897.0;5879.0;14267.0;4198.0;46872.0;both;Aracati - CE;1406372.0;1273136.0;122321.0;9.61;both
2301109;Aracati - CE;2020;33946.0;12109.0;12109.0;0.0;6947.0;6023.0;14523.0;4247.0;48235.0;both;Aracati - CE;1479940.0;1358014.0;149452.0;11.01;both
2301109;Aracati - CE;2021;32369.0;12202.0;12202.0;0.0;7155.0;6517.0;15874.0;4425.0;51708.0;both;Aracati - CE;1706227.0;1556593.0;130621.0;8.39;both
2301109;Aracati - CE;2022;37742.0;12608.0;12608.0;0.0;7355.0;6738.0;16572.0;4765.0;53931.0;both;Aracati - CE;1791174.0;;;;both
2301109;Aracati - CE;2023;26983.0;12274.0;12274.0;0.0;6472.0;7234.0;17654.0;5674.0;58764.0;both;Aracati - CE;1966473.0;;;;both
2301109;Aracati - CE;2024;41254.0;13292.0;13292.0;0.0;6787.0;7793.0;19094.0;6754.0;62435.0;both;;;;;;left_only
2301208;Aracoiaba - CE;2003;8040.0;10834.0;10834.0;0.0;10408.0;827.0;2586.0;3039.0;35410.0;both;Aracoiaba - CE;47535.0;45550.0;7998.0;17.56;both
2301208;Aracoiaba - CE;2004;6940.0;9384.0;9384.0;0.0;10472.0;843.0;2605.0;3075.0;35795.0;both;Aracoiaba - CE;50677.0;48196.0;7178.0;14.89;both
2301208;Aracoiaba - CE;2005;6994.0;9408.0;9408.0;0.0;10589.0;846.0;2623.0;3103.0;35972.0;both;Aracoiaba - CE;56749.0;54174.0;7757.0;14.32;both
2301208;Aracoiaba - CE;2006;8344.0;9407.0;9407.0;0.0;10709.0;849.0;2642.0;3138.0;36329.0;both;Aracoiaba - CE;64130.0;60983.0;8417.0;13.8;both
2301208;Aracoiaba - CE;2007;5952.0;10100.0;10100.0;0.0;10834.0;855.0;2666.0;3180.0;36799.0;both;Aracoiaba - CE;67604.0;64495.0;8040.0;12.47;both
2301208;Aracoiaba - CE;2008;9385.0;10715.0;10715.0;0.0;10961.0;864.0;2697.0;3223.0;37280.0;both;Aracoiaba - CE;84135.0;80435.0;11220.0;13.95;both
2301208;Aracoiaba - CE;2009;6454.0;11201.0;11201.0;0.0;11092.0;879.0;2736.0;3271.0;37780.0;both;Aracoiaba - CE;93793.0;90057.0;14213.0;15.78;both
2301208;Aracoiaba - CE;2010;4407.0;9908.0;9908.0;0.0;11229.0;899.0;2784.0;3326.0;38294.0;both;Aracoiaba - CE;98749.0;94686.0;9758.0;10.31;both
2301208;Aracoiaba - CE;2011;9988.0;11566.0;11566.0;0.0;11370.0;922.0;2836.0;3389.0;38836.0;both;Aracoiaba - CE;118202.0;113861.0;20748.0;18.22;both
2301208;Aracoiaba - CE;2012;2766.0;8301.0;8301.0;0.0;11583.0;868.0;2696.0;3187.0;370121.0;both;Aracoiaba - CE;119216.0;113919.0;14798.0;12.99;both
2301208;Aracoiaba - CE;2013;4526.0;8296.0;8296.0;0.0;10808.0;894.0;2752.0;3250.0;402411.0;both;Aracoiaba - CE;138521.0;132748.0;16540.0;12.46;both
2301208;Aracoiaba - CE;2014;5601.0;11282.0;11282.0;0.0;10890.0;919.0;2820.0;3359.0;405211.0;both;Aracoiaba - CE;161504.0;155123.0;17008.0;10.96;both
2301208;Aracoiaba - CE;2015;2478.0;9041.0;9041.0;0.0;9090.0;929.0;2843.0;3468.0;408200.0;both;Aracoiaba - CE;175639.0;167504.0;15811.0;9.44;both
2301208;Aracoiaba - CE;2016;2060.0;9195.0;9195.0;0.0;8945.0;934.0;2850.0;3500.0;410300.0;both;Aracoiaba - CE;190898.0;182187.0;18011.0;9.89;both
2301208;Aracoiaba - CE;2017;5137.0;10520.0;10520.0;0.0;11185.0;2204.0;3684.0;2400.0;494290.0;both;Aracoiaba - CE;205049.0;194569.0;25653.0;13.18;both
2301208;Aracoiaba - CE;2018;8472.0;10557.0;10557.0;0.0;9855.0;2100.0;3825.0;2200.0;503120.0;both;Aracoiaba - CE;200079.0;191475.0;25244.0;13.18;both
2301208;Aracoiaba - CE;2019;8530.0;10614.0;10614.0;0.0;10052.0;2142.0;3863.0;2266.0;615000.0;both;Aracoiaba - CE;229871.0;217997.0;26681.0;12.24;both
2301208;Aracoiaba - CE;2020;9740.0;10868.0;10868.0;0.0;10253.0;2185.0;3902.0;2334.0;707250.0;both;Aracoiaba - CE;262020.0;249645.0;36302.0;14.54;both
2301208;Aracoiaba - CE;2021;6881.0;10812.0;10812.0;0.0;10852.0;1759.0;4100.0;2707.0;980000.0;both;Aracoiaba - CE;266422.0;250845.0;42995.0;17.14;both
2301208;Aracoiaba - CE;2022;7023.0;10598.0;10598.0;0.0;9300.0;1650.0;4000.0;2842.0;1029000.0;both;Aracoiaba - CE;285457.0;;;;both
2301208;Aracoiaba - CE;2023;6098.0;11265.0;11265.0;0.0;10700.0;1400.0;3400.0;3380.0;1234800.0;both;Aracoiaba - CE;336284.0;;;;both
2301208;Aracoiaba - CE;2024;6408.0;10339.0;10339.0;0.0;10807.0;1200.0;2500.0;3718.0;1358280.0;both;;;;;;left_only
2301257;Ararendá - CE;2003;7327.0;5366.0;5366.0;0.0;5504.0;1591.0;6085.0;5884.0;30640.0;both;Ararendá - CE;18525.0;18089.0;4770.0;26.37;both
2301257;Ararendá - CE;2004;6659.0;5106.0;5106.0;0.0;5421.0;1630.0;6267.0;5736.0;30026.0;both;Ararendá - CE;19619.0;19042.0;4811.0;25.26;both
2301257;Ararendá - CE;2005;4432.0;4245.0;4245.0;0.0;5353.0;1662.0;6423.0;5620.0;29705.0;both;Ararendá - CE;21276.0;20622.0;4032.0;19.55;both
2301257;Ararendá - CE;2006;7409.0;4270.0;4270.0;0.0;5406.0;1689.0;6577.0;5683.0;30138.0;both;Ararendá - CE;25096.0;24320.0;5122.0;21.06;both
2301257;Ararendá - CE;2007;3435.0;4088.0;4088.0;0.0;5487.0;1714.0;6708.0;5740.0;30496.0;both;Ararendá - CE;26012.0;25216.0;3860.0;15.31;both
2301257;Ararendá - CE;2008;7365.0;3800.0;3800.0;0.0;5425.0;1730.0;6775.0;5777.0;30648.0;both;Ararendá - CE;33394.0;32457.0;6559.0;20.21;both
2301257;Ararendá - CE;2009;4337.0;3834.0;3834.0;0.0;5370.0;1747.0;6910.0;5833.0;31260.0;both;Ararendá - CE;33554.0;32470.0;4203.0;12.95;both
2301257;Ararendá - CE;2010;1158.0;2031.0;2021.0;0.00492368291482026;5235.0;1720.0;6806.0;5740.0;30790.0;both;Ararendá - CE;35048.0;33823.0;3060.0;9.05;both
2301257;Ararendá - CE;2011;8354.0;3805.0;3805.0;0.0;5390.0;1763.0;6942.0;5854.0;31404.0;both;Ararendá - CE;44552.0;43198.0;8675.0;20.08;both
2301257;Ararendá - CE;2012;2116.0;3113.0;3078.0;0.011243173787343408;7282.0;1736.0;6872.0;5762.0;30932.0;both;Ararendá - CE;43566.0;41790.0;5170.0;12.37;both
2301257;Ararendá - CE;2013;1159.0;1863.0;1863.0;0.0;6818.0;1701.0;6800.0;5656.0;30300.0;both;Ararendá - CE;47808.0;46206.0;4284.0;9.27;both
2301257;Ararendá - CE;2014;3244.0;1823.0;1823.0;0.0;6615.0;1673.0;6691.0;5571.0;29846.0;both;Ararendá - CE;57693.0;55997.0;6653.0;11.88;both
2301257;Ararendá - CE;2015;2561.0;2183.0;2183.0;0.0;6383.0;1706.0;6624.0;5515.0;30443.0;both;Ararendá - CE;60571.0;58083.0;6333.0;10.9;both
2301257;Ararendá - CE;2016;1810.0;2117.0;2092.0;0.01180916391119513;6191.0;1723.0;6690.0;5592.0;30900.0;both;Ararendá - CE;64808.0;62535.0;6927.0;11.08;both
2301257;Ararendá - CE;2017;3349.0;2305.0;2280.0;0.010845986984815648;5943.0;1748.0;6795.0;5703.0;31209.0;both;Ararendá - CE;78721.0;76030.0;8410.0;11.06;both
2301257;Ararendá - CE;2018;3890.0;2542.0;2542.0;0.0;6121.0;1770.0;6863.0;5760.0;31490.0;both;Ararendá - CE;80503.0;78071.0;8643.0;11.07;both
2301257;Ararendá - CE;2019;2767.0;2196.0;2196.0;0.0;6212.0;1800.0;6950.0;5806.0;31930.0;both;Ararendá - CE;84732.0;81427.0;8028.0;9.86;both
2301257;Ararendá - CE;2020;3960.0;2170.0;2170.0;0.0;6340.0;1825.0;7054.0;5865.0;32505.0;both;Ararendá - CE;88851.0;85624.0;11109.0;12.97;both
2301257;Ararendá - CE;2021;3115.0;2232.0;2232.0;0.0;6080.0;1860.0;7200.0;5335.0;29255.0;both;Ararendá - CE;106784.0;101963.0;13293.0;13.04;both
2301257;Ararendá - CE;2022;2162.0;2266.0;2266.0;0.0;5500.0;1711.0;6768.0;4800.0;26915.0;both;Ararendá - CE;117634.0;;;;both
2301257;Ararendá - CE;2023;1743.0;2349.0;2349.0;0.0;5060.0;1540.0;6158.0;4368.0;27184.0;both;Ararendá - CE;143424.0;;;;both
2301257;Ararendá - CE;2024;1949.0;2294.0;2294.0;0.0;4756.0;1417.0;5696.0;3931.0;26097.0;both;;;;;;left_only
2301307;Araripe - CE;2003;44492.0;9670.0;9670.0;0.0;10005.0;709.0;1527.0;3726.0;43329.0;both;Araripe - CE;39224.0;37970.0;11154.0;29.38;both
2301307;Araripe - CE;2004;40577.0;8680.0;8680.0;0.0;10051.0;1268.0;1671.0;3794.0;41861.0;both;Araripe - CE;39441.0;37828.0;8048.0;21.28;both
2301307;Araripe - CE;2005;50980.0;9925.0;9925.0;0.0;10197.0;1301.0;1792.0;3823.0;41937.0;both;Araripe - CE;46583.0;44740.0;8968.0;20.04;both
2301307;Araripe - CE;2006;56842.0;10393.0;10393.0;0.0;10413.0;1379.0;1927.0;3824.0;41803.0;both;Araripe - CE;54970.0;52844.0;11599.0;21.95;both
2301307;Araripe - CE;2007;35242.0;8894.0;8894.0;0.0;10501.0;1447.0;2133.0;3908.0;42587.0;both;Araripe - CE;59195.0;57159.0;9615.0;16.82;both
2301307;Araripe - CE;2008;54013.0;10498.0;10498.0;0.0;10612.0;1507.0;2276.0;4036.0;43794.0;both;Araripe - CE;73651.0;71217.0;15943.0;22.39;both
2301307;Araripe - CE;2009;46621.0;12075.0;12075.0;0.0;10689.0;1593.0;2309.0;4097.0;44194.0;both;Araripe - CE;82196.0;79653.0;15556.0;19.53;both
2301307;Araripe - CE;2010;17328.0;9282.0;9282.0;0.0;10634.0;1609.0;2332.0;4037.0;44855.0;both;Araripe - CE;85919.0;83502.0;13561.0;16.24;both
2301307;Araripe - CE;2011;55992.0;10026.0;10026.0;0.0;10871.0;1672.0;2409.0;4199.0;46369.0;both;Araripe - CE;99439.0;96542.0;19727.0;20.43;both
2301307;Araripe - CE;2012;4177.0;6657.0;6657.0;0.0;19549.0;1948.0;2653.0;4133.0;43419.0;both;Araripe - CE;100588.0;96576.0;12188.0;12.62;both
2301307;Araripe - CE;2013;18169.0;6185.0;6185.0;0.0;18425.0;2240.0;3050.0;4628.0;46891.0;both;Araripe - CE;121403.0;117106.0;20900.0;17.85;both
2301307;Araripe - CE;2014;53792.0;7829.0;7829.0;0.0;17120.0;1807.0;3593.0;3409.0;48980.0;both;Araripe - CE;155186.0;150863.0;35505.0;23.53;both
2301307;Araripe - CE;2015;34680.0;7572.0;7572.0;0.0;16404.0;1987.0;3952.0;3600.0;51429.0;both;Araripe - CE;150348.0;145310.0;25852.0;17.79;both
2301307;Araripe - CE;2016;30468.0;7425.0;7425.0;0.0;14764.0;2087.0;4052.0;3240.0;54000.0;both;Araripe - CE;148355.0;143232.0;18070.0;12.62;both
2301307;Araripe - CE;2017;46598.0;7891.0;7891.0;0.0;14825.0;1800.0;5000.0;3200.0;56700.0;both;Araripe - CE;161910.0;156199.0;24379.0;15.61;both
2301307;Araripe - CE;2018;54833.0;8642.0;8642.0;0.0;13600.0;2000.0;5100.0;3000.0;58000.0;both;Araripe - CE;149593.0;144678.0;17622.0;12.18;both
2301307;Araripe - CE;2019;64975.0;8093.0;8093.0;0.0;14500.0;2100.0;5300.0;2800.0;60000.0;both;Araripe - CE;170052.0;163239.0;19431.0;11.9;both
2301307;Araripe - CE;2020;56281.0;8256.0;8256.0;0.0;16530.0;2200.0;5700.0;2700.0;58500.0;both;Araripe - CE;190607.0;184063.0;31722.0;17.23;both
2301307;Araripe - CE;2021;50030.0;9208.0;9208.0;0.0;15000.0;2250.0;5800.0;2650.0;59600.0;both;Araripe - CE;207982.0;200319.0;36361.0;18.15;both
2301307;Araripe - CE;2022;63480.0;9958.0;9958.0;0.0;15200.0;2300.0;5900.0;2700.0;60000.0;both;Araripe - CE;219194.0;;;;both
2301307;Araripe - CE;2023;82936.0;10709.0;10709.0;0.0;17500.0;2400.0;7000.0;3000.0;61200.0;both;Araripe - CE;259168.0;;;;both
2301307;Araripe - CE;2024;77247.0;11460.0;11460.0;0.0;17000.0;2231.0;7200.0;3500.0;67320.0;both;;;;;;left_only
2301406;Aratuba - CE;2003;16029.0;4935.0;4935.0;0.0;2985.0;712.0;496.0;2294.0;38091.0;both;Aratuba - CE;37429.0;36824.0;17711.0;48.1;both
2301406;Aratuba - CE;2004;17769.0;5055.0;5055.0;0.0;3013.0;722.0;505.0;2313.0;38215.0;both;Aratuba - CE;40735.0;39993.0;18712.0;46.79;both
2301406;Aratuba - CE;2005;18329.0;4186.0;4186.0;0.0;3043.0;735.0;518.0;2334.0;38347.0;both;Aratuba - CE;39869.0;39079.0;15233.0;38.98;both
2301406;Aratuba - CE;2006;20430.0;4225.0;4225.0;0.0;3076.0;749.0;532.0;2358.0;38498.0;both;Aratuba - CE;51170.0;50271.0;22640.0;45.04;both
2301406;Aratuba - CE;2007;18432.0;4267.0;4267.0;0.0;3112.0;754.0;542.0;2386.0;38576.0;both;Aratuba - CE;47805.0;46887.0;18975.0;40.47;both
2301406;Aratuba - CE;2008;21156.0;4311.0;4311.0;0.0;3152.0;761.0;553.0;2419.0;38665.0;both;Aratuba - CE;59396.0;58298.0;23744.0;40.73;both
2301406;Aratuba - CE;2009;20303.0;4314.0;4314.0;0.0;3195.0;769.0;665.0;2458.0;38771.0;both;Aratuba - CE;57495.0;56473.0;21878.0;38.74;both
2301406;Aratuba - CE;2010;20029.0;3711.0;3711.0;0.0;3243.0;779.0;677.0;2495.0;38898.0;both;Aratuba - CE;68739.0;67360.0;27128.0;40.27;both
2301406;Aratuba - CE;2011;21328.0;4578.0;4578.0;0.0;3295.0;788.0;676.0;2535.0;39034.0;both;Aratuba - CE;70954.0;69772.0;27575.0;39.52;both
2301406;Aratuba - CE;2012;16947.0;4618.0;4618.0;0.0;2835.0;760.0;647.0;2385.0;37181.0;both;Aratuba - CE;70845.0;69759.0;24213.0;34.71;both
2301406;Aratuba - CE;2013;11280.0;3920.0;3920.0;0.0;2700.0;770.0;657.0;2305.0;41260.0;both;Aratuba - CE;65219.0;63746.0;14985.0;23.51;both
2301406;Aratuba - CE;2014;15657.0;4258.0;4258.0;0.0;2719.0;780.0;363.0;2466.0;44950.0;both;Aratuba - CE;82423.0;80602.0;20683.0;25.66;both
2301406;Aratuba - CE;2015;14602.0;4407.0;4407.0;0.0;2700.0;786.0;390.0;2617.0;48450.0;both;Aratuba - CE;83743.0;81507.0;19104.0;23.44;both
2301406;Aratuba - CE;2016;10136.0;4360.0;4360.0;0.0;2589.0;794.0;385.0;2628.0;48537.0;both;Aratuba - CE;93365.0;90466.0;25357.0;28.03;both
2301406;Aratuba - CE;2017;21500.0;4911.0;4911.0;0.0;1252.0;331.0;979.0;1432.0;19415.0;both;Aratuba - CE;148415.0;145200.0;65968.0;45.43;both
2301406;Aratuba - CE;2018;10232.0;3570.0;3570.0;0.0;1185.0;305.0;852.0;1405.0;19120.0;both;Aratuba - CE;131893.0;128921.0;33886.0;26.28;both
2301406;Aratuba - CE;2019;10938.0;3459.0;3459.0;0.0;1209.0;314.0;869.0;1475.0;20458.0;both;Aratuba - CE;125472.0;121564.0;40409.0;33.24;both
2301406;Aratuba - CE;2020;11344.0;3465.0;3465.0;0.0;1233.0;323.0;886.0;1549.0;21890.0;both;Aratuba - CE;157991.0;153369.0;63344.0;41.3;both
2301406;Aratuba - CE;2021;10477.0;3463.0;3463.0;0.0;1245.0;327.0;895.0;1626.0;24079.0;both;Aratuba - CE;151645.0;146149.0;51354.0;35.14;both
2301406;Aratuba - CE;2022;11557.0;3477.0;3477.0;0.0;1350.0;310.0;940.0;1750.0;25600.0;both;Aratuba - CE;159277.0;;;;both
2301406;Aratuba - CE;2023;11749.0;3468.0;3468.0;0.0;1600.0;350.0;980.0;2000.0;30200.0;both;Aratuba - CE;191055.0;;;;both
2301406;Aratuba - CE;2024;11766.0;3984.0;3984.0;0.0;1616.0;367.0;1200.0;4000.0;31710.0;both;;;;;;left_only
2301505;Arneiroz - CE;2003;1941.0;3785.0;3785.0;0.0;10493.0;23589.0;27282.0;3697.0;17960.0;both;Arneiroz - CE;14498.0;13921.0;4404.0;31.63;both
2301505;Arneiroz - CE;2004;1108.0;4585.0;4585.0;0.0;10230.0;24060.0;28100.0;3623.0;17510.0;both;Arneiroz - CE;14949.0;14317.0;3797.0;26.52;both
2301505;Arneiroz - CE;2005;1428.0;5265.0;5265.0;0.0;10025.0;24589.0;28802.0;3567.0;17246.0;both;Arneiroz - CE;17458.0;16581.0;4603.0;27.76;both
2301505;Arneiroz - CE;2006;1900.0;4842.0;4842.0;0.0;10145.0;24957.0;29378.0;3602.0;17541.0;both;Arneiroz - CE;19318.0;18481.0;4693.0;25.39;both
2301505;Arneiroz - CE;2007;732.0;4990.0;4990.0;0.0;10246.0;25206.0;29818.0;3644.0;17786.0;both;Arneiroz - CE;20264.0;19555.0;4089.0;20.91;both
2301505;Arneiroz - CE;2008;3946.0;5590.0;5590.0;0.0;10102.0;25458.0;30005.0;3680.0;17947.0;both;Arneiroz - CE;27325.0;26374.0;8232.0;31.21;both
2301505;Arneiroz - CE;2009;1643.0;5985.0;5985.0;0.0;9950.0;25712.0;30305.0;3716.0;18215.0;both;Arneiroz - CE;26239.0;25465.0;5454.0;21.42;both
2301505;Arneiroz - CE;2010;455.0;4912.0;4912.0;0.0;9671.0;25326.0;30000.0;3678.0;17850.0;both;Arneiroz - CE;30506.0;29242.0;4396.0;15.03;both
2301505;Arneiroz - CE;2011;4150.0;6453.0;6453.0;0.0;9470.0;25700.0;30450.0;3714.0;18028.0;both;Arneiroz - CE;35038.0;33976.0;9001.0;26.49;both
2301505;Arneiroz - CE;2012;96.0;4727.0;4727.0;0.0;9185.0;25400.0;30140.0;3639.0;17795.0;both;Arneiroz - CE;33532.0;31835.0;4241.0;13.32;both
2301505;Arneiroz - CE;2013;91.0;1235.0;1235.0;0.0;8450.0;25019.0;29748.0;3520.0;17400.0;both;Arneiroz - CE;35319.0;33937.0;4546.0;13.4;both
2301505;Arneiroz - CE;2014;469.0;2765.0;2765.0;0.0;7858.0;24518.0;29153.0;3432.0;17052.0;both;Arneiroz - CE;42165.0;40643.0;5702.0;14.03;both
2301505;Arneiroz - CE;2015;460.0;3460.0;3460.0;0.0;7835.0;24935.0;28774.0;3384.0;17308.0;both;Arneiroz - CE;46165.0;44227.0;5993.0;13.55;both
2301505;Arneiroz - CE;2016;614.0;3396.0;3396.0;0.0;7796.0;25309.0;29119.0;3425.0;17481.0;both;Arneiroz - CE;50166.0;48176.0;7949.0;16.5;both
2301505;Arneiroz - CE;2017;564.0;3835.0;3835.0;0.0;7750.0;26068.0;36750.0;3493.0;17830.0;both;Arneiroz - CE;53342.0;50936.0;7178.0;14.09;both
2301505;Arneiroz - CE;2018;1276.0;4207.0;4207.0;0.0;9930.0;26798.0;37265.0;3576.0;18008.0;both;Arneiroz - CE;55550.0;53442.0;8367.0;15.66;both
2301505;Arneiroz - CE;2019;1289.0;3410.0;3410.0;0.0;10228.0;27601.0;37675.0;3647.0;18315.0;both;Arneiroz - CE;58792.0;56001.0;8543.0;15.25;both
2301505;Arneiroz - CE;2020;2541.0;3480.0;3480.0;0.0;10545.0;28567.0;38125.0;3702.0;18681.0;both;Arneiroz - CE;66320.0;63691.0;13064.0;20.51;both
2301505;Arneiroz - CE;2021;1209.0;3457.0;3457.0;0.0;9600.0;28280.0;37170.0;3350.0;17187.0;both;Arneiroz - CE;70224.0;67145.0;14423.0;21.48;both
2301505;Arneiroz - CE;2022;1418.0;3634.0;3634.0;0.0;9795.0;31110.0;39020.0;3515.0;17530.0;both;Arneiroz - CE;81651.0;;;;both
2301505;Arneiroz - CE;2023;954.0;3396.0;3396.0;0.0;10670.0;33590.0;40870.0;3330.0;18231.0;both;Arneiroz - CE;88078.0;;;;both
2301505;Arneiroz - CE;2024;2314.0;3810.0;3810.0;0.0;10480.0;32918.0;50785.0;3996.0;20965.0;both;;;;;;left_only
2301604;Assaré - CE;2003;8230.0;9361.0;9361.0;0.0;13815.0;1461.0;4691.0;7018.0;106587.0;both;Assaré - CE;42933.0;41485.0;13055.0;31.47;both
2301604;Assaré - CE;2004;5337.0;10562.0;10562.0;0.0;13781.0;1495.0;5077.0;7101.0;104289.0;both;Assaré - CE;41651.0;39935.0;10285.0;25.75;both
2301604;Assaré - CE;2005;3306.0;7742.0;7742.0;0.0;13765.0;1523.0;5269.0;6994.0;107005.0;both;Assaré - CE;45162.0;43182.0;10121.0;23.44;both
2301604;Assaré - CE;2006;10759.0;8840.0;8840.0;0.0;13891.0;1626.0;5495.0;7062.0;108331.0;both;Assaré - CE;57430.0;55293.0;16297.0;29.47;both
2301604;Assaré - CE;2007;4091.0;10118.0;10118.0;0.0;13952.0;1774.0;5611.0;6887.0;105381.0;both;Assaré - CE;58517.0;56175.0;12079.0;21.5;both
2301604;Assaré - CE;2008;13472.0;9740.0;9740.0;0.0;14173.0;1842.0;5836.0;6988.0;106579.0;both;Assaré - CE;76253.0;73300.0;20244.0;27.62;both
2301604;Assaré - CE;2009;9818.0;9148.0;9148.0;0.0;14291.0;1978.0;6092.0;7058.0;107362.0;both;Assaré - CE;98667.0;95444.0;15093.0;15.81;both
2301604;Assaré - CE;2010;2476.0;9483.0;9483.0;0.0;14196.0;1986.0;6179.0;6966.0;108004.0;both;Assaré - CE;86370.0;81734.0;9609.0;11.76;both
2301604;Assaré - CE;2011;15173.0;10748.0;10748.0;0.0;14287.0;2018.0;6287.0;7114.0;108882.0;both;Assaré - CE;112069.0;107004.0;25495.0;23.83;both
2301604;Assaré - CE;2012;1926.0;9563.0;9563.0;0.0;27417.0;2148.0;6372.0;6773.0;105558.0;both;Assaré - CE;113185.0;107592.0;20993.0;19.51;both
2301604;Assaré - CE;2013;2900.0;7747.0;7747.0;0.0;25051.0;2362.0;7009.0;7450.0;115058.0;both;Assaré - CE;141881.0;135728.0;27001.0;19.89;both
2301604;Assaré - CE;2014;10988.0;7860.0;7860.0;0.0;24454.0;3331.0;9112.0;7748.0;125068.0;both;Assaré - CE;177457.0;170762.0;47299.0;27.7;both
2301604;Assaré - CE;2015;2653.0;6659.0;6659.0;0.0;24729.0;3600.0;9700.0;8200.0;135000.0;both;Assaré - CE;160025.0;152025.0;25232.0;16.6;both
2301604;Assaré - CE;2016;582.0;4024.0;4020.0;0.0009940357852882276;19784.0;3240.0;8924.0;4920.0;67500.0;both;Assaré - CE;151369.0;143141.0;13318.0;9.3;both
2301604;Assaré - CE;2017;11709.0;10235.0;10235.0;0.0;20500.0;3000.0;10500.0;5500.0;84220.0;both;Assaré - CE;219085.0;210496.0;61792.0;29.36;both
2301604;Assaré - CE;2018;5065.0;6930.0;6930.0;0.0;20047.0;3600.0;13650.0;6200.0;75800.0;both;Assaré - CE;167912.0;160254.0;20093.0;12.54;both
2301604;Assaré - CE;2019;5098.0;6729.0;6729.0;0.0;18000.0;3700.0;15000.0;5890.0;64400.0;both;Assaré - CE;196575.0;185145.0;20164.0;10.89;both
2301604;Assaré - CE;2020;16742.0;6686.0;6686.0;0.0;24300.0;4000.0;16000.0;5500.0;63000.0;both;Assaré - CE;273547.0;262318.0;72790.0;27.75;both
2301604;Assaré - CE;2021;6837.0;7509.0;7509.0;0.0;22000.0;3800.0;15200.0;5000.0;53600.0;both;Assaré - CE;237259.0;224824.0;44520.0;19.8;both
2301604;Assaré - CE;2022;10183.0;7587.0;7587.0;0.0;22400.0;3700.0;16000.0;5100.0;54600.0;both;Assaré - CE;273041.0;;;;both
2301604;Assaré - CE;2023;6598.0;6478.0;6478.0;0.0;26000.0;3000.0;12000.0;5200.0;55000.0;both;Assaré - CE;309804.0;;;;both
2301604;Assaré - CE;2024;5693.0;5737.0;5737.0;0.0;26500.0;4500.0;15500.0;6670.0;65000.0;both;;;;;;left_only
2301703;Aurora - CE;2003;18994.0;18746.0;18746.0;0.0;18516.0;2472.0;3787.0;9340.0;87256.0;both;Aurora - CE;58390.0;56434.0;21043.0;37.29;both
2301703;Aurora - CE;2004;7980.0;11184.0;10469.0;0.0639306151645207;19145.0;2558.0;3881.0;9637.0;90174.0;both;Aurora - CE;48296.0;45910.0;9348.0;20.36;both
2301703;Aurora - CE;2005;7917.0;8685.0;8685.0;0.0;19940.0;2660.0;4022.0;10014.0;93776.0;both;Aurora - CE;55528.0;52929.0;11257.0;21.27;both
2301703;Aurora - CE;2006;18477.0;10633.0;10633.0;0.0;20762.0;2819.0;4165.0;10276.0;97921.0;both;Aurora - CE;69281.0;66317.0;18230.0;27.49;both
2301703;Aurora - CE;2007;5382.0;12691.0;12691.0;0.0;21676.0;2977.0;4298.0;10540.0;102269.0;both;Aurora - CE;65529.0;62669.0;10766.0;17.18;both
2301703;Aurora - CE;2008;15540.0;12501.0;11886.0;0.04919606431485479;22413.0;3120.0;4466.0;10864.0;107836.0;both;Aurora - CE;87216.0;84038.0;22298.0;26.53;both
2301703;Aurora - CE;2009;16882.0;12303.0;12303.0;0.0;22951.0;3239.0;4596.0;11089.0;112631.0;both;Aurora - CE;96054.0;92772.0;23443.0;25.27;both
2301703;Aurora - CE;2010;3197.0;7121.0;7121.0;0.0;23708.0;3375.0;4711.0;11425.0;117165.0;both;Aurora - CE;97152.0;89096.0;12098.0;13.58;both
2301703;Aurora - CE;2011;18170.0;14841.0;14841.0;0.0;24497.0;3514.0;4905.0;11792.0;120723.0;both;Aurora - CE;130042.0;122971.0;32052.0;26.06;both
2301703;Aurora - CE;2012;3002.0;8753.0;8753.0;0.0;26163.0;3658.0;5107.0;12170.0;124392.0;both;Aurora - CE;119568.0;111627.0;14954.0;13.4;both
2301703;Aurora - CE;2013;4187.0;5221.0;5221.0;0.0;24636.0;3758.0;5227.0;10970.0;124661.0;both;Aurora - CE;137710.0;128413.0;17376.0;13.53;both
2301703;Aurora - CE;2014;5466.0;3541.0;3541.0;0.0;25346.0;3494.0;4965.0;10311.0;124764.0;both;Aurora - CE;166863.0;156263.0;19950.0;12.77;both
2301703;Aurora - CE;2015;621.0;831.0;831.0;0.0;24719.0;4112.0;6120.0;8854.0;124890.0;both;Aurora - CE;169293.0;156017.0;13751.0;8.81;both
2301703;Aurora - CE;2016;918.0;3059.0;3059.0;0.0;23103.0;4057.0;6098.0;6800.0;120000.0;both;Aurora - CE;175856.0;162898.0;14856.0;9.12;both
2301703;Aurora - CE;2017;5681.0;3758.0;3758.0;0.0;23250.0;4100.0;7050.0;6500.0;125000.0;both;Aurora - CE;194773.0;182066.0;20098.0;11.04;both
2301703;Aurora - CE;2018;6950.0;4428.0;4428.0;0.0;32000.0;4800.0;6900.0;6200.0;105000.0;both;Aurora - CE;190049.0;179992.0;25303.0;14.06;both
2301703;Aurora - CE;2019;1911.0;1376.0;1376.0;0.0;25000.0;5000.0;7000.0;6300.0;40000.0;both;Aurora - CE;209641.0;195916.0;18308.0;9.34;both
2301703;Aurora - CE;2020;4150.0;3000.0;3000.0;0.0;26000.0;6000.0;8000.0;8000.0;80000.0;both;Aurora - CE;214720.0;201444.0;27562.0;13.68;both
2301703;Aurora - CE;2021;3488.0;3060.0;3060.0;0.0;26880.0;6150.0;8520.0;8200.0;88000.0;both;Aurora - CE;216792.0;204272.0;31833.0;15.58;both
2301703;Aurora - CE;2022;5530.0;3702.0;3702.0;0.0;27000.0;5000.0;8690.0;8282.0;83600.0;both;Aurora - CE;250837.0;;;;both
2301703;Aurora - CE;2023;2532.0;3148.0;3148.0;0.0;29700.0;4750.0;8776.0;8447.0;84854.0;both;Aurora - CE;291950.0;;;;both
2301703;Aurora - CE;2024;3679.0;3048.0;3048.0;0.0;32915.0;4850.0;8962.0;9000.0;86551.0;both;;;;;;left_only
2301802;Baixio - CE;2003;2575.0;1940.0;1940.0;0.0;7045.0;743.0;2867.0;1585.0;17518.0;both;Baixio - CE;10945.0;10668.0;3034.0;28.45;both
2301802;Baixio - CE;2004;1431.0;1587.0;1587.0;0.0;7326.0;795.0;3039.0;1666.0;18393.0;both;Baixio - CE;11094.0;10740.0;2710.0;25.23;both
2301802;Baixio - CE;2005;626.0;1533.0;1533.0;0.0;7545.0;842.0;3190.0;1734.0;19127.0;both;Baixio - CE;12655.0;12202.0;2568.0;21.04;both
2301802;Baixio - CE;2006;2007.0;1734.0;1734.0;0.0;7770.0;885.0;3350.0;1803.0;19892.0;both;Baixio - CE;15127.0;14631.0;3488.0;23.84;both
2301802;Baixio - CE;2007;666.0;1860.0;1860.0;0.0;7925.0;929.0;3517.0;1872.0;20249.0;both;Baixio - CE;14155.0;13710.0;2792.0;20.37;both
2301802;Baixio - CE;2008;2636.0;2097.0;2097.0;0.0;8123.0;971.0;3693.0;1936.0;20856.0;both;Baixio - CE;18901.0;18398.0;4668.0;25.37;both
2301802;Baixio - CE;2009;1159.0;1557.0;1557.0;0.0;8285.0;1010.0;3841.0;1992.0;21377.0;both;Baixio - CE;20187.0;19693.0;3707.0;18.82;both
2301802;Baixio - CE;2010;425.0;861.0;861.0;0.0;8409.0;1035.0;3937.0;2039.0;21718.0;both;Baixio - CE;22268.0;21452.0;3088.0;14.4;both
2301802;Baixio - CE;2011;1714.0;1174.0;1174.0;0.0;8493.0;1058.0;4016.0;2077.0;22031.0;both;Baixio - CE;26539.0;25374.0;4801.0;18.92;both
2301802;Baixio - CE;2012;422.0;1350.0;1350.0;0.0;9342.0;1047.0;3936.0;2065.0;21810.0;both;Baixio - CE;26517.0;25415.0;3925.0;15.44;both
2301802;Baixio - CE;2013;636.0;894.0;894.0;0.0;9155.0;1045.0;3915.0;2044.0;21592.0;both;Baixio - CE;31240.0;30136.0;4594.0;15.24;both
2301802;Baixio - CE;2014;491.0;838.0;838.0;0.0;8972.0;1055.0;3994.0;2054.0;21700.0;both;Baixio - CE;37478.0;36412.0;4743.0;13.03;both
2301802;Baixio - CE;2015;13.0;759.0;759.0;0.0;8793.0;1076.0;4114.0;2065.0;22134.0;both;Baixio - CE;39911.0;38524.0;4243.0;11.02;both
2301802;Baixio - CE;2016;145.0;772.0;772.0;0.0;8353.0;1130.0;4320.0;2148.0;22577.0;both;Baixio - CE;41926.0;40516.0;4843.0;11.95;both
2301802;Baixio - CE;2017;280.0;766.0;766.0;0.0;8102.0;1141.0;4406.0;2212.0;23028.0;both;Baixio - CE;45673.0;44227.0;4934.0;11.16;both
2301802;Baixio - CE;2018;777.0;707.0;707.0;0.0;8255.0;1158.0;4494.0;2334.0;23258.0;both;Baixio - CE;57803.0;56277.0;6275.0;11.15;both
2301802;Baixio - CE;2019;622.0;971.0;971.0;0.0;8420.0;1181.0;4561.0;2381.0;23491.0;both;Baixio - CE;55414.0;53311.0;6326.0;11.87;both
2301802;Baixio - CE;2020;1033.0;952.0;952.0;0.0;8673.0;1204.0;4698.0;2429.0;23961.0;both;Baixio - CE;64557.0;62759.0;10739.0;17.11;both
2301802;Baixio - CE;2021;881.0;1065.0;1065.0;0.0;8846.0;1228.0;4792.0;2453.0;24201.0;both;Baixio - CE;67541.0;65606.0;14267.0;21.75;both
2301802;Baixio - CE;2022;856.0;964.0;964.0;0.0;9200.0;1191.0;4887.0;2502.0;24443.0;both;Baixio - CE;69658.0;;;;both
2301802;Baixio - CE;2023;719.0;844.0;844.0;0.0;8740.0;1131.0;4642.0;2552.0;24687.0;both;Baixio - CE;72488.0;;;;both
2301802;Baixio - CE;2024;443.0;622.0;622.0;0.0;9177.0;1041.0;4177.0;2628.0;25180.0;both;;;;;;left_only
2301851;Banabuiú - CE;2003;3980.0;3126.0;3126.0;0.0;22500.0;6700.0;24640.0;4870.0;49050.0;both;Banabuiú - CE;41671.0;39816.0;11357.0;28.52;both
2301851;Banabuiú - CE;2004;1554.0;2806.0;2466.0;0.12116892373485388;24200.0;7230.0;26600.0;4935.0;49900.0;both;Banabuiú - CE;49200.0;46738.0;11901.0;25.46;both
2301851;Banabuiú - CE;2005;1141.0;1796.0;1796.0;0.0;25030.0;7490.0;27350.0;5050.0;50800.0;both;Banabuiú - CE;55965.0;53410.0;12986.0;24.31;both
2301851;Banabuiú - CE;2006;1840.0;2367.0;2367.0;0.0;25500.0;7700.0;27800.0;4965.0;51550.0;both;Banabuiú - CE;61723.0;58655.0;15144.0;25.82;both
2301851;Banabuiú - CE;2007;1878.0;3099.0;3099.0;0.0;26200.0;8000.0;28600.0;5090.0;53100.0;both;Banabuiú - CE;69121.0;65996.0;17098.0;25.91;both
2301851;Banabuiú - CE;2008;4751.0;3871.0;3871.0;0.0;26930.0;8280.0;28950.0;4970.0;54050.0;both;Banabuiú - CE;90156.0;85811.0;22261.0;25.94;both
2301851;Banabuiú - CE;2009;934.0;4227.0;3234.0;0.23491838183108593;27100.0;8650.0;29780.0;4790.0;55500.0;both;Banabuiú - CE;82968.0;79250.0;16274.0;20.53;both
2301851;Banabuiú - CE;2010;521.0;1947.0;1947.0;0.0;27800.0;8920.0;30490.0;4729.0;56100.0;both;Banabuiú - CE;83348.0;79615.0;14473.0;18.18;both
2301851;Banabuiú - CE;2011;4762.0;3935.0;3935.0;0.0;28890.0;9600.0;32160.0;4640.0;57290.0;both;Banabuiú - CE;106386.0;102073.0;26378.0;25.84;both
2301851;Banabuiú - CE;2012;158.0;1775.0;1495.0;0.15774647887323945;26580.0;9200.0;29900.0;4310.0;53900.0;both;Banabuiú - CE;95090.0;90465.0;15514.0;17.15;both
2301851;Banabuiú - CE;2013;539.0;951.0;951.0;0.0;23980.0;8970.0;29000.0;3950.0;52280.0;both;Banabuiú - CE;108874.0;104128.0;19460.0;18.69;both
2301851;Banabuiú - CE;2014;518.0;1265.0;1265.0;0.0;28807.0;9320.0;29500.0;4305.0;55416.0;both;Banabuiú - CE;128004.0;122838.0;22423.0;18.25;both
2301851;Banabuiú - CE;2015;516.0;2025.0;2025.0;0.0;27000.0;8950.0;27200.0;4000.0;51000.0;both;Banabuiú - CE;135281.0;128557.0;21340.0;16.6;both
2301851;Banabuiú - CE;2016;295.0;2005.0;2005.0;0.0;25056.0;15320.0;34164.0;5279.0;61500.0;both;Banabuiú - CE;142328.0;134356.0;26519.0;19.74;both
2301851;Banabuiú - CE;2017;2956.0;3584.0;3584.0;0.0;21290.0;10819.0;26260.0;3661.0;40081.0;both;Banabuiú - CE;165116.0;156642.0;33902.0;21.64;both
2301851;Banabuiú - CE;2018;551.0;2775.0;2775.0;0.0;24952.0;12350.0;30540.0;4220.0;45800.0;both;Banabuiú - CE;163626.0;156020.0;27070.0;17.35;both
2301851;Banabuiú - CE;2019;1979.0;2549.0;2549.0;0.0;25850.0;12560.0;32550.0;4500.0;46820.0;both;Banabuiú - CE;183515.0;173515.0;32877.0;18.95;both
2301851;Banabuiú - CE;2020;1858.0;2703.0;2703.0;0.0;28032.0;12845.0;33520.0;4622.0;47510.0;both;Banabuiú - CE;209737.0;198646.0;46443.0;23.38;both
2301851;Banabuiú - CE;2021;1025.0;2752.0;2752.0;0.0;27985.0;12741.0;35410.0;4562.0;48520.0;both;Banabuiú - CE;260031.0;245742.0;52282.0;21.28;both
2301851;Banabuiú - CE;2022;2777.0;2930.0;2930.0;0.0;28229.0;12845.0;36840.0;4852.0;49850.0;both;Banabuiú - CE;296956.0;;;;both
2301851;Banabuiú - CE;2023;560.0;2632.0;2632.0;0.0;30018.0;13594.0;38945.0;5210.0;52332.0;both;Banabuiú - CE;318579.0;;;;both
2301851;Banabuiú - CE;2024;1075.0;1412.0;1412.0;0.0;31972.0;14520.0;39485.0;5132.0;54215.0;both;;;;;;left_only
2301901;Barbalha - CE;2003;142253.0;4578.0;4578.0;0.0;8156.0;1004.0;1144.0;2832.0;121008.0;both;Barbalha - CE;153272.0;139694.0;13039.0;9.33;both
2301901;Barbalha - CE;2004;142652.0;4475.0;4470.0;0.0011173184357542443;8409.0;1039.0;1177.0;2927.0;125094.0;both;Barbalha - CE;167947.0;154004.0;14275.0;9.27;both
2301901;Barbalha - CE;2005;118034.0;3859.0;3859.0;0.0;8691.0;1081.0;1218.0;3052.0;130986.0;both;Barbalha - CE;183931.0;167925.0;13752.0;8.19;both
2301901;Barbalha - CE;2006;89573.0;4050.0;4050.0;0.0;9119.0;1135.0;1273.0;3161.0;137339.0;both;Barbalha - CE;220323.0;200096.0;21149.0;10.57;both
2301901;Barbalha - CE;2007;58049.0;3363.0;3363.0;0.0;9520.0;1186.0;1328.0;3271.0;143320.0;both;Barbalha - CE;237118.0;216623.0;17041.0;7.87;both
2301901;Barbalha - CE;2008;78934.0;3506.0;3506.0;0.0;9863.0;1235.0;1398.0;3416.0;150820.0;both;Barbalha - CE;298219.0;272975.0;22575.0;8.27;both
2301901;Barbalha - CE;2009;82614.0;3755.0;3755.0;0.0;10119.0;1273.0;1458.0;3534.0;157205.0;both;Barbalha - CE;354358.0;323645.0;22509.0;6.95;both
2301901;Barbalha - CE;2010;83132.0;4282.0;4282.0;0.0;10446.0;1324.0;1491.0;3642.0;163535.0;both;Barbalha - CE;464715.0;417551.0;22325.0;5.35;both
2301901;Barbalha - CE;2011;30035.0;2437.0;2437.0;0.0;10783.0;1377.0;1524.0;3753.0;170120.0;both;Barbalha - CE;508696.0;455385.0;23330.0;5.12;both
2301901;Barbalha - CE;2012;21127.0;2121.0;2121.0;0.0;8128.0;1432.0;1558.0;3867.0;176970.0;both;Barbalha - CE;590900.0;528833.0;22868.0;4.32;both
2301901;Barbalha - CE;2013;14363.0;1676.0;1676.0;0.0;7882.0;1492.0;1588.0;3567.0;177052.0;both;Barbalha - CE;578694.0;518308.0;27765.0;5.36;both
2301901;Barbalha - CE;2014;18250.0;2136.0;2136.0;0.0;6933.0;1320.0;1731.0;3554.0;143412.0;both;Barbalha - CE;728017.0;651238.0;30950.0;4.75;both
2301901;Barbalha - CE;2015;16623.0;1712.0;1712.0;0.0;6703.0;1196.0;2064.0;4118.0;144121.0;both;Barbalha - CE;707853.0;638266.0;29493.0;4.62;both
2301901;Barbalha - CE;2016;24001.0;1776.0;1776.0;0.0;6673.0;1150.0;1995.0;3912.0;141503.0;both;Barbalha - CE;854808.0;776176.0;91776.0;11.82;both
2301901;Barbalha - CE;2017;18669.0;1939.0;1939.0;0.0;6755.0;1189.0;2696.0;4041.0;115864.0;both;Barbalha - CE;926510.0;843994.0;79577.0;9.43;both
2301901;Barbalha - CE;2018;22814.0;2268.0;2268.0;0.0;6825.0;1205.0;3900.0;3950.0;116200.0;both;Barbalha - CE;873316.0;804218.0;80271.0;9.98;both
2301901;Barbalha - CE;2019;37007.0;2371.0;2371.0;0.0;7000.0;1300.0;3960.0;4020.0;130000.0;both;Barbalha - CE;1057319.0;952197.0;107360.0;11.28;both
2301901;Barbalha - CE;2020;40765.0;2405.0;2405.0;0.0;7150.0;1330.0;4065.0;4200.0;133000.0;both;Barbalha - CE;1198003.0;1084659.0;132191.0;12.19;both
2301901;Barbalha - CE;2021;40420.0;2191.0;2191.0;0.0;7550.0;1370.0;4187.0;4326.0;134330.0;both;Barbalha - CE;1345205.0;1217465.0;143307.0;11.77;both
2301901;Barbalha - CE;2022;41013.0;2260.0;2260.0;0.0;7369.0;1391.0;4270.0;4360.0;136747.0;both;Barbalha - CE;1599703.0;;;;both
2301901;Barbalha - CE;2023;34240.0;2112.0;2112.0;0.0;7443.0;1324.0;4180.0;4434.0;138798.0;both;Barbalha - CE;1646404.0;;;;both
2301901;Barbalha - CE;2024;34213.0;2063.0;2063.0;0.0;7890.0;1301.0;4310.0;4590.0;144350.0;both;;;;;;left_only
2301950;Barreira - CE;2003;17795.0;10363.0;10363.0;0.0;4425.0;164.0;780.0;1009.0;519125.0;both;Barreira - CE;37869.0;35887.0;7446.0;20.75;both
2301950;Barreira - CE;2004;17971.0;10651.0;10651.0;0.0;4443.0;175.0;786.0;1046.0;519989.0;both;Barreira - CE;44009.0;41461.0;8994.0;21.69;both
2301950;Barreira - CE;2005;20594.0;11006.0;11006.0;0.0;4463.0;184.0;794.0;1087.0;520943.0;both;Barreira - CE;47932.0;45356.0;9524.0;21.0;both
2301950;Barreira - CE;2006;15984.0;10463.0;10463.0;0.0;4486.0;194.0;803.0;1132.0;521958.0;both;Barreira - CE;54394.0;51328.0;9650.0;18.8;both
2301950;Barreira - CE;2007;14161.0;10488.0;10488.0;0.0;4512.0;205.0;814.0;1183.0;522994.0;both;Barreira - CE;56517.0;53557.0;8852.0;16.53;both
2301950;Barreira - CE;2008;15542.0;13279.0;13279.0;0.0;4540.0;218.0;827.0;1237.0;524069.0;both;Barreira - CE;68675.0;65004.0;10751.0;16.54;both
2301950;Barreira - CE;2009;11099.0;13654.0;13654.0;0.0;4570.0;233.0;842.0;1294.0;525162.0;both;Barreira - CE;74751.0;71011.0;9975.0;14.05;both
2301950;Barreira - CE;2010;10418.0;13887.0;13887.0;0.0;4603.0;251.0;860.0;1356.0;526305.0;both;Barreira - CE;79705.0;76183.0;10450.0;13.72;both
2301950;Barreira - CE;2011;9473.0;13653.0;13653.0;0.0;4638.0;271.0;881.0;1367.0;527555.0;both;Barreira - CE;94907.0;90336.0;14602.0;16.16;both
2301950;Barreira - CE;2012;4210.0;13776.0;13776.0;0.0;4089.0;265.0;862.0;1353.0;518401.0;both;Barreira - CE;142380.0;135339.0;13146.0;9.71;both
2301950;Barreira - CE;2013;5030.0;12760.0;12760.0;0.0;3337.0;271.0;870.0;1465.0;565000.0;both;Barreira - CE;111136.0;106377.0;13947.0;13.11;both
2301950;Barreira - CE;2014;6227.0;11828.0;11828.0;0.0;3438.0;279.0;878.0;1567.0;398000.0;both;Barreira - CE;124663.0;119164.0;14336.0;12.03;both
2301950;Barreira - CE;2015;5492.0;11916.0;11916.0;0.0;3128.0;287.0;885.0;1660.0;400000.0;both;Barreira - CE;135582.0;128803.0;15261.0;11.85;both
2301950;Barreira - CE;2016;2317.0;11712.0;11712.0;0.0;3079.0;295.0;880.0;1680.0;400100.0;both;Barreira - CE;145795.0;138269.0;14899.0;10.78;both
2301950;Barreira - CE;2017;5359.0;11989.0;11989.0;0.0;3396.0;388.0;1013.0;1077.0;454219.0;both;Barreira - CE;164954.0;156740.0;21913.0;13.98;both
2301950;Barreira - CE;2018;6259.0;12346.0;12346.0;0.0;3282.0;405.0;998.0;995.0;227589.0;both;Barreira - CE;161614.0;154577.0;17431.0;11.28;both
2301950;Barreira - CE;2019;5510.0;12280.0;12280.0;0.0;3380.0;413.0;1018.0;1015.0;238968.0;both;Barreira - CE;183368.0;172467.0;16154.0;9.37;both
2301950;Barreira - CE;2020;5419.0;12240.0;12240.0;0.0;3481.0;421.0;1038.0;1035.0;250916.0;both;Barreira - CE;206859.0;195580.0;22683.0;11.6;both
2301950;Barreira - CE;2021;7039.0;12413.0;12413.0;0.0;3829.0;425.0;1200.0;1241.0;256000.0;both;Barreira - CE;240016.0;226647.0;35044.0;15.46;both
2301950;Barreira - CE;2022;4634.0;12715.0;12715.0;0.0;3943.0;437.0;1236.0;1290.0;263680.0;both;Barreira - CE;267357.0;;;;both
2301950;Barreira - CE;2023;4416.0;13063.0;13063.0;0.0;4500.0;393.0;1360.0;2000.0;291732.0;both;Barreira - CE;289445.0;;;;both
2301950;Barreira - CE;2024;5624.0;13154.0;13154.0;0.0;5500.0;432.0;1496.0;2200.0;306319.0;both;;;;;;left_only
2302008;Barro - CE;2003;18974.0;13823.0;13823.0;0.0;13894.0;2351.0;2697.0;5388.0;53712.0;both;Barro - CE;45046.0;43402.0;15460.0;35.62;both
2302008;Barro - CE;2004;12124.0;13620.0;13489.0;0.009618208516886884;14227.0;2398.0;2745.0;5465.0;55054.0;both;Barro - CE;42057.0;40101.0;10511.0;26.21;both
2302008;Barro - CE;2005;6038.0;6828.0;6828.0;0.0;14675.0;2492.0;2817.0;5578.0;57069.0;both;Barro - CE;45160.0;42930.0;9401.0;21.9;both
2302008;Barro - CE;2006;17879.0;9887.0;9887.0;0.0;15251.0;2591.0;2889.0;5668.0;58681.0;both;Barro - CE;60953.0;58378.0;17396.0;29.8;both
2302008;Barro - CE;2007;6034.0;7498.0;7498.0;0.0;15754.0;2684.0;2953.0;5750.0;60031.0;both;Barro - CE;58577.0;55882.0;10331.0;18.49;both
2302008;Barro - CE;2008;16576.0;10251.0;10251.0;0.0;16116.0;2789.0;3039.0;5890.0;62012.0;both;Barro - CE;83269.0;80263.0;23795.0;29.65;both
2302008;Barro - CE;2009;15893.0;10552.0;10552.0;0.0;16326.0;2870.0;3097.0;5967.0;62818.0;both;Barro - CE;86129.0;83112.0;21198.0;25.5;both
2302008;Barro - CE;2010;4363.0;2671.0;2671.0;0.0;16866.0;2985.0;3169.0;6151.0;65379.0;both;Barro - CE;94975.0;90324.0;11703.0;12.96;both
2302008;Barro - CE;2011;7475.0;4080.0;4080.0;0.0;17424.0;3104.0;3243.0;6342.0;68045.0;both;Barro - CE;99156.0;94593.0;15680.0;16.58;both
2302008;Barro - CE;2012;4298.0;4033.0;4033.0;0.0;20272.0;3228.0;3340.0;6416.0;68725.0;both;Barro - CE;105250.0;99310.0;14128.0;14.23;both
2302008;Barro - CE;2013;2931.0;1373.0;1373.0;0.0;17443.0;3328.0;3380.0;5806.0;68815.0;both;Barro - CE;121567.0;114811.0;13302.0;11.59;both
2302008;Barro - CE;2014;3830.0;1605.0;1605.0;0.0;17059.0;3161.0;3278.0;5631.0;71567.0;both;Barro - CE;141029.0;134717.0;15771.0;11.71;both
2302008;Barro - CE;2015;1633.0;1850.0;1850.0;0.0;16843.0;3879.0;4029.0;4528.0;71622.0;both;Barro - CE;149082.0;141687.0;13133.0;9.27;both
2302008;Barro - CE;2016;1527.0;2110.0;2110.0;0.0;16368.0;3867.0;4010.0;3533.0;62901.0;both;Barro - CE;156147.0;147537.0;13890.0;9.41;both
2302008;Barro - CE;2017;3343.0;3385.0;3385.0;0.0;16900.0;4000.0;4200.0;3600.0;63600.0;both;Barro - CE;179641.0;169410.0;19126.0;11.29;both
2302008;Barro - CE;2018;6945.0;3292.0;3292.0;0.0;17100.0;3821.0;4015.0;3400.0;63700.0;both;Barro - CE;177370.0;169693.0;27642.0;16.29;both
2302008;Barro - CE;2019;3761.0;3087.0;3087.0;0.0;17130.0;4967.0;4818.0;4500.0;64100.0;both;Barro - CE;194427.0;183706.0;22687.0;12.35;both
2302008;Barro - CE;2020;8016.0;4174.0;4174.0;0.0;19788.0;5020.0;4870.0;4600.0;64750.0;both;Barro - CE;223902.0;213074.0;33376.0;15.66;both
2302008;Barro - CE;2021;9084.0;4429.0;4429.0;0.0;21745.0;5050.0;4900.0;4370.0;64800.0;both;Barro - CE;242027.0;228368.0;44071.0;19.3;both
2302008;Barro - CE;2022;8431.0;4761.0;4761.0;0.0;22898.0;5090.0;4973.0;4440.0;66160.0;both;Barro - CE;262523.0;;;;both
2302008;Barro - CE;2023;5464.0;4773.0;4771.0;0.00041902367483759306;25874.0;4937.0;4923.0;4528.0;67483.0;both;Barro - CE;286557.0;;;;both
2302008;Barro - CE;2024;7949.0;4330.0;4330.0;0.0;26132.0;5085.0;5071.0;4618.0;69507.0;both;;;;;;left_only
2302057;Barroquinha - CE;2003;12462.0;5373.0;5373.0;0.0;2244.0;2818.0;3755.0;7971.0;15215.0;both;Barroquinha - CE;26472.0;25690.0;7051.0;27.45;both
2302057;Barroquinha - CE;2004;13343.0;4652.0;4652.0;0.0;2356.0;2928.0;3901.0;8370.0;15975.0;both;Barroquinha - CE;28907.0;27869.0;7255.0;26.03;both
2302057;Barroquinha - CE;2005;13762.0;5254.0;5254.0;0.0;2497.0;3045.0;4057.0;8861.0;17093.0;both;Barroquinha - CE;34042.0;32789.0;7338.0;22.38;both
2302057;Barroquinha - CE;2006;14589.0;5577.0;5577.0;0.0;2502.0;3052.0;4067.0;8882.0;17134.0;both;Barroquinha - CE;36515.0;35241.0;8161.0;23.16;both
2302057;Barroquinha - CE;2007;14343.0;5778.0;5778.0;0.0;2627.0;3204.0;4270.0;9225.0;18092.0;both;Barroquinha - CE;42149.0;40742.0;8709.0;21.38;both
2302057;Barroquinha - CE;2008;16031.0;5780.0;5780.0;0.0;2732.0;3364.0;4483.0;9606.0;18996.0;both;Barroquinha - CE;51555.0;49958.0;11330.0;22.68;both
2302057;Barroquinha - CE;2009;9215.0;5870.0;5870.0;0.0;2813.0;3510.0;4589.0;10076.0;19905.0;both;Barroquinha - CE;53624.0;52274.0;10967.0;20.98;both
2302057;Barroquinha - CE;2010;12841.0;4812.0;4812.0;0.0;2925.0;3650.0;4772.0;10392.0;20583.0;both;Barroquinha - CE;57700.0;56053.0;9825.0;17.53;both
2302057;Barroquinha - CE;2011;15466.0;4832.0;4832.0;0.0;2998.0;3796.0;4987.0;10723.0;21062.0;both;Barroquinha - CE;66529.0;64634.0;12009.0;18.58;both
2302057;Barroquinha - CE;2012;8493.0;5207.0;5207.0;0.0;2848.0;3682.0;4637.0;10288.0;20599.0;both;Barroquinha - CE;71780.0;69515.0;13558.0;19.5;both
2302057;Barroquinha - CE;2013;2383.0;3024.0;3024.0;0.0;2924.0;3728.0;4920.0;10938.0;21676.0;both;Barroquinha - CE;78006.0;75652.0;14657.0;19.37;both
2302057;Barroquinha - CE;2014;3886.0;3345.0;3345.0;0.0;2890.0;3762.0;4730.0;10508.0;21200.0;both;Barroquinha - CE;92032.0;89410.0;16074.0;17.98;both
2302057;Barroquinha - CE;2015;5607.0;3535.0;3535.0;0.0;3002.0;3998.0;4750.0;11779.0;23130.0;both;Barroquinha - CE;96717.0;93299.0;15126.0;16.21;both
2302057;Barroquinha - CE;2016;2013.0;2463.0;2463.0;0.0;2918.0;2990.0;3550.0;10890.0;23250.0;both;Barroquinha - CE;96980.0;93695.0;13347.0;14.24;both
2302057;Barroquinha - CE;2017;4116.0;2362.0;2362.0;0.0;1893.0;2110.0;2441.0;8728.0;24387.0;both;Barroquinha - CE;102556.0;99166.0;13297.0;13.41;both
2302057;Barroquinha - CE;2018;5875.0;2442.0;2442.0;0.0;2055.0;1582.0;1250.0;6546.0;25112.0;both;Barroquinha - CE;102923.0;99452.0;13590.0;13.67;both
2302057;Barroquinha - CE;2019;4219.0;2222.0;2222.0;0.0;1950.0;1470.0;1312.0;6560.0;24358.0;both;Barroquinha - CE;110078.0;105875.0;12175.0;11.5;both
2302057;Barroquinha - CE;2020;4172.0;2202.0;2202.0;0.0;1911.0;1440.0;1378.0;7000.0;23140.0;both;Barroquinha - CE;123789.0;118699.0;13970.0;11.77;both
2302057;Barroquinha - CE;2021;5490.0;2259.0;2259.0;0.0;1745.0;1510.0;1445.0;7140.0;22000.0;both;Barroquinha - CE;133335.0;127274.0;13203.0;10.37;both
2302057;Barroquinha - CE;2022;5617.0;2256.0;2256.0;0.0;1532.0;1325.0;1258.0;6431.0;20560.0;both;Barroquinha - CE;150759.0;;;;both
2302057;Barroquinha - CE;2023;5483.0;2213.0;2213.0;0.0;1486.0;1257.0;1200.0;6247.0;21017.0;both;Barroquinha - CE;169758.0;;;;both
2302057;Barroquinha - CE;2024;5385.0;2197.0;2197.0;0.0;1389.0;1155.0;1275.0;6482.0;21658.0;both;;;;;;left_only
2302107;Baturité - CE;2003;26867.0;8810.0;8810.0;0.0;6632.0;645.0;907.0;4144.0;49540.0;both;Baturité - CE;82242.0;78723.0;21522.0;27.34;both
2302107;Baturité - CE;2004;24153.0;8600.0;8600.0;0.0;6703.0;641.0;879.0;4216.0;49769.0;both;Baturité - CE;95228.0;90706.0;25429.0;28.03;both
2302107;Baturité - CE;2005;28356.0;8285.0;8285.0;0.0;6765.0;638.0;858.0;4294.0;50050.0;both;Baturité - CE;100430.0;95811.0;21483.0;22.42;both
2302107;Baturité - CE;2006;31336.0;8270.0;8270.0;0.0;6831.0;636.0;854.0;4385.0;50349.0;both;Baturité - CE;117248.0;111789.0;29274.0;26.19;both
2302107;Baturité - CE;2007;29246.0;8390.0;8390.0;0.0;6902.0;633.0;850.0;4489.0;50673.0;both;Baturité - CE;120013.0;114727.0;23024.0;20.07;both
2302107;Baturité - CE;2008;38144.0;8550.0;8550.0;0.0;6973.0;632.0;852.0;4602.0;51022.0;both;Baturité - CE;137319.0;131273.0;31854.0;24.27;both
2302107;Baturité - CE;2009;37816.0;9836.0;9836.0;0.0;7046.0;620.0;848.0;4731.0;51386.0;both;Baturité - CE;150184.0;144565.0;31970.0;22.11;both
2302107;Baturité - CE;2010;33656.0;8591.0;8591.0;0.0;7122.0;634.0;844.0;4879.0;51775.0;both;Baturité - CE;196688.0;188213.0;44297.0;23.54;both
2302107;Baturité - CE;2011;38735.0;10135.0;10135.0;0.0;7201.0;648.0;849.0;5035.0;52173.0;both;Baturité - CE;223883.0;214029.0;56204.0;26.26;both
2302107;Baturité - CE;2012;26677.0;9450.0;8330.0;0.11851851851851847;7070.0;644.0;841.0;4831.0;49904.0;both;Baturité - CE;219063.0;206922.0;30783.0;14.88;both
2302107;Baturité - CE;2013;25805.0;6994.0;6994.0;0.0;6084.0;648.0;846.0;4861.0;52404.0;both;Baturité - CE;237707.0;223735.0;24709.0;11.04;both
2302107;Baturité - CE;2014;36852.0;8015.0;8015.0;0.0;6264.0;651.0;851.0;5031.0;54909.0;both;Baturité - CE;335146.0;320602.0;50308.0;15.69;both
2302107;Baturité - CE;2015;19379.0;8090.0;8090.0;0.0;5826.0;685.0;657.0;5216.0;55550.0;both;Baturité - CE;327536.0;311860.0;27674.0;8.87;both
2302107;Baturité - CE;2016;8014.0;6205.0;6205.0;0.0;5738.0;690.0;625.0;5322.0;55630.0;both;Baturité - CE;298091.0;281501.0;19198.0;6.82;both
2302107;Baturité - CE;2017;14877.0;6115.0;6115.0;0.0;2416.0;632.0;972.0;1257.0;44504.0;both;Baturité - CE;368450.0;348158.0;48796.0;14.02;both
2302107;Baturité - CE;2018;13338.0;6247.0;6247.0;0.0;1470.0;689.0;1050.0;1205.0;27500.0;both;Baturité - CE;339485.0;323230.0;29541.0;9.14;both
2302107;Baturité - CE;2019;10517.0;6050.0;6050.0;0.0;1507.0;695.0;1058.0;1195.0;29150.0;both;Baturité - CE;390763.0;366725.0;26955.0;7.35;both
2302107;Baturité - CE;2020;14348.0;5846.0;5846.0;0.0;1545.0;701.0;1066.0;1185.0;30899.0;both;Baturité - CE;417281.0;394643.0;45895.0;11.63;both
2302107;Baturité - CE;2021;11697.0;5891.0;5891.0;0.0;1560.0;690.0;1050.0;1200.0;30480.0;both;Baturité - CE;448272.0;419933.0;36852.0;8.78;both
2302107;Baturité - CE;2022;11429.0;5673.0;5673.0;0.0;1248.0;683.0;1029.0;1152.0;32004.0;both;Baturité - CE;503468.0;;;;both
2302107;Baturité - CE;2023;10624.0;5580.0;5580.0;0.0;1373.0;751.0;1132.0;1210.0;32964.0;both;Baturité - CE;578203.0;;;;both
2302107;Baturité - CE;2024;10412.0;5413.0;5413.0;0.0;1428.0;676.0;1075.0;1246.0;34283.0;both;;;;;;left_only
2302206;Beberibe - CE;2003;38842.0;38534.0;38534.0;0.0;9803.0;4954.0;10077.0;5641.0;833003.0;both;Beberibe - CE;125301.0;120394.0;40726.0;33.83;both
2302206;Beberibe - CE;2004;46788.0;41944.0;41944.0;0.0;10009.0;5241.0;10742.0;5802.0;868715.0;both;Beberibe - CE;137688.0;131455.0;44678.0;33.99;both
2302206;Beberibe - CE;2005;52463.0;44644.0;44644.0;0.0;10369.0;5692.0;11945.0;6044.0;1254928.0;both;Beberibe - CE;155496.0;148971.0;50947.0;34.2;both
2302206;Beberibe - CE;2006;46405.0;43611.0;43611.0;0.0;10680.0;6005.0;12721.0;6267.0;1265430.0;both;Beberibe - CE;178174.0;171676.0;61605.0;35.88;both
2302206;Beberibe - CE;2007;58354.0;44793.0;44793.0;0.0;10968.0;6377.0;13586.0;6580.0;1302655.0;both;Beberibe - CE;188294.0;181692.0;57704.0;31.76;both
2302206;Beberibe - CE;2008;52540.0;44287.0;44287.0;0.0;11297.0;6664.0;14260.0;6778.0;1340143.0;both;Beberibe - CE;248523.0;239435.0;76111.0;31.79;both
2302206;Beberibe - CE;2009;54562.0;45143.0;45143.0;0.0;11579.0;6864.0;14759.0;7026.0;1362257.0;both;Beberibe - CE;271699.0;263206.0;76039.0;28.89;both
2302206;Beberibe - CE;2010;70934.0;40823.0;40823.0;0.0;11885.0;7080.0;15291.0;7273.0;1392066.0;both;Beberibe - CE;328009.0;315356.0;84540.0;26.81;both
2302206;Beberibe - CE;2011;44389.0;43396.0;43396.0;0.0;12211.0;7335.0;15811.0;7459.0;1683919.0;both;Beberibe - CE;419741.0;406562.0;144776.0;35.61;both
2302206;Beberibe - CE;2012;39474.0;42131.0;42131.0;0.0;12565.0;7643.0;16554.0;7724.0;1963003.0;both;Beberibe - CE;428009.0;412087.0;113656.0;27.58;both
2302206;Beberibe - CE;2013;49096.0;42762.0;42762.0;0.0;12177.0;8105.0;17666.0;7478.0;1987004.0;both;Beberibe - CE;499228.0;481299.0;149030.0;30.96;both
2302206;Beberibe - CE;2014;41717.0;37756.0;37756.0;0.0;11056.0;8437.0;18765.0;7654.0;1998456.0;both;Beberibe - CE;581926.0;559581.0;158923.0;28.4;both
2302206;Beberibe - CE;2015;24968.0;41722.0;41722.0;0.0;10746.0;8962.0;19965.0;8025.0;2051563.0;both;Beberibe - CE;621283.0;595590.0;196042.0;32.92;both
2302206;Beberibe - CE;2016;18741.0;39918.0;39918.0;0.0;10586.0;9476.0;20863.0;8347.0;2086078.0;both;Beberibe - CE;632728.0;605229.0;180918.0;29.89;both
2302206;Beberibe - CE;2017;20624.0;30271.0;30271.0;0.0;8236.0;4236.0;15243.0;6352.0;2110874.0;both;Beberibe - CE;798724.0;768736.0;289138.0;37.61;both
2302206;Beberibe - CE;2018;22891.0;31676.0;31676.0;0.0;8674.0;4328.0;15432.0;6398.0;2108769.0;both;Beberibe - CE;745425.0;722071.0;268096.0;37.13;both
2302206;Beberibe - CE;2019;30531.0;31884.0;31884.0;0.0;10156.0;4489.0;15865.0;6635.0;2465279.0;both;Beberibe - CE;873849.0;838386.0;340625.0;40.63;both
2302206;Beberibe - CE;2020;28530.0;29478.0;29478.0;0.0;10561.0;4565.0;16036.0;6706.0;2927581.0;both;Beberibe - CE;956497.0;921121.0;351904.0;38.2;both
2302206;Beberibe - CE;2021;26170.0;29936.0;29936.0;0.0;10823.0;4903.0;17566.0;7055.0;3465607.0;both;Beberibe - CE;1059006.0;1014775.0;370244.0;36.49;both
2302206;Beberibe - CE;2022;32918.0;30262.0;30262.0;0.0;11213.0;5070.0;18479.0;7295.0;4219296.0;both;Beberibe - CE;1208892.0;;;;both
2302206;Beberibe - CE;2023;40946.0;31198.0;31198.0;0.0;10731.0;5197.0;19094.0;8385.0;4513278.0;both;Beberibe - CE;1445505.0;;;;both
2302206;Beberibe - CE;2024;37302.0;31638.0;31638.0;0.0;11254.0;5674.0;21056.0;8854.0;4503433.0;both;;;;;;left_only
2302305;Bela Cruz - CE;2003;39426.0;33551.0;33551.0;0.0;15240.0;5797.0;14704.0;6918.0;53421.0;both;Bela Cruz - CE;46996.0;45441.0;10439.0;22.97;both
2302305;Bela Cruz - CE;2004;31361.0;34396.0;34396.0;0.0;5792.0;5920.0;14924.0;3162.0;51736.0;both;Bela Cruz - CE;49942.0;47934.0;11002.0;22.95;both
2302305;Bela Cruz - CE;2005;32241.0;35471.0;35471.0;0.0;5820.0;6185.0;15222.0;3210.0;51998.0;both;Bela Cruz - CE;57048.0;54963.0;10582.0;19.25;both
2302305;Bela Cruz - CE;2006;47306.0;35536.0;35536.0;0.0;5834.0;6248.0;15298.0;3250.0;52516.0;both;Bela Cruz - CE;65468.0;62799.0;12350.0;19.67;both
2302305;Bela Cruz - CE;2007;24888.0;34962.0;34962.0;0.0;6093.0;6092.0;14839.0;3387.0;51465.0;both;Bela Cruz - CE;69121.0;66541.0;10216.0;15.35;both
2302305;Bela Cruz - CE;2008;41062.0;35319.0;35319.0;0.0;6185.0;6385.0;15136.0;3525.0;52547.0;both;Bela Cruz - CE;83178.0;80234.0;11929.0;14.87;both
2302305;Bela Cruz - CE;2009;22171.0;36046.0;34712.0;0.03700826721411532;6289.0;6800.0;15892.0;3609.0;53530.0;both;Bela Cruz - CE;91637.0;88632.0;9877.0;11.14;both
2302305;Bela Cruz - CE;2010;18088.0;37008.0;37008.0;0.0;6274.0;6834.0;15932.0;3564.0;53683.0;both;Bela Cruz - CE;105038.0;100962.0;10003.0;9.91;both
2302305;Bela Cruz - CE;2011;41640.0;37479.0;37479.0;0.0;6305.0;7142.0;16330.0;3654.0;55029.0;both;Bela Cruz - CE;125427.0;120876.0;19365.0;16.02;both
2302305;Bela Cruz - CE;2012;28305.0;39574.0;39574.0;0.0;8402.0;7750.0;17650.0;3860.0;62380.0;both;Bela Cruz - CE;132879.0;127792.0;17128.0;13.4;both
2302305;Bela Cruz - CE;2013;13529.0;35757.0;35757.0;0.0;8192.0;7675.0;17295.0;3875.0;62505.0;both;Bela Cruz - CE;150927.0;145275.0;16000.0;11.01;both
2302305;Bela Cruz - CE;2014;21313.0;37302.0;37302.0;0.0;7600.0;7713.0;17380.0;3643.0;59380.0;both;Bela Cruz - CE;167162.0;161493.0;16058.0;9.94;both
2302305;Bela Cruz - CE;2015;22455.0;37624.0;37624.0;0.0;6460.0;7327.0;16511.0;2914.0;59905.0;both;Bela Cruz - CE;187225.0;180100.0;24154.0;13.41;both
2302305;Bela Cruz - CE;2016;29961.0;40061.0;40061.0;0.0;6118.0;7330.0;16514.0;2915.0;59908.0;both;Bela Cruz - CE;205275.0;196599.0;23239.0;11.82;both
2302305;Bela Cruz - CE;2017;43831.0;39629.0;39629.0;0.0;6032.0;7313.0;16519.0;2932.0;59901.0;both;Bela Cruz - CE;239169.0;229271.0;39658.0;17.3;both
2302305;Bela Cruz - CE;2018;46048.0;39825.0;39825.0;0.0;5730.0;4388.0;8260.0;4104.0;56905.0;both;Bela Cruz - CE;244724.0;235344.0;41212.0;17.51;both
2302305;Bela Cruz - CE;2019;49841.0;40502.0;39186.0;0.03249222260629103;5820.0;4100.0;7950.0;3950.0;59200.0;both;Bela Cruz - CE;268137.0;255214.0;41902.0;16.42;both
2302305;Bela Cruz - CE;2020;49522.0;39119.0;39119.0;0.0;6450.0;3950.0;8375.0;3753.0;62500.0;both;Bela Cruz - CE;268264.0;257417.0;40948.0;15.91;both
2302305;Bela Cruz - CE;2021;42624.0;38822.0;38822.0;0.0;6192.0;3710.0;7785.0;3430.0;57500.0;both;Bela Cruz - CE;322244.0;307352.0;65661.0;21.36;both
2302305;Bela Cruz - CE;2022;43591.0;37579.0;37579.0;0.0;6130.0;3153.0;7791.0;3465.0;62675.0;both;Bela Cruz - CE;353476.0;;;;both
2302305;Bela Cruz - CE;2023;34945.0;37332.0;37332.0;0.0;5784.0;3005.0;7529.0;3546.0;63478.0;both;Bela Cruz - CE;381568.0;;;;both
2302305;Bela Cruz - CE;2024;45414.0;39750.0;39750.0;0.0;6158.0;3119.0;7775.0;3256.0;66321.0;both;;;;;;left_only
2302404;Boa Viagem - CE;2003;26378.0;38936.0;38936.0;0.0;34949.0;14388.0;45337.0;19284.0;132381.0;both;Boa Viagem - CE;113999.0;109825.0;34346.0;31.27;both
2302404;Boa Viagem - CE;2004;17351.0;34077.0;34077.0;0.0;40747.0;14819.0;46243.0;20027.0;136351.0;both;Boa Viagem - CE;111059.0;105825.0;25872.0;24.45;both
2302404;Boa Viagem - CE;2005;12919.0;31098.0;31098.0;0.0;41358.0;15411.0;47861.0;20427.0;140163.0;both;Boa Viagem - CE;122004.0;116462.0;23975.0;20.59;both
2302404;Boa Viagem - CE;2006;24049.0;28956.0;28956.0;0.0;41978.0;15950.0;48818.0;20835.0;144083.0;both;Boa Viagem - CE;145725.0;138992.0;37248.0;26.8;both
2302404;Boa Viagem - CE;2007;15892.0;30045.0;30045.0;0.0;42879.0;16269.0;49794.0;21253.0;146964.0;both;Boa Viagem - CE;146747.0;139703.0;27322.0;19.56;both
2302404;Boa Viagem - CE;2008;31801.0;35423.0;35423.0;0.0;43394.0;16480.0;50441.0;21465.0;148875.0;both;Boa Viagem - CE;201124.0;192894.0;50275.0;26.06;both
2302404;Boa Viagem - CE;2009;22281.0;36326.0;36326.0;0.0;44044.0;16727.0;51197.0;21740.0;151107.0;both;Boa Viagem - CE;191375.0;183151.0;32774.0;17.89;both
2302404;Boa Viagem - CE;2010;23028.0;39799.0;39799.0;0.0;45365.0;17228.0;52732.0;22392.0;155639.0;both;Boa Viagem - CE;230697.0;219570.0;38116.0;17.36;both
2302404;Boa Viagem - CE;2011;40601.0;40136.0;40136.0;0.0;46619.0;17681.0;54200.0;22871.0;162738.0;both;Boa Viagem - CE;275148.0;263929.0;64600.0;24.48;both
2302404;Boa Viagem - CE;2012;14129.0;26839.0;26839.0;0.0;40092.0;15559.0;44444.0;20224.0;145787.0;both;Boa Viagem - CE;206318.0;200134.0;26931.0;13.46;both
2302404;Boa Viagem - CE;2013;10902.0;12228.0;12228.0;0.0;37595.0;15325.0;43599.0;16770.0;142871.0;both;Boa Viagem - CE;285693.0;270261.0;31694.0;11.73;both
2302404;Boa Viagem - CE;2014;10867.0;18116.0;18090.0;0.0014351954073746898;35715.0;15095.0;42945.0;15931.0;145728.0;both;Boa Viagem - CE;337438.0;320774.0;37488.0;11.69;both
2302404;Boa Viagem - CE;2015;3009.0;24141.0;24141.0;0.0;37800.0;15240.0;43170.0;16100.0;145918.0;both;Boa Viagem - CE;345382.0;327070.0;28343.0;8.67;both
2302404;Boa Viagem - CE;2016;2059.0;16015.0;16015.0;0.0;39207.0;15350.0;43490.0;16430.0;146090.0;both;Boa Viagem - CE;368213.0;348079.0;31877.0;9.16;both
2302404;Boa Viagem - CE;2017;4066.0;18164.0;18164.0;0.0;29127.0;11245.0;38295.0;9868.0;96440.0;both;Boa Viagem - CE;404589.0;382256.0;34816.0;9.11;both
2302404;Boa Viagem - CE;2018;10250.0;24507.0;24507.0;0.0;29971.0;11784.0;39558.0;10262.0;93546.0;both;Boa Viagem - CE;395707.0;377723.0;36215.0;9.59;both
2302404;Boa Viagem - CE;2019;6192.0;17007.0;17007.0;0.0;31145.0;11486.0;39147.0;10488.0;91225.0;both;Boa Viagem - CE;469723.0;440223.0;35565.0;8.08;both
2302404;Boa Viagem - CE;2020;16077.0;16813.0;16813.0;0.0;31705.0;11704.0;38591.0;10600.0;89401.0;both;Boa Viagem - CE;508266.0;478219.0;61388.0;12.84;both
2302404;Boa Viagem - CE;2021;9501.0;21851.0;21851.0;0.0;32081.0;11894.0;39105.0;10701.0;88006.0;both;Boa Viagem - CE;539218.0;502461.0;61799.0;12.3;both
2302404;Boa Viagem - CE;2022;7848.0;18918.0;18918.0;0.0;34626.0;11653.0;38136.0;10591.0;86196.0;both;Boa Viagem - CE;584404.0;;;;both
2302404;Boa Viagem - CE;2023;12243.0;24017.0;24017.0;0.0;32894.0;8740.0;28602.0;10061.0;77576.0;both;Boa Viagem - CE;717721.0;;;;both
2302404;Boa Viagem - CE;2024;6839.0;19730.0;19730.0;0.0;31989.0;8650.0;27965.0;9885.0;78554.0;both;;;;;;left_only
2302503;Brejo Santo - CE;2003;37705.0;16993.0;16993.0;0.0;24734.0;1014.0;2502.0;2289.0;106129.0;both;Brejo Santo - CE;114158.0;106338.0;30313.0;28.51;both
2302503;Brejo Santo - CE;2004;6802.0;5991.0;5681.0;0.05174428309130363;25303.0;1054.0;2552.0;2332.0;108453.0;both;Brejo Santo - CE;104019.0;94827.0;13930.0;14.69;both
2302503;Brejo Santo - CE;2005;9134.0;7798.0;7798.0;0.0;26151.0;1101.0;2641.0;2407.0;112585.0;both;Brejo Santo - CE;126149.0;116122.0;18603.0;16.02;both
2302503;Brejo Santo - CE;2006;21883.0;10541.0;10541.0;0.0;27439.0;1156.0;2761.0;2494.0;118004.0;both;Brejo Santo - CE;147759.0;136452.0;26640.0;19.52;both
2302503;Brejo Santo - CE;2007;15024.0;12803.0;12803.0;0.0;28537.0;1202.0;2871.0;2572.0;122724.0;both;Brejo Santo - CE;154764.0;143979.0;23935.0;16.62;both
2302503;Brejo Santo - CE;2008;19954.0;13071.0;12481.0;0.04513809195929919;29536.0;1241.0;2970.0;2655.0;127465.0;both;Brejo Santo - CE;183812.0;171304.0;33616.0;19.62;both
2302503;Brejo Santo - CE;2009;20693.0;13381.0;13381.0;0.0;30274.0;1268.0;3043.0;2715.0;131115.0;both;Brejo Santo - CE;201456.0;187274.0;32612.0;17.41;both
2302503;Brejo Santo - CE;2010;9838.0;11071.0;11071.0;0.0;31249.0;1320.0;3113.0;2794.0;136540.0;both;Brejo Santo - CE;246828.0;227904.0;31193.0;13.69;both
2302503;Brejo Santo - CE;2011;38124.0;15210.0;15210.0;0.0;32255.0;1361.0;3185.0;2875.0;141321.0;both;Brejo Santo - CE;315626.0;294680.0;64732.0;21.97;both
2302503;Brejo Santo - CE;2012;5020.0;12058.0;12058.0;0.0;33016.0;1403.0;3259.0;2959.0;146271.0;both;Brejo Santo - CE;307111.0;282181.0;29285.0;10.38;both
2302503;Brejo Santo - CE;2013;4239.0;6067.0;6067.0;0.0;33147.0;1493.0;3359.0;2689.0;146543.0;both;Brejo Santo - CE;334378.0;306270.0;29804.0;9.73;both
2302503;Brejo Santo - CE;2014;9968.0;4124.0;4124.0;0.0;32124.0;1329.0;3243.0;2441.0;137751.0;both;Brejo Santo - CE;539086.0;496070.0;38885.0;7.84;both
2302503;Brejo Santo - CE;2015;1785.0;3647.0;3647.0;0.0;32106.0;987.0;3008.0;4869.0;138412.0;both;Brejo Santo - CE;593572.0;541975.0;26243.0;4.84;both
2302503;Brejo Santo - CE;2016;3793.0;5862.0;5862.0;0.0;30406.0;799.0;2406.0;3895.0;138782.0;both;Brejo Santo - CE;686692.0;631176.0;38606.0;6.12;both
2302503;Brejo Santo - CE;2017;5392.0;8060.0;8060.0;0.0;31100.0;850.0;2502.0;2300.0;102200.0;both;Brejo Santo - CE;591211.0;535684.0;38936.0;7.27;both
2302503;Brejo Santo - CE;2018;13163.0;10023.0;10023.0;0.0;32000.0;1100.0;2800.0;2350.0;102500.0;both;Brejo Santo - CE;515259.0;475061.0;46533.0;9.8;both
2302503;Brejo Santo - CE;2019;4206.0;3235.0;3235.0;0.0;38000.0;1170.0;2900.0;4800.0;130000.0;both;Brejo Santo - CE;677365.0;618992.0;43084.0;6.96;both
2302503;Brejo Santo - CE;2020;16457.0;5251.0;5251.0;0.0;38600.0;1300.0;3000.0;4900.0;135000.0;both;Brejo Santo - CE;709051.0;654106.0;68484.0;10.47;both
2302503;Brejo Santo - CE;2021;9937.0;5462.0;5462.0;0.0;41300.0;1420.0;3200.0;5000.0;137000.0;both;Brejo Santo - CE;817034.0;747732.0;83140.0;11.12;both
2302503;Brejo Santo - CE;2022;9174.0;6559.0;6559.0;0.0;43984.0;1450.0;3250.0;5100.0;137600.0;both;Brejo Santo - CE;1009688.0;;;;both
2302503;Brejo Santo - CE;2023;10813.0;8591.0;8591.0;0.0;44643.0;1475.0;3315.0;5160.0;140000.0;both;Brejo Santo - CE;1263863.0;;;;both
2302503;Brejo Santo - CE;2024;6457.0;4012.0;4012.0;0.0;45570.0;1498.0;3382.0;5418.0;140608.0;both;;;;;;left_only
2302602;Camocim - CE;2003;14359.0;7873.0;7873.0;0.0;6923.0;4887.0;9155.0;11166.0;40421.0;both;Camocim - CE;154432.0;142389.0;20872.0;14.66;both
2302602;Camocim - CE;2004;15079.0;9387.0;9387.0;0.0;7061.0;5034.0;9430.0;11403.0;41633.0;both;Camocim - CE;185335.0;171115.0;22756.0;13.3;both
2302602;Camocim - CE;2005;15464.0;9879.0;9879.0;0.0;7273.0;5185.0;9713.0;11745.0;42465.0;both;Camocim - CE;199006.0;184283.0;22020.0;11.95;both
2302602;Camocim - CE;2006;16729.0;10283.0;10283.0;0.0;7423.0;5230.0;9910.0;11891.0;42915.0;both;Camocim - CE;204821.0;188714.0;24629.0;13.05;both
2302602;Camocim - CE;2007;19403.0;10502.0;10502.0;0.0;7794.0;5491.0;10306.0;12485.0;44865.0;both;Camocim - CE;232357.0;214973.0;28156.0;13.1;both
2302602;Camocim - CE;2008;19701.0;10522.0;10522.0;0.0;8174.0;5755.0;10821.0;13109.0;46862.0;both;Camocim - CE;257645.0;237656.0;32750.0;13.78;both
2302602;Camocim - CE;2009;13085.0;10709.0;10709.0;0.0;8498.0;5890.0;11292.0;13602.0;49204.0;both;Camocim - CE;278019.0;255317.0;34321.0;13.44;both
2302602;Camocim - CE;2010;17253.0;10727.0;10727.0;0.0;8838.0;6067.0;11631.0;14028.0;50904.0;both;Camocim - CE;377211.0;352001.0;32010.0;9.09;both
2302602;Camocim - CE;2011;20665.0;10898.0;10898.0;0.0;9166.0;6263.0;12063.0;14661.0;53109.0;both;Camocim - CE;399157.0;372783.0;38647.0;10.37;both
2302602;Camocim - CE;2012;10216.0;10995.0;10995.0;0.0;9002.0;6420.0;12437.0;15100.0;54580.0;both;Camocim - CE;542984.0;503672.0;41843.0;8.31;both
2302602;Camocim - CE;2013;9197.0;11147.0;11147.0;0.0;8315.0;3927.0;11194.0;14296.0;51103.0;both;Camocim - CE;450700.0;423300.0;51869.0;12.25;both
2302602;Camocim - CE;2014;17401.0;12485.0;12485.0;0.0;8175.0;3890.0;10980.0;14254.0;52791.0;both;Camocim - CE;536578.0;507145.0;64027.0;12.62;both
2302602;Camocim - CE;2015;20352.0;13999.0;13999.0;0.0;8507.0;4473.0;11387.0;15764.0;58117.0;both;Camocim - CE;545101.0;513337.0;61250.0;11.93;both
2302602;Camocim - CE;2016;10478.0;12747.0;12747.0;0.0;7870.0;4200.0;9981.0;15090.0;60100.0;both;Camocim - CE;613524.0;578945.0;65208.0;11.26;both
2302602;Camocim - CE;2017;24364.0;13347.0;13347.0;0.0;9867.0;2950.0;8015.0;12258.0;63225.0;both;Camocim - CE;663652.0;625839.0;70185.0;11.21;both
2302602;Camocim - CE;2018;54880.0;14079.0;14079.0;0.0;6452.0;4181.0;5220.0;13129.0;67018.0;both;Camocim - CE;589611.0;558421.0;74107.0;13.27;both
2302602;Camocim - CE;2019;31900.0;14147.0;14147.0;0.0;6774.0;3930.0;4959.0;13990.0;70370.0;both;Camocim - CE;718819.0;670932.0;85386.0;12.73;both
2302602;Camocim - CE;2020;38394.0;14343.0;14343.0;0.0;6367.0;3852.0;4965.0;13570.0;67555.0;both;Camocim - CE;737463.0;696309.0;85611.0;12.29;both
2302602;Camocim - CE;2021;37820.0;14391.0;14391.0;0.0;6685.0;4240.0;5200.0;13840.0;60800.0;both;Camocim - CE;839500.0;788717.0;96180.0;12.19;both
2302602;Camocim - CE;2022;38653.0;14061.0;14061.0;0.0;5700.0;4587.0;4903.0;14532.0;59645.0;both;Camocim - CE;855906.0;;;;both
2302602;Camocim - CE;2023;36881.0;13918.0;13918.0;0.0;5410.0;4450.0;4655.0;15777.0;56484.0;both;Camocim - CE;982887.0;;;;both
2302602;Camocim - CE;2024;22440.0;13692.0;13692.0;0.0;4945.0;4126.0;4335.0;15986.0;55624.0;both;;;;;;left_only
2302701;Campos Sales - CE;2003;20944.0;10917.0;10917.0;0.0;7502.0;5325.0;13995.0;6526.0;43216.0;both;Campos Sales - CE;46709.0;43836.0;8560.0;19.53;both
2302701;Campos Sales - CE;2004;15155.0;6537.0;6537.0;0.0;7547.0;5617.0;15321.0;6564.0;51653.0;both;Campos Sales - CE;57215.0;53322.0;5686.0;10.66;both
2302701;Campos Sales - CE;2005;15608.0;7297.0;7297.0;0.0;7559.0;5707.0;16278.0;6480.0;54649.0;both;Campos Sales - CE;63716.0;59616.0;6217.0;10.43;both
2302701;Campos Sales - CE;2006;28432.0;8560.0;8560.0;0.0;7821.0;5924.0;17739.0;6470.0;56612.0;both;Campos Sales - CE;74543.0;69905.0;9268.0;13.26;both
2302701;Campos Sales - CE;2007;3520.0;7960.0;7960.0;0.0;7905.0;6517.0;18922.0;6417.0;54413.0;both;Campos Sales - CE;76450.0;71888.0;6334.0;8.81;both
2302701;Campos Sales - CE;2008;10076.0;8498.0;8498.0;0.0;7941.0;6796.0;19563.0;6201.0;56338.0;both;Campos Sales - CE;93158.0;87884.0;11728.0;13.35;both
2302701;Campos Sales - CE;2009;10122.0;9664.0;9664.0;0.0;7996.0;6872.0;19895.0;6300.0;57770.0;both;Campos Sales - CE;102335.0;96882.0;10161.0;10.49;both
2302701;Campos Sales - CE;2010;5357.0;8550.0;8550.0;0.0;7893.0;6915.0;20041.0;6144.0;58335.0;both;Campos Sales - CE;121510.0;114309.0;9924.0;8.68;both
2302701;Campos Sales - CE;2011;11797.0;8484.0;8484.0;0.0;7982.0;7006.0;20347.0;6200.0;59882.0;both;Campos Sales - CE;142526.0;134268.0;17390.0;12.95;both
2302701;Campos Sales - CE;2012;1184.0;6185.0;6185.0;0.0;12768.0;7523.0;20758.0;5846.0;58874.0;both;Campos Sales - CE;148208.0;138742.0;12029.0;8.67;both
2302701;Campos Sales - CE;2013;2440.0;8421.0;8421.0;0.0;11476.0;8275.0;22833.0;6430.0;62995.0;both;Campos Sales - CE;171344.0;161202.0;18036.0;11.19;both
2302701;Campos Sales - CE;2014;4795.0;8128.0;8128.0;0.0;11376.0;6896.0;28851.0;4591.0;73604.0;both;Campos Sales - CE;199452.0;188396.0;16644.0;8.83;both
2302701;Campos Sales - CE;2015;2639.0;5359.0;5359.0;0.0;11537.0;6500.0;27500.0;4361.0;69923.0;both;Campos Sales - CE;199437.0;188371.0;16948.0;9.0;both
2302701;Campos Sales - CE;2016;1045.0;5435.0;5435.0;0.0;10380.0;6800.0;28200.0;3930.0;62600.0;both;Campos Sales - CE;201419.0;189378.0;9772.0;5.16;both
2302701;Campos Sales - CE;2017;2158.0;6173.0;6173.0;0.0;9380.0;8500.0;26492.0;4600.0;40000.0;both;Campos Sales - CE;225833.0;213101.0;12058.0;5.66;both
2302701;Campos Sales - CE;2018;3220.0;6490.0;6490.0;0.0;9600.0;9100.0;35900.0;4800.0;50000.0;both;Campos Sales - CE;201810.0;191721.0;13965.0;7.28;both
2302701;Campos Sales - CE;2019;5751.0;5336.0;5336.0;0.0;10500.0;10500.0;40000.0;5100.0;70000.0;both;Campos Sales - CE;267501.0;252009.0;37740.0;14.98;both
2302701;Campos Sales - CE;2020;11183.0;5852.0;5852.0;0.0;11025.0;11300.0;42000.0;4800.0;68000.0;both;Campos Sales - CE;309895.0;295715.0;67449.0;22.81;both
2302701;Campos Sales - CE;2021;4887.0;5953.0;5953.0;0.0;15000.0;12200.0;46200.0;7200.0;80000.0;both;Campos Sales - CE;292357.0;274766.0;38765.0;14.11;both
2302701;Campos Sales - CE;2022;7237.0;6111.0;6111.0;0.0;15200.0;14000.0;47000.0;7400.0;84000.0;both;Campos Sales - CE;314915.0;;;;both
2302701;Campos Sales - CE;2023;5531.0;5773.0;5773.0;0.0;18000.0;14300.0;48000.0;7000.0;70000.0;both;Campos Sales - CE;370107.0;;;;both
2302701;Campos Sales - CE;2024;6349.0;5309.0;5309.0;0.0;19800.0;14000.0;40000.0;5950.0;74000.0;both;;;;;;left_only
2302800;Canindé - CE;2003;25486.0;30979.0;30979.0;0.0;30539.0;13087.0;20546.0;19896.0;148369.0;both;Canindé - CE;166701.0;158706.0;29033.0;18.29;both
2302800;Canindé - CE;2004;14678.0;33450.0;31390.0;0.0615844544095665;31302.0;13872.0;21367.0;20663.0;156173.0;both;Canindé - CE;182103.0;172578.0;25523.0;14.79;both
2302800;Canindé - CE;2005;12660.0;34846.0;34846.0;0.0;31615.0;14288.0;21794.0;21076.0;158962.0;both;Canindé - CE;199084.0;189213.0;23184.0;12.25;both
2302800;Canindé - CE;2006;38139.0;33410.0;33410.0;0.0;32563.0;14716.0;22447.0;21693.0;163730.0;both;Canindé - CE;228607.0;217625.0;39611.0;18.2;both
2302800;Canindé - CE;2007;19923.0;52296.0;52296.0;0.0;33214.0;15010.0;22895.0;22126.0;167004.0;both;Canindé - CE;236989.0;225735.0;31078.0;13.77;both
2302800;Canindé - CE;2008;42032.0;51390.0;45428.0;0.11601478886942984;33646.0;15235.0;23238.0;22392.0;169509.0;both;Canindé - CE;321382.0;307353.0;66293.0;21.57;both
2302800;Canindé - CE;2009;21734.0;51032.0;51032.0;0.0;34150.0;15509.0;23633.0;22663.0;172487.0;both;Canindé - CE;301376.0;287638.0;35802.0;12.45;both
2302800;Canindé - CE;2010;15734.0;40490.0;40490.0;0.0;35174.0;15896.0;24223.0;23342.0;177661.0;both;Canindé - CE;364415.0;343032.0;33941.0;9.89;both
2302800;Canindé - CE;2011;34557.0;35730.0;35730.0;0.0;36210.0;16301.0;24881.0;23850.0;185961.0;both;Canindé - CE;431699.0;409210.0;62388.0;15.25;both
2302800;Canindé - CE;2012;15348.0;25554.0;25554.0;0.0;34399.0;13692.0;21397.0;20213.0;166246.0;both;Canindé - CE;440712.0;414366.0;30861.0;7.45;both
2302800;Canindé - CE;2013;7382.0;13561.0;13550.0;0.0008111496202345414;23668.0;13418.0;21076.0;17235.0;161259.0;both;Canindé - CE;458613.0;433748.0;32547.0;7.5;both
2302800;Canindé - CE;2014;11241.0;20865.0;20865.0;0.0;22484.0;12747.0;20443.0;16717.0;166096.0;both;Canindé - CE;566151.0;537963.0;50898.0;9.46;both
2302800;Canindé - CE;2015;3681.0;19168.0;19168.0;0.0;21809.0;12870.0;20450.0;16835.0;166175.0;both;Canindé - CE;615599.0;582624.0;36241.0;6.22;both
2302800;Canindé - CE;2016;2542.0;13925.0;13925.0;0.0;22940.0;12978.0;20490.0;17171.0;166676.0;both;Canindé - CE;643018.0;606477.0;38948.0;6.42;both
2302800;Canindé - CE;2017;6336.0;20655.0;20655.0;0.0;19888.0;20764.0;54915.0;29407.0;98870.0;both;Canindé - CE;713727.0;672890.0;39211.0;5.83;both
2302800;Canindé - CE;2018;4750.0;15082.0;15082.0;0.0;21000.0;21200.0;56002.0;29642.0;96012.0;both;Canindé - CE;655467.0;619987.0;32431.0;5.23;both
2302800;Canindé - CE;2019;13429.0;20597.0;20597.0;0.0;21880.0;21836.0;57898.0;29964.0;97346.0;both;Canindé - CE;888885.0;829939.0;43750.0;5.27;both
2302800;Canindé - CE;2020;12077.0;21004.0;21004.0;0.0;22306.0;22159.0;58134.0;30020.0;96109.0;both;Canindé - CE;882668.0;825122.0;64869.0;7.86;both
2302800;Canindé - CE;2021;5102.0;20390.0;20390.0;0.0;22075.0;21910.0;57596.0;29872.0;97981.0;both;Canindé - CE;911356.0;846383.0;60721.0;7.17;both
2302800;Canindé - CE;2022;7854.0;23582.0;23582.0;0.0;23820.0;22560.0;59580.0;28367.0;98697.0;both;Canindé - CE;1021411.0;;;;both
2302800;Canindé - CE;2023;7686.0;25606.0;25606.0;0.0;22629.0;18048.0;47664.0;26948.0;88827.0;both;Canindé - CE;1194867.0;;;;both
2302800;Canindé - CE;2024;10409.0;26142.0;26142.0;0.0;21572.0;17723.0;46806.0;27567.0;86162.0;both;;;;;;left_only
2302909;Capistrano - CE;2003;12463.0;11758.0;11758.0;0.0;4380.0;318.0;870.0;1495.0;58734.0;both;Capistrano - CE;34175.0;33151.0;10925.0;32.95;both
2302909;Capistrano - CE;2004;8280.0;11652.0;11652.0;0.0;4483.0;343.0;888.0;1524.0;58937.0;both;Capistrano - CE;33171.0;31942.0;7936.0;24.85;both
2302909;Capistrano - CE;2005;9980.0;11194.0;11194.0;0.0;4545.0;364.0;909.0;1550.0;59179.0;both;Capistrano - CE;38577.0;37287.0;8808.0;23.62;both
2302909;Capistrano - CE;2006;15031.0;11172.0;11172.0;0.0;4612.0;386.0;932.0;1579.0;59445.0;both;Capistrano - CE;48350.0;46815.0;14348.0;30.65;both
2302909;Capistrano - CE;2007;12332.0;11231.0;11231.0;0.0;4684.0;411.0;958.0;1614.0;59637.0;both;Capistrano - CE;46163.0;44713.0;12216.0;27.32;both
2302909;Capistrano - CE;2008;14923.0;10325.0;10325.0;0.0;4753.0;439.0;962.0;1654.0;59706.0;both;Capistrano - CE;58144.0;56335.0;16398.0;29.11;both
2302909;Capistrano - CE;2009;10107.0;8348.0;8348.0;0.0;4826.0;469.0;968.0;1700.0;59790.0;both;Capistrano - CE;59423.0;57610.0;11098.0;19.26;both
2302909;Capistrano - CE;2010;6736.0;7509.0;7509.0;0.0;4904.0;499.0;975.0;1753.0;59888.0;both;Capistrano - CE;69708.0;67201.0;11960.0;17.8;both
2302909;Capistrano - CE;2011;13399.0;11011.0;11011.0;0.0;4984.0;526.0;981.0;1811.0;59993.0;both;Capistrano - CE;84911.0;82439.0;19965.0;24.22;both
2302909;Capistrano - CE;2012;4633.0;6053.0;5998.0;0.009086403436312618;4785.0;505.0;932.0;1742.0;57345.0;both;Capistrano - CE;78193.0;75084.0;9611.0;12.8;both
2302909;Capistrano - CE;2013;4268.0;5241.0;5241.0;0.0;4622.0;509.0;940.0;1915.0;63079.0;both;Capistrano - CE;87922.0;84614.0;10463.0;12.37;both
2302909;Capistrano - CE;2014;7891.0;7464.0;7464.0;0.0;4737.0;512.0;944.0;2011.0;68379.0;both;Capistrano - CE;111956.0;108403.0;19494.0;17.98;both
2302909;Capistrano - CE;2015;6593.0;6102.0;6102.0;0.0;4658.0;515.0;948.0;2110.0;70900.0;both;Capistrano - CE;110870.0;106647.0;13419.0;12.58;both
2302909;Capistrano - CE;2016;3286.0;5714.0;5714.0;0.0;4530.0;520.0;1005.0;2150.0;80000.0;both;Capistrano - CE;113574.0;109022.0;12436.0;11.41;both
2302909;Capistrano - CE;2017;8788.0;5696.0;5696.0;0.0;2926.0;737.0;1623.0;1409.0;18371.0;both;Capistrano - CE;148379.0;142919.0;33070.0;23.14;both
2302909;Capistrano - CE;2018;9997.0;5751.0;5751.0;0.0;2798.0;713.0;1636.0;1389.0;62500.0;both;Capistrano - CE;178074.0;173158.0;61089.0;35.28;both
2302909;Capistrano - CE;2019;10867.0;5706.0;5706.0;0.0;2854.0;749.0;1701.0;1402.0;12800.0;both;Capistrano - CE;154909.0;148356.0;25248.0;17.02;both
2302909;Capistrano - CE;2020;12175.0;6004.0;6004.0;0.0;2911.0;756.0;1769.0;1415.0;14720.0;both;Capistrano - CE;190414.0;182453.0;43339.0;23.75;both
2302909;Capistrano - CE;2021;7678.0;5313.0;5313.0;0.0;2956.0;760.0;1778.0;1422.0;14793.0;both;Capistrano - CE;176809.0;167117.0;26508.0;15.86;both
2302909;Capistrano - CE;2022;6009.0;5537.0;5537.0;0.0;2830.0;680.0;1610.0;1500.0;15800.0;both;Capistrano - CE;190140.0;;;;both
2302909;Capistrano - CE;2023;7855.0;5534.0;5534.0;0.0;4766.0;710.0;1800.0;1770.0;18800.0;both;Capistrano - CE;226541.0;;;;both
2302909;Capistrano - CE;2024;8962.0;4442.0;4442.0;0.0;4450.0;680.0;1850.0;1950.0;19700.0;both;;;;;;left_only
2303006;Caridade - CE;2003;3658.0;5146.0;5146.0;0.0;6786.0;2985.0;9091.0;4091.0;14093.0;both;Caridade - CE;36214.0;34099.0;4448.0;13.05;both
2303006;Caridade - CE;2004;2809.0;6636.0;6016.0;0.09342977697408072;6923.0;3074.0;9363.0;4261.0;14392.0;both;Caridade - CE;35122.0;33358.0;3971.0;11.9;both
2303006;Caridade - CE;2005;2738.0;7617.0;7617.0;0.0;7026.0;3166.0;9643.0;4379.0;14866.0;both;Caridade - CE;34390.0;32864.0;4340.0;13.21;both
2303006;Caridade - CE;2006;7799.0;8106.0;8106.0;0.0;7237.0;3261.0;9932.0;4509.0;15312.0;both;Caridade - CE;41896.0;40220.0;7731.0;19.22;both
2303006;Caridade - CE;2007;4270.0;7967.0;7967.0;0.0;7381.0;3326.0;10131.0;4598.0;15618.0;both;Caridade - CE;43372.0;41630.0;5434.0;13.05;both
2303006;Caridade - CE;2008;8428.0;8278.0;8278.0;0.0;7440.0;3369.0;10263.0;5509.0;18429.0;both;Caridade - CE;60223.0;58072.0;11699.0;20.15;both
2303006;Caridade - CE;2009;2224.0;8672.0;8672.0;0.0;7529.0;3419.0;10416.0;5580.0;18705.0;both;Caridade - CE;59584.0;57273.0;4931.0;8.61;both
2303006;Caridade - CE;2010;3058.0;7903.0;7903.0;0.0;7679.0;3538.0;10728.0;5746.0;19172.0;both;Caridade - CE;71756.0;68700.0;6505.0;9.47;both
2303006;Caridade - CE;2011;10065.0;10725.0;10725.0;0.0;7902.0;3631.0;11025.0;5870.0;20046.0;both;Caridade - CE;83329.0;80567.0;15361.0;19.07;both
2303006;Caridade - CE;2012;3773.0;9811.0;9811.0;0.0;6953.0;3122.0;9371.0;5064.0;17038.0;both;Caridade - CE;80672.0;76921.0;7322.0;9.52;both
2303006;Caridade - CE;2013;404.0;2744.0;1465.0;0.4661078717201166;6743.0;2903.0;8621.0;4384.0;15674.0;both;Caridade - CE;82660.0;78652.0;4795.0;6.1;both
2303006;Caridade - CE;2014;2595.0;4201.0;4201.0;0.0;6608.0;2859.0;8491.0;4282.0;15909.0;both;Caridade - CE;101595.0;97229.0;6637.0;6.83;both
2303006;Caridade - CE;2015;2160.0;9782.0;9782.0;0.0;6470.0;2920.0;8530.0;4120.0;15715.0;both;Caridade - CE;111431.0;106993.0;8881.0;8.3;both
2303006;Caridade - CE;2016;1158.0;7168.0;7168.0;0.0;5510.0;2870.0;8840.0;3980.0;15820.0;both;Caridade - CE;116149.0;110936.0;9603.0;8.66;both
2303006;Caridade - CE;2017;3728.0;12029.0;12023.0;0.000498794579765538;4999.0;6183.0;13812.0;14123.0;122698.0;both;Caridade - CE;126878.0;121675.0;14708.0;12.09;both
2303006;Caridade - CE;2018;8396.0;13049.0;13049.0;0.0;5093.0;6059.0;13570.0;15253.0;125017.0;both;Caridade - CE;129629.0;125431.0;18977.0;15.13;both
2303006;Caridade - CE;2019;9000.0;13409.0;13409.0;0.0;5298.0;5994.0;13218.0;15052.0;126114.0;both;Caridade - CE;154519.0;148958.0;25515.0;17.13;both
2303006;Caridade - CE;2020;6542.0;15210.0;15210.0;0.0;5425.0;6086.0;13525.0;14754.0;127414.0;both;Caridade - CE;181529.0;171765.0;26090.0;15.19;both
2303006;Caridade - CE;2021;2988.0;14810.0;14810.0;0.0;5537.0;6190.0;13829.0;15073.0;128961.0;both;Caridade - CE;186169.0;172609.0;20721.0;12.0;both
2303006;Caridade - CE;2022;6207.0;15710.0;15710.0;0.0;5691.0;6137.0;14365.0;19273.0;146994.0;both;Caridade - CE;187437.0;;;;both
2303006;Caridade - CE;2023;3856.0;16311.0;16311.0;0.0;5406.0;5401.0;16089.0;20718.0;132284.0;both;Caridade - CE;209728.0;;;;both
2303006;Caridade - CE;2024;6102.0;16415.0;16415.0;0.0;5198.0;5301.0;15791.0;21177.0;129638.0;both;;;;;;left_only
2303105;Cariré - CE;2003;8333.0;11610.0;11610.0;0.0;17764.0;5617.0;13287.0;13664.0;41251.0;both;Cariré - CE;38807.0;37962.0;14869.0;39.17;both
2303105;Cariré - CE;2004;6373.0;11824.0;11824.0;0.0;17980.0;6116.0;14180.0;13856.0;42300.0;both;Cariré - CE;35760.0;34620.0;10352.0;29.9;both
2303105;Cariré - CE;2005;5215.0;12403.0;12403.0;0.0;18104.0;6193.0;14558.0;13875.0;42477.0;both;Cariré - CE;39303.0;37883.0;9947.0;26.26;both
2303105;Cariré - CE;2006;8704.0;12827.0;12827.0;0.0;18052.0;6280.0;14497.0;13819.0;42514.0;both;Cariré - CE;45401.0;43885.0;12808.0;29.19;both
2303105;Cariré - CE;2007;8346.0;12957.0;12957.0;0.0;18091.0;6309.0;14518.0;13868.0;42555.0;both;Cariré - CE;48583.0;47190.0;12563.0;26.62;both
2303105;Cariré - CE;2008;8352.0;13050.0;13050.0;0.0;18072.0;6295.0;14508.0;13845.0;42536.0;both;Cariré - CE;58490.0;56708.0;15233.0;26.86;both
2303105;Cariré - CE;2009;5582.0;13145.0;13145.0;0.0;18080.0;6284.0;14477.0;13614.0;42714.0;both;Cariré - CE;62550.0;59615.0;12427.0;20.85;both
2303105;Cariré - CE;2010;4158.0;9474.0;9474.0;0.0;18257.0;6657.0;14821.0;13728.0;43522.0;both;Cariré - CE;68506.0;64583.0;11207.0;17.35;both
2303105;Cariré - CE;2011;6249.0;7827.0;7827.0;0.0;13899.0;6857.0;15191.0;14071.0;44609.0;both;Cariré - CE;77109.0;74230.0;14322.0;19.29;both
2303105;Cariré - CE;2012;2842.0;7495.0;7495.0;0.0;14690.0;7251.0;15895.0;15180.0;45455.0;both;Cariré - CE;78563.0;75410.0;11463.0;15.2;both
2303105;Cariré - CE;2013;905.0;5985.0;5985.0;0.0;13378.0;7381.0;15324.0;12332.0;41365.0;both;Cariré - CE;86581.0;83303.0;11044.0;13.26;both
2303105;Cariré - CE;2014;1163.0;5101.0;5091.0;0.001960399921584033;13696.0;7516.0;15314.0;11896.0;43412.0;both;Cariré - CE;99224.0;95632.0;13146.0;13.75;both
2303105;Cariré - CE;2015;1666.0;6359.0;6357.0;0.00031451486082711977;13700.0;7720.0;15315.0;11898.0;43415.0;both;Cariré - CE;110727.0;106407.0;15082.0;14.17;both
2303105;Cariré - CE;2016;1763.0;6979.0;6979.0;0.0;13380.0;7256.0;14492.0;10735.0;38939.0;both;Cariré - CE;119520.0;114666.0;17295.0;15.08;both
2303105;Cariré - CE;2017;5293.0;7198.0;7198.0;0.0;14049.0;7909.0;14927.0;11272.0;40885.0;both;Cariré - CE;141115.0;135606.0;26679.0;19.67;both
2303105;Cariré - CE;2018;6645.0;7444.0;7444.0;0.0;15453.0;8304.0;15374.0;9581.0;49062.0;both;Cariré - CE;155243.0;149324.0;35377.0;23.69;both
2303105;Cariré - CE;2019;5457.0;7253.0;7253.0;0.0;17507.0;8588.0;16136.0;7377.0;52117.0;both;Cariré - CE;163447.0;156070.0;36413.0;23.33;both
2303105;Cariré - CE;2020;5771.0;7422.0;7422.0;0.0;14756.0;8784.0;17247.0;8654.0;53832.0;both;Cariré - CE;175185.0;167923.0;40610.0;24.18;both
2303105;Cariré - CE;2021;6549.0;7323.0;7323.0;0.0;14608.0;4392.0;14142.0;6923.0;40374.0;both;Cariré - CE;193105.0;184816.0;54357.0;29.41;both
2303105;Cariré - CE;2022;5369.0;7858.0;7858.0;0.0;14973.0;4050.0;13190.0;6760.0;42500.0;both;Cariré - CE;208196.0;;;;both
2303105;Cariré - CE;2023;4020.0;7090.0;7090.0;0.0;15741.0;3871.0;12743.0;6987.0;43497.0;both;Cariré - CE;244538.0;;;;both
2303105;Cariré - CE;2024;5769.0;7183.0;7183.0;0.0;17236.0;3406.0;11469.0;6485.0;45671.0;both;;;;;;left_only
2303204;Caririaçu - CE;2003;14092.0;7006.0;7006.0;0.0;10008.0;3879.0;1250.0;6055.0;80134.0;both;Caririaçu - CE;51641.0;50353.0;15120.0;30.03;both
2303204;Caririaçu - CE;2004;9479.0;6805.0;6643.0;0.023806024981631202;10298.0;3956.0;1312.0;6171.0;82401.0;both;Caririaçu - CE;51675.0;50061.0;11538.0;23.05;both
2303204;Caririaçu - CE;2005;6098.0;3056.0;3056.0;0.0;10622.0;4110.0;1347.0;6299.0;85411.0;both;Caririaçu - CE;51720.0;49937.0;7843.0;15.71;both
2303204;Caririaçu - CE;2006;12085.0;5320.0;5320.0;0.0;11039.0;4274.0;1381.0;6401.0;87821.0;both;Caririaçu - CE;62799.0;60838.0;13321.0;21.9;both
2303204;Caririaçu - CE;2007;6930.0;7033.0;7033.0;0.0;11392.0;4411.0;1411.0;6488.0;89753.0;both;Caririaçu - CE;64501.0;62484.0;9974.0;15.96;both
2303204;Caririaçu - CE;2008;10475.0;7170.0;7170.0;0.0;11757.0;4552.0;1442.0;6576.0;91727.0;both;Caririaçu - CE;82488.0;80174.0;20688.0;25.8;both
2303204;Caririaçu - CE;2009;10856.0;7268.0;7268.0;0.0;11898.0;4607.0;1459.0;6599.0;92828.0;both;Caririaçu - CE;93436.0;91197.0;20251.0;22.21;both
2303204;Caririaçu - CE;2010;3019.0;6922.0;6922.0;0.0;12267.0;4768.0;1487.0;6782.0;96385.0;both;Caririaçu - CE;100203.0;96217.0;10879.0;11.31;both
2303204;Caririaçu - CE;2011;7877.0;6996.0;6996.0;0.0;12647.0;4935.0;1516.0;6971.0;100078.0;both;Caririaçu - CE;110101.0;105524.0;18641.0;17.67;both
2303204;Caririaçu - CE;2012;2305.0;3882.0;3882.0;0.0;15514.0;5108.0;1546.0;7164.0;103913.0;both;Caririaçu - CE;110841.0;105556.0;12478.0;11.82;both
2303204;Caririaçu - CE;2013;1890.0;2470.0;2470.0;0.0;14292.0;5228.0;1586.0;6459.0;104209.0;both;Caririaçu - CE;130863.0;126361.0;12307.0;9.74;both
2303204;Caririaçu - CE;2014;4243.0;2470.0;2470.0;0.0;14435.0;4966.0;1697.0;5684.0;101083.0;both;Caririaçu - CE;155775.0;150594.0;18895.0;12.55;both
2303204;Caririaçu - CE;2015;994.0;2245.0;2245.0;0.0;12724.0;3978.0;1974.0;5018.0;101572.0;both;Caririaçu - CE;156561.0;150196.0;12840.0;8.55;both
2303204;Caririaçu - CE;2016;500.0;2177.0;2177.0;0.0;11987.0;3600.0;1700.0;4399.0;82000.0;both;Caririaçu - CE;177432.0;170678.0;25489.0;14.93;both
2303204;Caririaçu - CE;2017;2848.0;2926.0;2926.0;0.0;10000.0;3000.0;1678.0;3500.0;55000.0;both;Caririaçu - CE;199735.0;192476.0;30272.0;15.73;both
2303204;Caririaçu - CE;2018;2322.0;2465.0;2465.0;0.0;12600.0;3053.0;1720.0;3542.0;55300.0;both;Caririaçu - CE;205795.0;198787.0;43669.0;21.97;both
2303204;Caririaçu - CE;2019;1840.0;2500.0;2500.0;0.0;14000.0;3200.0;1800.0;5000.0;56000.0;both;Caririaçu - CE;209969.0;201632.0;34755.0;17.24;both
2303204;Caririaçu - CE;2020;3347.0;2469.0;2469.0;0.0;15400.0;3235.0;1890.0;5050.0;61600.0;both;Caririaçu - CE;248330.0;239882.0;56295.0;23.47;both
2303204;Caririaçu - CE;2021;2677.0;2894.0;2894.0;0.0;15595.0;3620.0;1945.0;6275.0;61700.0;both;Caririaçu - CE;253127.0;242479.0;46161.0;19.04;both
2303204;Caririaçu - CE;2022;2474.0;2535.0;2535.0;0.0;15634.0;3665.0;2003.0;6350.0;62934.0;both;Caririaçu - CE;271670.0;;;;both
2303204;Caririaçu - CE;2023;1363.0;2556.0;2556.0;0.0;16312.0;3701.0;2043.0;6445.0;64934.0;both;Caririaçu - CE;295136.0;;;;both
2303204;Caririaçu - CE;2024;2675.0;2613.0;2613.0;0.0;16720.0;3750.0;2115.0;6790.0;65650.0;both;;;;;;left_only
2303303;Cariús - CE;2003;6196.0;4833.0;4833.0;0.0;11806.0;810.0;2214.0;6279.0;85190.0;both;Cariús - CE;32253.0;31399.0;8998.0;28.66;both
2303303;Cariús - CE;2004;5146.0;4869.0;4869.0;0.0;11971.0;718.0;2258.0;6359.0;86316.0;both;Cariús - CE;34809.0;33654.0;8134.0;24.17;both
2303303;Cariús - CE;2005;2529.0;3795.0;3795.0;0.0;11900.0;710.0;2235.0;6295.0;84589.0;both;Cariús - CE;35490.0;34134.0;5229.0;15.32;both
2303303;Cariús - CE;2006;6234.0;4437.0;4437.0;0.0;12150.0;782.0;2378.0;6340.0;85688.0;both;Cariús - CE;40323.0;38876.0;8127.0;20.9;both
2303303;Cariús - CE;2007;3531.0;4689.0;4689.0;0.0;13400.0;790.0;2401.0;7013.0;81403.0;both;Cariús - CE;44143.0;42607.0;6858.0;16.1;both
2303303;Cariús - CE;2008;4493.0;4765.0;4765.0;0.0;13440.0;797.0;2425.0;6171.0;71633.0;both;Cariús - CE;52930.0;51232.0;9207.0;17.97;both
2303303;Cariús - CE;2009;5017.0;4899.0;4899.0;0.0;13574.0;757.0;2303.0;5862.0;68051.0;both;Cariús - CE;58150.0;56210.0;9169.0;16.31;both
2303303;Cariús - CE;2010;3035.0;3777.0;3777.0;0.0;13125.0;750.0;2279.0;5686.0;65919.0;both;Cariús - CE;67280.0;64616.0;9262.0;14.33;both
2303303;Cariús - CE;2011;6272.0;4729.0;4729.0;0.0;15494.0;746.0;2268.0;5657.0;65386.0;both;Cariús - CE;74999.0;72132.0;12981.0;18.0;both
2303303;Cariús - CE;2012;2541.0;4668.0;4665.0;0.0006426735218508783;18217.0;709.0;2132.0;5600.0;64681.0;both;Cariús - CE;69583.0;67627.0;10079.0;14.9;both
2303303;Cariús - CE;2013;2102.0;2367.0;2364.0;0.0012674271229404788;19084.0;1000.0;2000.0;2000.0;61446.0;both;Cariús - CE;81832.0;78665.0;10411.0;13.24;both
2303303;Cariús - CE;2014;9248.0;4498.0;4498.0;0.0;19551.0;533.0;3784.0;2940.0;61000.0;both;Cariús - CE;107209.0;103948.0;23578.0;22.68;both
2303303;Cariús - CE;2015;2803.0;4379.0;4376.0;0.0006850879196163007;18621.0;540.0;4154.0;2580.0;54900.0;both;Cariús - CE;104195.0;100017.0;15563.0;15.56;both
2303303;Cariús - CE;2016;4440.0;3836.0;3826.0;0.002606882168926017;18508.0;906.0;4921.0;7000.0;52155.0;both;Cariús - CE;129647.0;124887.0;29179.0;23.36;both
2303303;Cariús - CE;2017;3667.0;4021.0;4021.0;0.0;16000.0;778.0;3840.0;2907.0;45274.0;both;Cariús - CE;138687.0;132943.0;28785.0;21.65;both
2303303;Cariús - CE;2018;9549.0;5160.0;5160.0;0.0;18000.0;1000.0;4000.0;3000.0;90000.0;both;Cariús - CE;141766.0;137148.0;34865.0;25.42;both
2303303;Cariús - CE;2019;4994.0;1990.0;1990.0;0.0;19500.0;1050.0;4200.0;3800.0;85000.0;both;Cariús - CE;144539.0;138125.0;27869.0;20.18;both
2303303;Cariús - CE;2020;10742.0;2745.0;2745.0;0.0;21573.0;1450.0;4800.0;4500.0;87000.0;both;Cariús - CE;164688.0;158547.0;43397.0;27.37;both
2303303;Cariús - CE;2021;6118.0;1504.0;1504.0;0.0;22154.0;2000.0;5000.0;4000.0;223635.0;both;Cariús - CE;180984.0;173220.0;51365.0;29.65;both
2303303;Cariús - CE;2022;4658.0;1247.0;1001.0;0.19727345629510828;22988.0;2200.0;5750.0;3200.0;228107.0;both;Cariús - CE;193985.0;;;;both
2303303;Cariús - CE;2023;7164.0;1673.0;1673.0;0.0;27589.0;1458.0;6189.0;3146.0;211748.0;both;Cariús - CE;229771.0;;;;both
2303303;Cariús - CE;2024;5390.0;1547.0;1547.0;0.0;28362.0;874.0;6387.0;3184.0;229429.0;both;;;;;;left_only
2303402;Carnaubal - CE;2003;12906.0;2118.0;2118.0;0.0;3125.0;2910.0;915.0;3566.0;13442.0;both;Carnaubal - CE;25762.0;24830.0;4388.0;17.67;both
2303402;Carnaubal - CE;2004;11804.0;2139.0;2139.0;0.0;3040.0;3400.0;1010.0;3660.0;14000.0;both;Carnaubal - CE;29397.0;28187.0;5384.0;19.1;both
2303402;Carnaubal - CE;2005;14079.0;4276.0;4276.0;0.0;2921.0;3706.0;952.0;3730.0;13508.0;both;Carnaubal - CE;34385.0;33073.0;6747.0;20.4;both
2303402;Carnaubal - CE;2006;15129.0;4746.0;4746.0;0.0;3140.0;3980.0;1130.0;3685.0;13710.0;both;Carnaubal - CE;39827.0;38288.0;9203.0;24.04;both
2303402;Carnaubal - CE;2007;14818.0;3751.0;3751.0;0.0;3730.0;4179.0;1186.0;3890.0;14532.0;both;Carnaubal - CE;39612.0;38194.0;7339.0;19.21;both
2303402;Carnaubal - CE;2008;18834.0;4844.0;4844.0;0.0;3779.0;4250.0;1320.0;4550.0;15880.0;both;Carnaubal - CE;50434.0;48786.0;10439.0;21.4;both
2303402;Carnaubal - CE;2009;16958.0;5232.0;5232.0;0.0;3920.0;4500.0;1400.0;4850.0;16850.0;both;Carnaubal - CE;56951.0;55271.0;10604.0;19.19;both
2303402;Carnaubal - CE;2010;17156.0;2947.0;2932.0;0.005089921954530063;4100.0;4100.0;1300.0;4730.0;17395.0;both;Carnaubal - CE;63877.0;61450.0;10247.0;16.68;both
2303402;Carnaubal - CE;2011;22421.0;6205.0;6205.0;0.0;4250.0;4000.0;1500.0;4500.0;16800.0;both;Carnaubal - CE;80335.0;77462.0;15943.0;20.58;both
2303402;Carnaubal - CE;2012;12110.0;3435.0;3435.0;0.0;4100.0;3500.0;1600.0;4750.0;16500.0;both;Carnaubal - CE;80918.0;77855.0;11351.0;14.58;both
2303402;Carnaubal - CE;2013;13666.0;3050.0;3050.0;0.0;3500.0;3300.0;1500.0;4350.0;16000.0;both;Carnaubal - CE;89526.0;86680.0;14629.0;16.88;both
2303402;Carnaubal - CE;2014;15378.0;2206.0;2206.0;0.0;3200.0;3100.0;1400.0;4100.0;15000.0;both;Carnaubal - CE;102348.0;99210.0;14250.0;14.36;both
2303402;Carnaubal - CE;2015;4547.0;1535.0;1535.0;0.0;2200.0;4200.0;1500.0;4200.0;13000.0;both;Carnaubal - CE;96758.0;93094.0;5698.0;6.12;both
2303402;Carnaubal - CE;2016;5242.0;1960.0;1960.0;0.0;2800.0;4500.0;1600.0;4350.0;15000.0;both;Carnaubal - CE;108308.0;103726.0;8622.0;8.31;both
2303402;Carnaubal - CE;2017;5460.0;1526.0;1526.0;0.0;2700.0;3750.0;1520.0;3800.0;12800.0;both;Carnaubal - CE;119644.0;114425.0;10836.0;9.47;both
2303402;Carnaubal - CE;2018;6880.0;2310.0;2310.0;0.0;2100.0;3600.0;1600.0;3500.0;15000.0;both;Carnaubal - CE;121779.0;117314.0;12206.0;10.4;both
2303402;Carnaubal - CE;2019;8353.0;2155.0;2155.0;0.0;2200.0;4000.0;1700.0;4000.0;20000.0;both;Carnaubal - CE;131300.0;125527.0;12906.0;10.28;both
2303402;Carnaubal - CE;2020;8992.0;1826.0;1826.0;0.0;2532.0;4453.0;1612.0;4720.0;18000.0;both;Carnaubal - CE;153577.0;146945.0;15084.0;10.27;both
2303402;Carnaubal - CE;2021;10900.0;2067.0;2067.0;0.0;2160.0;7500.0;2100.0;6200.0;22300.0;both;Carnaubal - CE;166772.0;158216.0;17685.0;11.18;both
2303402;Carnaubal - CE;2022;11611.0;2782.0;2782.0;0.0;2400.0;7650.0;2200.0;6300.0;25000.0;both;Carnaubal - CE;185440.0;;;;both
2303402;Carnaubal - CE;2023;13552.0;4198.0;4198.0;0.0;2534.0;9055.0;2248.0;6620.0;26268.0;both;Carnaubal - CE;210865.0;;;;both
2303402;Carnaubal - CE;2024;13969.0;3882.0;3882.0;0.0;2280.0;7606.0;1866.0;5429.0;21540.0;both;;;;;;left_only
2303501;Cascavel - CE;2003;36512.0;24304.0;24304.0;0.0;8133.0;988.0;7224.0;5484.0;931736.0;both;Cascavel - CE;262871.0;239647.0;21926.0;9.15;both
2303501;Cascavel - CE;2004;50863.0;24614.0;24614.0;0.0;8328.0;1039.0;7708.0;5667.0;931053.0;both;Cascavel - CE;345338.0;319549.0;24299.0;7.6;both
2303501;Cascavel - CE;2005;48918.0;24799.0;24799.0;0.0;8644.0;1128.0;8587.0;5925.0;966454.0;both;Cascavel - CE;353426.0;328182.0;25056.0;7.63;both
2303501;Cascavel - CE;2006;56641.0;25357.0;25357.0;0.0;8921.0;1195.0;9145.0;6131.0;1071959.0;both;Cascavel - CE;308125.0;285578.0;28795.0;10.08;both
2303501;Cascavel - CE;2007;57334.0;25528.0;25528.0;0.0;9188.0;1267.0;9739.0;6315.0;1092900.0;both;Cascavel - CE;301473.0;279563.0;28640.0;10.24;both
2303501;Cascavel - CE;2008;67673.0;27298.0;27298.0;0.0;9464.0;1325.0;10155.0;6551.0;1125495.0;both;Cascavel - CE;393873.0;363771.0;36217.0;9.96;both
2303501;Cascavel - CE;2009;65130.0;26700.0;26515.0;0.006928838951310912;9719.0;1366.0;10500.0;6797.0;1184000.0;both;Cascavel - CE;402209.0;372429.0;35111.0;9.43;both
2303501;Cascavel - CE;2010;63847.0;25100.0;25100.0;0.0;10015.0;1408.0;10867.0;7040.0;1213527.0;both;Cascavel - CE;477434.0;436464.0;39408.0;9.03;both
2303501;Cascavel - CE;2011;68879.0;28081.0;28081.0;0.0;10325.0;1457.0;11280.0;7305.0;1228722.0;both;Cascavel - CE;521580.0;479584.0;50646.0;10.56;both
2303501;Cascavel - CE;2012;64884.0;26884.0;26884.0;0.0;10655.0;1518.0;11776.0;7566.0;1271513.0;both;Cascavel - CE;580004.0;531946.0;49445.0;9.3;both
2303501;Cascavel - CE;2013;78499.0;27079.0;27079.0;0.0;10347.0;1613.0;12581.0;7341.0;1298754.0;both;Cascavel - CE;640554.0;587049.0;57661.0;9.82;both
2303501;Cascavel - CE;2014;75710.0;21589.0;21589.0;0.0;9346.0;1734.0;13126.0;7542.0;1398672.0;both;Cascavel - CE;777588.0;715630.0;63921.0;8.93;both
2303501;Cascavel - CE;2015;47804.0;26424.0;26424.0;0.0;8304.0;2034.0;14178.0;7764.0;1524378.0;both;Cascavel - CE;822905.0;756268.0;69416.0;9.18;both
2303501;Cascavel - CE;2016;62510.0;26232.0;26232.0;0.0;8145.0;2286.0;14642.0;7923.0;1643826.0;both;Cascavel - CE;874540.0;802999.0;85005.0;10.59;both
2303501;Cascavel - CE;2017;52669.0;15553.0;15553.0;0.0;5997.0;1924.0;8124.0;5124.0;1668904.0;both;Cascavel - CE;896071.0;824685.0;103289.0;12.52;both
2303501;Cascavel - CE;2018;53197.0;13116.0;13116.0;0.0;6095.0;2004.0;8187.0;5246.0;1456237.0;both;Cascavel - CE;751069.0;698477.0;96943.0;13.88;both
2303501;Cascavel - CE;2019;60926.0;11679.0;11679.0;0.0;6312.0;2056.0;8378.0;5312.0;1566891.0;both;Cascavel - CE;919612.0;842923.0;125273.0;14.86;both
2303501;Cascavel - CE;2020;57651.0;12039.0;12039.0;0.0;6398.0;2126.0;8534.0;5378.0;1713251.0;both;Cascavel - CE;958315.0;881864.0;123222.0;13.97;both
2303501;Cascavel - CE;2021;57283.0;12408.0;12408.0;0.0;6568.0;2287.0;9765.0;5664.0;1718954.0;both;Cascavel - CE;1074377.0;983022.0;127386.0;12.96;both
2303501;Cascavel - CE;2022;59533.0;12393.0;12393.0;0.0;6804.0;2383.0;10361.0;5885.0;1776084.0;both;Cascavel - CE;1182740.0;;;;both
2303501;Cascavel - CE;2023;59607.0;12527.0;12527.0;0.0;6763.0;2543.0;10976.0;6213.0;2050326.0;both;Cascavel - CE;1334364.0;;;;both
2303501;Cascavel - CE;2024;59503.0;12571.0;12571.0;0.0;7065.0;2756.0;11987.0;6897.0;2191228.0;both;;;;;;left_only
2303600;Catarina - CE;2003;2942.0;6628.0;6628.0;0.0;10209.0;9180.0;20386.0;9230.0;35025.0;both;Catarina - CE;23375.0;22671.0;5081.0;22.41;both
2303600;Catarina - CE;2004;3303.0;6568.0;6568.0;0.0;10362.0;9205.0;20585.0;9214.0;35674.0;both;Catarina - CE;26817.0;25986.0;5748.0;22.12;both
2303600;Catarina - CE;2005;742.0;2775.0;2775.0;0.0;10053.0;9180.0;19555.0;8764.0;33930.0;both;Catarina - CE;30714.0;29624.0;4100.0;13.84;both
2303600;Catarina - CE;2006;2061.0;4493.0;4493.0;0.0;10002.0;9080.0;19431.0;8301.0;32770.0;both;Catarina - CE;35209.0;34049.0;5481.0;16.1;both
2303600;Catarina - CE;2007;862.0;5265.0;5265.0;0.0;9090.0;8626.0;18459.0;7304.0;28837.0;both;Catarina - CE;36232.0;34939.0;4521.0;12.94;both
2303600;Catarina - CE;2008;4022.0;5556.0;5556.0;0.0;9120.0;8195.0;17536.0;6454.0;27017.0;both;Catarina - CE;46135.0;44637.0;7964.0;17.84;both
2303600;Catarina - CE;2009;2347.0;5609.0;5609.0;0.0;9122.0;1858.0;16659.0;6131.0;25665.0;both;Catarina - CE;48392.0;46875.0;5885.0;12.56;both
2303600;Catarina - CE;2010;1614.0;4191.0;4191.0;0.0;8789.0;1841.0;16493.0;5947.0;24894.0;both;Catarina - CE;58323.0;56295.0;6786.0;12.05;both
2303600;Catarina - CE;2011;4464.0;5197.0;5197.0;0.0;8999.0;1825.0;16480.0;5915.0;24769.0;both;Catarina - CE;65562.0;63050.0;8834.0;14.01;both
2303600;Catarina - CE;2012;577.0;5175.0;5175.0;0.0;9470.0;1733.0;15161.0;5855.0;24520.0;both;Catarina - CE;66068.0;63290.0;5296.0;8.37;both
2303600;Catarina - CE;2013;1435.0;5204.0;5204.0;0.0;8626.0;8259.0;29423.0;4129.0;22067.0;both;Catarina - CE;77238.0;74369.0;7323.0;9.85;both
2303600;Catarina - CE;2014;3816.0;5132.0;5132.0;0.0;8968.0;10075.0;30669.0;4484.0;60000.0;both;Catarina - CE;90472.0;87307.0;8018.0;9.18;both
2303600;Catarina - CE;2015;1611.0;5074.0;5074.0;0.0;8717.0;10278.0;30893.0;4886.0;36000.0;both;Catarina - CE;98351.0;94610.0;7534.0;7.96;both
2303600;Catarina - CE;2016;804.0;3818.0;3818.0;0.0;8815.0;11820.0;29348.0;2932.0;25200.0;both;Catarina - CE;104171.0;99956.0;7466.0;7.47;both
2303600;Catarina - CE;2017;1231.0;3460.0;3460.0;0.0;7541.0;5746.0;14580.0;3382.0;17477.0;both;Catarina - CE;111491.0;107499.0;8998.0;8.37;both
2303600;Catarina - CE;2018;3206.0;3068.0;3068.0;0.0;7465.0;6033.0;16000.0;3780.0;13981.0;both;Catarina - CE;121876.0;118471.0;11876.0;10.02;both
2303600;Catarina - CE;2019;1057.0;2183.0;2183.0;0.0;7690.0;6230.0;16545.0;3875.0;14320.0;both;Catarina - CE;118973.0;114320.0;8482.0;7.42;both
2303600;Catarina - CE;2020;5587.0;3319.0;3319.0;0.0;9464.0;12141.0;41857.0;6072.0;18616.0;both;Catarina - CE;139921.0;135242.0;20063.0;14.83;both
2303600;Catarina - CE;2021;5537.0;3016.0;3016.0;0.0;10784.0;9712.0;30000.0;7286.0;24200.0;both;Catarina - CE;154108.0;148458.0;24702.0;16.64;both
2303600;Catarina - CE;2022;3882.0;3732.0;3732.0;0.0;11857.0;12248.0;43119.0;6384.0;25100.0;both;Catarina - CE;132473.0;;;;both
2303600;Catarina - CE;2023;4049.0;3844.0;3844.0;0.0;12000.0;11822.0;42002.0;6114.0;21335.0;both;Catarina - CE;151959.0;;;;both
2303600;Catarina - CE;2024;2949.0;4734.0;4734.0;0.0;12218.0;10639.0;35700.0;6389.0;22041.0;both;;;;;;left_only
2303659;Catunda - CE;2003;3866.0;9062.0;9062.0;0.0;7350.0;5742.0;9521.0;3840.0;21125.0;both;Catunda - CE;18541.0;17984.0;5519.0;30.69;both
2303659;Catunda - CE;2004;2260.0;10648.0;10543.0;0.009861006761833213;7497.0;5971.0;9901.0;4023.0;21998.0;both;Catunda - CE;17360.0;16723.0;4176.0;24.97;both
2303659;Catunda - CE;2005;3438.0;8771.0;8771.0;0.0;7609.0;6179.0;10139.0;4094.0;22594.0;both;Catunda - CE;20320.0;19602.0;5231.0;26.69;both
2303659;Catunda - CE;2006;7623.0;8404.0;8404.0;0.0;7761.0;6395.0;10443.0;4175.0;23207.0;both;Catunda - CE;27772.0;26942.0;9498.0;35.25;both
2303659;Catunda - CE;2007;3743.0;8863.0;8863.0;0.0;7916.0;6522.0;10651.0;4258.0;23670.0;both;Catunda - CE;25846.0;25045.0;5302.0;21.17;both
2303659;Catunda - CE;2008;7701.0;9484.0;9484.0;0.0;7995.0;6620.0;10811.0;4322.0;24052.0;both;Catunda - CE;36723.0;35730.0;9811.0;27.46;both
2303659;Catunda - CE;2009;4468.0;9503.0;9503.0;0.0;8055.0;6733.0;10995.0;4388.0;24455.0;both;Catunda - CE;36093.0;35046.0;6896.0;19.68;both
2303659;Catunda - CE;2010;4730.0;9459.0;9459.0;0.0;8256.0;6921.0;11269.0;4508.0;25160.0;both;Catunda - CE;44941.0;43180.0;9635.0;22.31;both
2303659;Catunda - CE;2011;11024.0;10919.0;10919.0;0.0;8502.0;7104.0;11579.0;4608.0;26312.0;both;Catunda - CE;62925.0;59891.0;17281.0;28.85;both
2303659;Catunda - CE;2012;4958.0;9383.0;9383.0;0.0;7311.0;6251.0;9957.0;4164.0;22853.0;both;Catunda - CE;49841.0;47647.0;8657.0;18.17;both
2303659;Catunda - CE;2013;2118.0;4266.0;4264.0;0.00046882325363339916;7041.0;5750.0;9558.0;3182.0;21710.0;both;Catunda - CE;62428.0;59104.0;9450.0;15.99;both
2303659;Catunda - CE;2014;3510.0;9296.0;9296.0;0.0;6900.0;5720.0;9510.0;3118.0;21487.0;both;Catunda - CE;77222.0;73644.0;11813.0;16.04;both
2303659;Catunda - CE;2015;2443.0;11002.0;11002.0;0.0;6470.0;5815.0;9568.0;3140.0;21520.0;both;Catunda - CE;76508.0;72700.0;9257.0;12.73;both
2303659;Catunda - CE;2016;1865.0;10042.0;10042.0;0.0;5800.0;5920.0;9640.0;3240.0;41630.0;both;Catunda - CE;81492.0;77626.0;12002.0;15.46;both
2303659;Catunda - CE;2017;4283.0;15034.0;15034.0;0.0;6307.0;4297.0;14518.0;2168.0;11787.0;both;Catunda - CE;85801.0;82587.0;13044.0;15.79;both
2303659;Catunda - CE;2018;4328.0;13102.0;13102.0;0.0;6512.0;4461.0;15195.0;2220.0;10608.0;both;Catunda - CE;82305.0;79817.0;11112.0;13.92;both
2303659;Catunda - CE;2019;12195.0;15014.0;15014.0;0.0;6695.0;4572.0;15620.0;2264.0;10979.0;both;Catunda - CE;113083.0;109475.0;26061.0;23.81;both
2303659;Catunda - CE;2020;6244.0;15015.0;15015.0;0.0;6895.0;4677.0;16010.0;2302.0;11200.0;both;Catunda - CE;104550.0;101076.0;17332.0;17.15;both
2303659;Catunda - CE;2021;2898.0;10353.0;10353.0;0.0;6757.0;4443.0;15050.0;2232.0;10808.0;both;Catunda - CE;112081.0;107923.0;16349.0;15.15;both
2303659;Catunda - CE;2022;1600.0;5027.0;5027.0;0.0;6183.0;4000.0;13846.0;2187.0;10590.0;both;Catunda - CE;117230.0;;;;both
2303659;Catunda - CE;2023;1697.0;6126.0;6126.0;0.0;6121.0;3640.0;12700.0;2154.0;10748.0;both;Catunda - CE;137704.0;;;;both
2303659;Catunda - CE;2024;2445.0;6278.0;6278.0;0.0;6000.0;3403.0;11430.0;2100.0;10963.0;both;;;;;;left_only
2303709;Caucaia - CE;2003;30170.0;7450.0;7450.0;0.0;18397.0;4936.0;7918.0;9060.0;685712.0;both;Caucaia - CE;973170.0;827802.0;24919.0;3.01;both
2303709;Caucaia - CE;2004;32359.0;9400.0;9400.0;0.0;18599.0;4985.0;8005.0;9151.0;576933.0;both;Caucaia - CE;1113780.0;936489.0;27831.0;2.97;both
2303709;Caucaia - CE;2005;40605.0;10320.0;10320.0;0.0;19066.0;5355.0;8688.0;9411.0;562082.0;both;Caucaia - CE;1232377.0;1045804.0;28404.0;2.72;both
2303709;Caucaia - CE;2006;49516.0;10653.0;10653.0;0.0;19473.0;5562.0;8965.0;9928.0;380142.0;both;Caucaia - CE;1532514.0;1289342.0;31675.0;2.46;both
2303709;Caucaia - CE;2007;44960.0;10367.0;10367.0;0.0;20631.0;5806.0;9291.0;10377.0;592835.0;both;Caucaia - CE;1751050.0;1438016.0;30675.0;2.13;both
2303709;Caucaia - CE;2008;44322.0;10860.0;10860.0;0.0;21030.0;6038.0;9599.0;10714.0;547448.0;both;Caucaia - CE;2102938.0;1685302.0;34695.0;2.06;both
2303709;Caucaia - CE;2009;43668.0;11699.0;11699.0;0.0;20601.0;5409.0;11806.0;10415.0;645398.0;both;Caucaia - CE;2301594.0;1958857.0;36053.0;1.84;both
2303709;Caucaia - CE;2010;48749.0;12278.0;12278.0;0.0;21219.0;5570.0;12135.0;10722.0;594385.0;both;Caucaia - CE;2842606.0;2377556.0;41704.0;1.75;both
2303709;Caucaia - CE;2011;52896.0;12888.0;12888.0;0.0;21016.0;5810.0;12612.0;10789.0;557985.0;both;Caucaia - CE;3283060.0;2760431.0;47180.0;1.71;both
2303709;Caucaia - CE;2012;23603.0;11922.0;11922.0;0.0;21769.0;6015.0;12815.0;11183.0;575750.0;both;Caucaia - CE;3853817.0;3189489.0;39759.0;1.25;both
2303709;Caucaia - CE;2013;12605.0;9373.0;8620.0;0.08033713858956582;22953.0;5594.0;12046.0;11740.0;524210.0;both;Caucaia - CE;4750602.0;3892604.0;38951.0;1.0;both
2303709;Caucaia - CE;2014;15493.0;10692.0;10692.0;0.0;23388.0;5663.0;12188.0;11986.0;534816.0;both;Caucaia - CE;5582491.0;4684644.0;53048.0;1.13;both
2303709;Caucaia - CE;2015;4508.0;4550.0;4550.0;0.0;22776.0;5658.0;12208.0;11896.0;530895.0;both;Caucaia - CE;5743008.0;4795643.0;51176.0;1.07;both
2303709;Caucaia - CE;2016;4476.0;6912.0;6912.0;0.0;21688.0;5358.0;11489.0;10998.0;458692.0;both;Caucaia - CE;5443796.0;4624712.0;54828.0;1.19;both
2303709;Caucaia - CE;2017;11334.0;6733.0;6733.0;0.0;20613.0;4425.0;10995.0;11993.0;510540.0;both;Caucaia - CE;5862516.0;4941308.0;78588.0;1.59;both
2303709;Caucaia - CE;2018;7576.0;5929.0;5929.0;0.0;20558.0;3591.0;11389.0;12711.0;363921.0;both;Caucaia - CE;5069517.0;4330943.0;56685.0;1.31;both
2303709;Caucaia - CE;2019;8148.0;6421.0;6421.0;0.0;21062.0;3649.0;11715.0;13013.0;386719.0;both;Caucaia - CE;6915884.0;5869821.0;46686.0;0.8;both
2303709;Caucaia - CE;2020;10582.0;6171.0;6171.0;0.0;20416.0;3765.0;11997.0;13310.0;399214.0;both;Caucaia - CE;7171082.0;5918518.0;59616.0;1.01;both
2303709;Caucaia - CE;2021;9519.0;6886.0;6886.0;0.0;19390.0;3576.0;11600.0;12600.0;407736.0;both;Caucaia - CE;10422701.0;8423170.0;64801.0;0.77;both
2303709;Caucaia - CE;2022;9479.0;6915.0;6915.0;0.0;17995.0;3414.0;11250.0;12005.0;415958.0;both;Caucaia - CE;9891544.0;;;;both
2303709;Caucaia - CE;2023;8416.0;6909.0;6909.0;0.0;17865.0;3215.0;10780.0;11950.0;428523.0;both;Caucaia - CE;9873557.0;;;;both
2303709;Caucaia - CE;2024;9548.0;7049.0;7049.0;0.0;16500.0;2720.0;9720.0;10795.0;408396.0;both;;;;;;left_only
2303808;Cedro - CE;2003;7969.0;6442.0;6442.0;0.0;18460.0;2280.0;3690.0;4990.0;64682.0;both;Cedro - CE;47692.0;45174.0;10039.0;22.22;both
2303808;Cedro - CE;2004;5043.0;6338.0;6278.0;0.009466708740927698;18755.0;2300.0;3700.0;4991.0;65976.0;both;Cedro - CE;50460.0;47566.0;8546.0;17.97;both
2303808;Cedro - CE;2005;2232.0;5597.0;5597.0;0.0;18661.0;2277.0;3663.0;4941.0;64656.0;both;Cedro - CE;54519.0;51312.0;6512.0;12.69;both
2303808;Cedro - CE;2006;8961.0;6420.0;6420.0;0.0;18101.0;2302.0;3674.0;4919.0;65101.0;both;Cedro - CE;64685.0;60875.0;10617.0;17.44;both
2303808;Cedro - CE;2007;3666.0;6311.0;6311.0;0.0;17520.0;2186.0;3490.0;4672.0;61845.0;both;Cedro - CE;65914.0;62098.0;7636.0;12.3;both
2303808;Cedro - CE;2008;4060.0;6021.0;6021.0;0.0;17572.0;2164.0;3455.0;4438.0;58753.0;both;Cedro - CE;80659.0;75888.0;9252.0;12.19;both
2303808;Cedro - CE;2009;6378.0;6138.0;6138.0;0.0;18000.0;2142.0;3288.0;4215.0;55815.0;both;Cedro - CE;92416.0;87706.0;10326.0;11.77;both
2303808;Cedro - CE;2010;2170.0;4795.0;4795.0;0.0;26568.0;2121.0;3256.0;4173.0;55258.0;both;Cedro - CE;104132.0;98071.0;9310.0;9.49;both
2303808;Cedro - CE;2011;6309.0;5515.0;5515.0;0.0;29409.0;2108.0;3226.0;4154.0;55212.0;both;Cedro - CE;117748.0;111156.0;15261.0;13.73;both
2303808;Cedro - CE;2012;3043.0;4702.0;4702.0;0.0;29906.0;2065.0;3161.0;4071.0;54109.0;both;Cedro - CE;123380.0;115541.0;13333.0;11.54;both
2303808;Cedro - CE;2013;1269.0;1176.0;1176.0;0.0;27214.0;1898.0;2791.0;3661.0;48698.0;both;Cedro - CE;133563.0;125287.0;11302.0;9.02;both
2303808;Cedro - CE;2014;6548.0;5390.0;5390.0;0.0;30026.0;4417.0;8204.0;5693.0;90000.0;both;Cedro - CE;166772.0;157977.0;22271.0;14.1;both
2303808;Cedro - CE;2015;1387.0;2140.0;2140.0;0.0;29004.0;6000.0;8000.0;4500.0;80000.0;both;Cedro - CE;171302.0;158819.0;14473.0;9.11;both
2303808;Cedro - CE;2016;449.0;1424.0;1424.0;0.0;28488.0;5142.0;9235.0;6598.0;81600.0;both;Cedro - CE;184395.0;171969.0;19177.0;11.15;both
2303808;Cedro - CE;2017;2055.0;1702.0;1702.0;0.0;25000.0;2351.0;3677.0;2950.0;70646.0;both;Cedro - CE;187814.0;176312.0;16521.0;9.37;both
2303808;Cedro - CE;2018;4543.0;2856.0;2856.0;0.0;26000.0;2586.0;3860.0;3000.0;72000.0;both;Cedro - CE;186986.0;178644.0;23565.0;13.19;both
2303808;Cedro - CE;2019;4173.0;2470.0;2470.0;0.0;28000.0;3100.0;4246.0;2700.0;80000.0;both;Cedro - CE;205687.0;195134.0;21588.0;11.06;both
2303808;Cedro - CE;2020;4874.0;2594.0;2594.0;0.0;27936.0;3400.0;4460.0;3000.0;85000.0;both;Cedro - CE;224930.0;212702.0;29737.0;13.98;both
2303808;Cedro - CE;2021;4573.0;2821.0;2821.0;0.0;28936.0;5000.0;5500.0;2500.0;100000.0;both;Cedro - CE;247325.0;232640.0;40875.0;17.57;both
2303808;Cedro - CE;2022;3822.0;3167.0;3167.0;0.0;31829.0;5300.0;5700.0;2600.0;105000.0;both;Cedro - CE;260564.0;;;;both
2303808;Cedro - CE;2023;3533.0;3057.0;3057.0;0.0;33065.0;5150.0;5238.0;2512.0;109363.0;both;Cedro - CE;304070.0;;;;both
2303808;Cedro - CE;2024;2640.0;2903.0;2903.0;0.0;34000.0;4635.0;4966.0;2582.0;106300.0;both;;;;;;left_only
2303907;Chaval - CE;2003;6381.0;3320.0;3320.0;0.0;2200.0;3120.0;1521.0;4650.0;6107.0;both;Chaval - CE;19876.0;19112.0;2397.0;12.54;both
2303907;Chaval - CE;2004;6690.0;3525.0;3525.0;0.0;2266.0;3214.0;1567.0;4790.0;6290.0;both;Chaval - CE;22318.0;21358.0;2600.0;12.17;both
2303907;Chaval - CE;2005;6690.0;3768.0;3768.0;0.0;2334.0;3342.0;1614.0;4934.0;6478.0;both;Chaval - CE;27311.0;26146.0;2719.0;10.4;both
2303907;Chaval - CE;2006;7429.0;4126.0;4126.0;0.0;2372.0;3396.0;1685.0;5000.0;6699.0;both;Chaval - CE;29811.0;28518.0;2916.0;10.22;both
2303907;Chaval - CE;2007;7793.0;4018.0;4018.0;0.0;2490.0;3566.0;1769.0;5290.0;7071.0;both;Chaval - CE;30700.0;29421.0;3065.0;10.42;both
2303907;Chaval - CE;2008;7415.0;3978.0;3978.0;0.0;2614.0;3744.0;1857.0;5511.0;7425.0;both;Chaval - CE;39200.0;37704.0;3849.0;10.21;both
2303907;Chaval - CE;2009;5366.0;4044.0;4044.0;0.0;2710.0;3843.0;1935.0;5748.0;7710.0;both;Chaval - CE;43639.0;42178.0;3822.0;9.06;both
2303907;Chaval - CE;2010;5916.0;3110.0;3110.0;0.0;2818.0;3997.0;2012.0;5978.0;8018.0;both;Chaval - CE;47895.0;46047.0;3016.0;6.55;both
2303907;Chaval - CE;2011;8648.0;3160.0;3160.0;0.0;2888.0;4097.0;2062.0;6128.0;8308.0;both;Chaval - CE;52678.0;50658.0;4071.0;8.04;both
2303907;Chaval - CE;2012;4840.0;3301.0;3301.0;0.0;2801.0;3933.0;2041.0;6019.0;8189.0;both;Chaval - CE;58543.0;56296.0;4048.0;7.19;both
2303907;Chaval - CE;2013;5099.0;3096.0;3096.0;0.0;2006.0;3500.0;2000.0;6361.0;8629.0;both;Chaval - CE;65653.0;62817.0;4834.0;7.69;both
2303907;Chaval - CE;2014;5904.0;3064.0;3064.0;0.0;1987.0;3384.0;1976.0;6524.0;8803.0;both;Chaval - CE;73708.0;70622.0;4956.0;7.02;both
2303907;Chaval - CE;2015;2435.0;2354.0;2354.0;0.0;1992.0;3621.0;1989.0;7003.0;9445.0;both;Chaval - CE;75915.0;72657.0;4521.0;6.22;both
2303907;Chaval - CE;2016;2432.0;2133.0;2133.0;0.0;1851.0;3384.0;1992.0;6617.0;9670.0;both;Chaval - CE;81616.0;78062.0;5043.0;6.46;both
2303907;Chaval - CE;2017;2353.0;2275.0;2275.0;0.0;1650.0;2928.0;974.0;4521.0;6235.0;both;Chaval - CE;92311.0;88459.0;5363.0;6.06;both
2303907;Chaval - CE;2018;2804.0;1368.0;1368.0;0.0;1700.0;2108.0;780.0;4137.0;6546.0;both;Chaval - CE;84012.0;80568.0;4156.0;5.16;both
2303907;Chaval - CE;2019;1144.0;1271.0;1271.0;0.0;1600.0;2220.0;800.0;4150.0;6570.0;both;Chaval - CE;95474.0;91058.0;3959.0;4.35;both
2303907;Chaval - CE;2020;1656.0;1346.0;1346.0;0.0;1720.0;2400.0;870.0;4067.0;6767.0;both;Chaval - CE;101907.0;97693.0;4656.0;4.77;both
2303907;Chaval - CE;2021;1969.0;1366.0;1366.0;0.0;1692.0;2520.0;914.0;4148.0;6430.0;both;Chaval - CE;110318.0;104834.0;5685.0;5.42;both
2303907;Chaval - CE;2022;2732.0;1352.0;1352.0;0.0;1573.0;2270.0;870.0;3749.0;6310.0;both;Chaval - CE;125251.0;;;;both
2303907;Chaval - CE;2023;2549.0;1354.0;1354.0;0.0;1600.0;2045.0;815.0;3561.0;6096.0;both;Chaval - CE;141211.0;;;;both
2303907;Chaval - CE;2024;2391.0;1366.0;1366.0;0.0;1356.0;1887.0;756.0;3654.0;6324.0;both;;;;;;left_only
2303931;Choró - CE;2003;6519.0;5120.0;5120.0;0.0;11800.0;3950.0;9730.0;4320.0;64000.0;both;Choró - CE;23353.0;22933.0;7454.0;32.5;both
2303931;Choró - CE;2004;2335.0;5065.0;5065.0;0.0;12700.0;4260.0;10500.0;4220.0;65500.0;both;Choró - CE;22615.0;22090.0;5493.0;24.87;both
2303931;Choró - CE;2005;2220.0;3029.0;3029.0;0.0;13100.0;4430.0;10900.0;4325.0;67250.0;both;Choró - CE;26001.0;25338.0;6043.0;23.85;both
2303931;Choró - CE;2006;2620.0;3665.0;3665.0;0.0;13360.0;4540.0;11100.0;4230.0;68500.0;both;Choró - CE;28150.0;27360.0;6417.0;23.46;both
2303931;Choró - CE;2007;1273.0;4143.0;3033.0;0.26792179580014486;13750.0;4670.0;11450.0;4315.0;70300.0;both;Choró - CE;30095.0;29123.0;6070.0;20.84;both
2303931;Choró - CE;2008;3986.0;3585.0;3585.0;0.0;14200.0;4820.0;11800.0;4110.0;66550.0;both;Choró - CE;38168.0;37227.0;9221.0;24.77;both
2303931;Choró - CE;2009;1063.0;3732.0;2752.0;0.262593783494105;14650.0;4970.0;12150.0;3900.0;64800.0;both;Choró - CE;43919.0;42857.0;6900.0;16.1;both
2303931;Choró - CE;2010;545.0;2118.0;2118.0;0.0;14900.0;5100.0;15500.0;3845.0;65400.0;both;Choró - CE;44039.0;42933.0;5857.0;13.64;both
2303931;Choró - CE;2011;4484.0;3918.0;3918.0;0.0;15350.0;5508.0;16100.0;3740.0;64460.0;both;Choró - CE;54829.0;53360.0;11441.0;21.44;both
2303931;Choró - CE;2012;125.0;1990.0;1955.0;0.017587939698492483;13880.0;5250.0;14600.0;3410.0;59600.0;both;Choró - CE;52844.0;51119.0;6009.0;11.75;both
2303931;Choró - CE;2013;415.0;922.0;922.0;0.0;10700.0;5140.0;13432.0;3200.0;56024.0;both;Choró - CE;58757.0;56920.0;7952.0;13.97;both
2303931;Choró - CE;2014;484.0;1382.0;1382.0;0.0;10900.0;5390.0;13960.0;3300.0;58260.0;both;Choró - CE;69800.0;67814.0;8435.0;12.44;both
2303931;Choró - CE;2015;304.0;2511.0;2511.0;0.0;10500.0;5300.0;13200.0;3100.0;53000.0;both;Choró - CE;71054.0;68685.0;7511.0;10.93;both
2303931;Choró - CE;2016;119.0;1887.0;1887.0;0.0;8925.0;7765.0;13717.0;3350.0;57850.0;both;Choró - CE;73022.0;70394.0;7601.0;10.8;both
2303931;Choró - CE;2017;3139.0;3413.0;3413.0;0.0;8013.0;6578.0;10670.0;2596.0;43000.0;both;Choró - CE;83643.0;81159.0;12421.0;15.3;both
2303931;Choró - CE;2018;2397.0;3509.0;3509.0;0.0;9230.0;7502.0;12368.0;3100.0;45600.0;both;Choró - CE;82146.0;79672.0;9233.0;11.59;both
2303931;Choró - CE;2019;1618.0;3612.0;3612.0;0.0;9520.0;7950.0;13500.0;3200.0;46250.0;both;Choró - CE;124553.0;118359.0;8947.0;7.56;both
2303931;Choró - CE;2020;2389.0;3447.0;3447.0;0.0;9571.0;8100.0;14200.0;3300.0;48050.0;both;Choró - CE;176741.0;167115.0;13401.0;8.02;both
2303931;Choró - CE;2021;1004.0;3566.0;3566.0;0.0;9025.0;8065.0;15420.0;3150.0;49152.0;both;Choró - CE;178989.0;167029.0;13500.0;8.08;both
2303931;Choró - CE;2022;1591.0;3715.0;3715.0;0.0;9528.0;8412.0;15850.0;3250.0;50125.0;both;Choró - CE;192951.0;;;;both
2303931;Choró - CE;2023;739.0;3764.0;3764.0;0.0;9249.0;9232.0;16930.0;3629.0;55230.0;both;Choró - CE;211479.0;;;;both
2303931;Choró - CE;2024;1020.0;3138.0;3138.0;0.0;10253.0;9354.0;17841.0;3584.0;58410.0;both;;;;;;left_only
2303956;Chorozinho - CE;2003;11605.0;17304.0;17304.0;0.0;5563.0;664.0;1326.0;788.0;130735.0;both;Chorozinho - CE;39225.0;37311.0;5394.0;14.46;both
2303956;Chorozinho - CE;2004;14718.0;18276.0;18276.0;0.0;5585.0;676.0;1363.0;801.0;131018.0;both;Chorozinho - CE;43292.0;41057.0;6310.0;15.37;both
2303956;Chorozinho - CE;2005;12350.0;17531.0;17531.0;0.0;5608.0;691.0;1405.0;815.0;131330.0;both;Chorozinho - CE;47036.0;44593.0;5599.0;12.56;both
2303956;Chorozinho - CE;2006;15085.0;18035.0;18035.0;0.0;5634.0;708.0;1436.0;830.0;131658.0;both;Chorozinho - CE;52801.0;50004.0;6189.0;12.38;both
2303956;Chorozinho - CE;2007;12602.0;18070.0;18070.0;0.0;5664.0;728.0;1508.0;848.0;132039.0;both;Chorozinho - CE;55968.0;52998.0;6361.0;12.0;both
2303956;Chorozinho - CE;2008;13744.0;17959.0;17959.0;0.0;5699.0;758.0;1580.0;870.0;132472.0;both;Chorozinho - CE;64536.0;60511.0;7463.0;12.33;both
2303956;Chorozinho - CE;2009;12529.0;18202.0;18202.0;0.0;5737.0;791.0;1582.0;899.0;132930.0;both;Chorozinho - CE;71661.0;68025.0;7469.0;10.98;both
2303956;Chorozinho - CE;2010;9088.0;17629.0;17629.0;0.0;5778.0;825.0;1585.0;929.0;133416.0;both;Chorozinho - CE;94614.0;88346.0;7449.0;8.43;both
2303956;Chorozinho - CE;2011;14464.0;19166.0;19166.0;0.0;5820.0;861.0;1589.0;959.0;133914.0;both;Chorozinho - CE;102721.0;96737.0;12275.0;12.69;both
2303956;Chorozinho - CE;2012;4418.0;16961.0;16961.0;0.0;5384.0;839.0;1548.0;934.0;130787.0;both;Chorozinho - CE;94109.0;89560.0;7758.0;8.66;both
2303956;Chorozinho - CE;2013;6948.0;17108.0;17108.0;0.0;5585.0;845.0;1559.0;1027.0;143865.0;both;Chorozinho - CE;111909.0;106307.0;9316.0;8.76;both
2303956;Chorozinho - CE;2014;10063.0;18836.0;18836.0;0.0;5786.0;849.0;1592.0;1099.0;155065.0;both;Chorozinho - CE;128139.0;122701.0;14760.0;12.03;both
2303956;Chorozinho - CE;2015;4947.0;18718.0;18718.0;0.0;5326.0;954.0;1640.0;1172.0;164950.0;both;Chorozinho - CE;132403.0;125482.0;11698.0;9.32;both
2303956;Chorozinho - CE;2016;3932.0;18621.0;18621.0;0.0;5250.0;964.0;1670.0;1200.0;166500.0;both;Chorozinho - CE;139148.0;131903.0;13347.0;10.12;both
2303956;Chorozinho - CE;2017;7541.0;17411.0;17411.0;0.0;3255.0;677.0;1930.0;1051.0;246510.0;both;Chorozinho - CE;268126.0;185205.0;20532.0;11.09;both
2303956;Chorozinho - CE;2018;6741.0;15169.0;15169.0;0.0;2850.0;615.0;980.0;650.0;249530.0;both;Chorozinho - CE;357096.0;197761.0;17822.0;9.01;both
2303956;Chorozinho - CE;2019;5301.0;16101.0;16101.0;0.0;2964.0;621.0;1088.0;670.0;301931.0;both;Chorozinho - CE;287660.0;211013.0;14277.0;6.77;both
2303956;Chorozinho - CE;2020;5734.0;16140.0;16140.0;0.0;3083.0;627.0;1208.0;690.0;365337.0;both;Chorozinho - CE;337759.0;195249.0;23167.0;11.87;both
2303956;Chorozinho - CE;2021;4356.0;15490.0;15490.0;0.0;2467.0;600.0;1100.0;825.0;389225.0;both;Chorozinho - CE;260273.0;208605.0;18176.0;8.71;both
2303956;Chorozinho - CE;2022;5767.0;14517.0;14517.0;0.0;2343.0;1000.0;1078.0;742.0;428147.0;both;Chorozinho - CE;255377.0;;;;both
2303956;Chorozinho - CE;2023;3164.0;14648.0;14648.0;0.0;2989.0;900.0;970.0;853.0;458117.0;both;Chorozinho - CE;268766.0;;;;both
2303956;Chorozinho - CE;2024;4979.0;14719.0;14719.0;0.0;2541.0;720.0;776.0;981.0;503929.0;both;;;;;;left_only
2304004;Coreaú - CE;2003;3589.0;5163.0;5163.0;0.0;8838.0;6098.0;8140.0;6661.0;32748.0;both;Coreaú - CE;34269.0;32854.0;5692.0;17.33;both
2304004;Coreaú - CE;2004;2384.0;5500.0;5500.0;0.0;8850.0;6115.0;8380.0;6678.0;33298.0;both;Coreaú - CE;35553.0;33817.0;4945.0;14.62;both
2304004;Coreaú - CE;2005;1969.0;2973.0;2973.0;0.0;8865.0;6210.0;8612.0;6660.0;33056.0;both;Coreaú - CE;48156.0;46058.0;5403.0;11.73;both
2304004;Coreaú - CE;2006;2594.0;2515.0;2515.0;0.0;8865.0;6232.0;8690.0;6705.0;32770.0;both;Coreaú - CE;47440.0;45210.0;5623.0;12.44;both
2304004;Coreaú - CE;2007;3001.0;2411.0;2411.0;0.0;8872.0;6240.0;8731.0;6745.0;32973.0;both;Coreaú - CE;50466.0;48359.0;5910.0;12.22;both
2304004;Coreaú - CE;2008;3309.0;2470.0;2470.0;0.0;8891.0;6315.0;8930.0;6748.0;34135.0;both;Coreaú - CE;64111.0;61439.0;6961.0;11.33;both
2304004;Coreaú - CE;2009;2462.0;2203.0;1860.0;0.15569677712210617;8500.0;6504.0;9375.0;6410.0;34476.0;both;Coreaú - CE;72543.0;69658.0;6412.0;9.21;both
2304004;Coreaú - CE;2010;2565.0;2508.0;2508.0;0.0;8650.0;6630.0;9370.0;6530.0;33310.0;both;Coreaú - CE;80538.0;76839.0;6612.0;8.61;both
2304004;Coreaú - CE;2011;3255.0;2474.0;2474.0;0.0;8797.0;6742.0;9454.0;6626.0;33552.0;both;Coreaú - CE;87186.0;83482.0;8133.0;9.74;both
2304004;Coreaú - CE;2012;2518.0;2232.0;2232.0;0.0;10678.0;6042.0;10522.0;6310.0;33428.0;both;Coreaú - CE;92051.0;88313.0;7845.0;8.88;both
2304004;Coreaú - CE;2013;533.0;2367.0;2367.0;0.0;11501.0;6480.0;11470.0;6646.0;35477.0;both;Coreaú - CE;105188.0;101167.0;10323.0;10.2;both
2304004;Coreaú - CE;2014;699.0;2189.0;2187.0;0.000913659205116546;11431.0;6801.0;12026.0;6513.0;37126.0;both;Coreaú - CE;119973.0;115864.0;11260.0;9.72;both
2304004;Coreaú - CE;2015;484.0;2420.0;2420.0;0.0;11300.0;6850.0;12100.0;6450.0;37869.0;both;Coreaú - CE;127735.0;122706.0;10499.0;8.56;both
2304004;Coreaú - CE;2016;958.0;2826.0;2826.0;0.0;10270.0;6165.0;6645.0;7095.0;35976.0;both;Coreaú - CE;134921.0;129630.0;12498.0;9.64;both
2304004;Coreaú - CE;2017;971.0;2848.0;2848.0;0.0;10508.0;6138.0;6732.0;7685.0;35992.0;both;Coreaú - CE;150373.0;144386.0;12250.0;8.48;both
2304004;Coreaú - CE;2018;1130.0;3102.0;3100.0;0.0006447453255964408;11028.0;6425.0;6989.0;8128.0;40048.0;both;Coreaú - CE;151088.0;145540.0;12662.0;8.7;both
2304004;Coreaú - CE;2019;1793.0;3115.0;3115.0;0.0;11965.0;6039.0;7335.0;6909.0;43250.0;both;Coreaú - CE;175912.0;167131.0;15046.0;9.0;both
2304004;Coreaú - CE;2020;1811.0;2861.0;2861.0;0.0;11100.0;7245.0;8812.0;6400.0;50000.0;both;Coreaú - CE;191954.0;183062.0;20346.0;11.11;both
2304004;Coreaú - CE;2021;2173.0;3163.0;3163.0;0.0;10700.0;7433.0;9100.0;6600.0;53000.0;both;Coreaú - CE;225090.0;212106.0;25966.0;12.24;both
2304004;Coreaú - CE;2022;2044.0;3242.0;3242.0;0.0;10440.0;5723.0;8463.0;8382.0;55650.0;both;Coreaú - CE;236193.0;;;;both
2304004;Coreaú - CE;2023;1783.0;3418.0;3418.0;0.0;10240.0;5618.0;8320.0;8285.0;58050.0;both;Coreaú - CE;265519.0;;;;both
2304004;Coreaú - CE;2024;1226.0;3410.0;3410.0;0.0;10356.0;5104.0;7701.0;7802.0;57318.0;both;;;;;;left_only
2304103;Crateús - CE;2003;51908.0;47448.0;47448.0;0.0;39368.0;9643.0;60708.0;14938.0;113054.0;both;Crateús - CE;193228.0;179720.0;36009.0;20.04;both
2304103;Crateús - CE;2004;29389.0;28312.0;28312.0;0.0;38777.0;9816.0;61922.0;14668.0;111357.0;both;Crateús - CE;209551.0;193510.0;23968.0;12.39;both
2304103;Crateús - CE;2005;17918.0;28054.0;28054.0;0.0;38080.0;10002.0;63470.0;14432.0;109807.0;both;Crateús - CE;233677.0;217594.0;22710.0;10.44;both
2304103;Crateús - CE;2006;44190.0;28003.0;28003.0;0.0;38689.0;10202.0;65374.0;14647.0;111406.0;both;Crateús - CE;281748.0;262506.0;33551.0;12.78;both
2304103;Crateús - CE;2007;8657.0;27554.0;27554.0;0.0;39656.0;10324.0;66419.0;14836.0;114426.0;both;Crateús - CE;279728.0;260190.0;19977.0;7.68;both
2304103;Crateús - CE;2008;23477.0;27823.0;22223.0;0.2012723286489595;40450.0;10400.0;66800.0;14988.0;115000.0;both;Crateús - CE;309116.0;286673.0;29701.0;10.36;both
2304103;Crateús - CE;2009;14980.0;28093.0;28093.0;0.0;41259.0;10556.0;67802.0;15287.0;117299.0;both;Crateús - CE;337990.0;314331.0;23790.0;7.57;both
2304103;Crateús - CE;2010;1202.0;18262.0;18262.0;0.0;40433.0;10344.0;66445.0;15057.0;115876.0;both;Crateús - CE;379567.0;350512.0;15731.0;4.49;both
2304103;Crateús - CE;2011;46860.0;34876.0;34876.0;0.0;41645.0;10602.0;68106.0;15357.0;117845.0;both;Crateús - CE;456132.0;427119.0;63102.0;14.77;both
2304103;Crateús - CE;2012;1776.0;21344.0;9152.0;0.5712143928035982;48564.0;10440.0;67084.0;15195.0;116620.0;both;Crateús - CE;441345.0;408137.0;23246.0;5.7;both
2304103;Crateús - CE;2013;2780.0;11745.0;11745.0;0.0;46621.0;10330.0;66370.0;14970.0;114640.0;both;Crateús - CE;479661.0;445441.0;25989.0;5.83;both
2304103;Crateús - CE;2014;35204.0;31277.0;31277.0;0.0;46380.0;10227.0;65706.0;14820.0;113493.0;both;Crateús - CE;618322.0;583145.0;77137.0;13.23;both
2304103;Crateús - CE;2015;11265.0;29727.0;29727.0;0.0;45916.0;10411.0;64392.0;14672.0;115309.0;both;Crateús - CE;627712.0;587595.0;46728.0;7.95;both
2304103;Crateús - CE;2016;6982.0;29527.0;29527.0;0.0;44998.0;10577.0;65358.0;14892.0;116462.0;both;Crateús - CE;666759.0;624288.0;48761.0;7.81;both
2304103;Crateús - CE;2017;22527.0;29618.0;29618.0;0.0;43873.0;10841.0;66338.0;15115.0;119024.0;both;Crateús - CE;745345.0;700081.0;69078.0;9.87;both
2304103;Crateús - CE;2018;17819.0;31509.0;31509.0;0.0;44532.0;11166.0;68195.0;15371.0;119976.0;both;Crateús - CE;700368.0;661535.0;50241.0;7.59;both
2304103;Crateús - CE;2019;31485.0;28774.0;28774.0;0.0;45066.0;11613.0;70241.0;15617.0;121175.0;both;Crateús - CE;852098.0;795824.0;74682.0;9.38;both
2304103;Crateús - CE;2020;25565.0;24304.0;24304.0;0.0;45520.0;12019.0;72630.0;15820.0;122023.0;both;Crateús - CE;893115.0;840783.0;83190.0;9.89;both
2304103;Crateús - CE;2021;16906.0;25129.0;25129.0;0.0;44837.0;12620.0;74800.0;14870.0;119580.0;both;Crateús - CE;952649.0;888306.0;92298.0;10.39;both
2304103;Crateús - CE;2022;20740.0;23239.0;23239.0;0.0;45061.0;13124.0;75922.0;14200.0;118384.0;both;Crateús - CE;1088879.0;;;;both
2304103;Crateús - CE;2023;14183.0;23479.0;23479.0;0.0;42807.0;12990.0;76681.0;13135.0;120041.0;both;Crateús - CE;1258625.0;;;;both
2304103;Crateús - CE;2024;21559.0;23154.0;23154.0;0.0;40453.0;14030.0;77064.0;12347.0;120640.0;both;;;;;;left_only
2304202;Crato - CE;2003;52478.0;6819.0;6819.0;0.0;13441.0;1011.0;1325.0;4378.0;192198.0;both;Crato - CE;428253.0;376618.0;21549.0;5.72;both
2304202;Crato - CE;2004;48265.0;5984.0;5984.0;0.0;16275.0;1077.0;1805.0;4586.0;235771.0;both;Crato - CE;466405.0;414942.0;21022.0;5.07;both
2304202;Crato - CE;2005;54987.0;5775.0;5775.0;0.0;16597.0;1181.0;1919.0;4686.0;273409.0;both;Crato - CE;504322.0;454178.0;22428.0;4.94;both
2304202;Crato - CE;2006;63978.0;6030.0;6030.0;0.0;17429.0;1275.0;2117.0;4847.0;278233.0;both;Crato - CE;565309.0;505093.0;27316.0;5.41;both
2304202;Crato - CE;2007;60124.0;6520.0;6520.0;0.0;17871.0;1391.0;2957.0;5202.0;285781.0;both;Crato - CE;606692.0;546527.0;23464.0;4.29;both
2304202;Crato - CE;2008;79142.0;6720.0;6720.0;0.0;19425.0;1453.0;3242.0;5421.0;286496.0;both;Crato - CE;723083.0;650376.0;37316.0;5.74;both
2304202;Crato - CE;2009;84228.0;6944.0;6944.0;0.0;20394.0;1526.0;3418.0;5605.0;293673.0;both;Crato - CE;817764.0;736578.0;35394.0;4.81;both
2304202;Crato - CE;2010;86342.0;5154.0;5154.0;0.0;20276.0;1549.0;3501.0;5506.0;297073.0;both;Crato - CE;985410.0;894330.0;36135.0;4.04;both
2304202;Crato - CE;2011;67255.0;6825.0;6825.0;0.0;20519.0;1626.0;3647.0;6291.0;308960.0;both;Crato - CE;1014068.0;916611.0;46226.0;5.04;both
2304202;Crato - CE;2012;46023.0;6970.0;6970.0;0.0;25883.0;1758.0;3979.0;6119.0;304140.0;both;Crato - CE;1092835.0;987118.0;38060.0;3.86;both
2304202;Crato - CE;2013;60332.0;6995.0;6995.0;0.0;25667.0;1933.0;4376.0;6730.0;328471.0;both;Crato - CE;1180605.0;1067660.0;48861.0;4.58;both
2304202;Crato - CE;2014;44385.0;7360.0;7360.0;0.0;23744.0;3739.0;8820.0;7844.0;364603.0;both;Crato - CE;1419549.0;1293509.0;75393.0;5.83;both
2304202;Crato - CE;2015;27355.0;5741.0;5741.0;0.0;24470.0;4227.0;9879.0;8935.0;370000.0;both;Crato - CE;1419884.0;1290562.0;47093.0;3.65;both
2304202;Crato - CE;2016;16303.0;5490.0;5490.0;0.0;22500.0;4000.0;9500.0;8000.0;360000.0;both;Crato - CE;1512879.0;1379255.0;61659.0;4.47;both
2304202;Crato - CE;2017;17916.0;6360.0;6360.0;0.0;19500.0;3500.0;6500.0;6000.0;306000.0;both;Crato - CE;1537775.0;1392284.0;47127.0;3.38;both
2304202;Crato - CE;2018;16002.0;2942.0;2942.0;0.0;20000.0;6500.0;13000.0;8000.0;400000.0;both;Crato - CE;1377807.0;1262861.0;36489.0;2.89;both
2304202;Crato - CE;2019;18624.0;3344.0;3344.0;0.0;22000.0;5800.0;11700.0;7500.0;420000.0;both;Crato - CE;1759506.0;1584388.0;44539.0;2.81;both
2304202;Crato - CE;2020;19457.0;3429.0;3429.0;0.0;25080.0;6000.0;12200.0;7100.0;400000.0;both;Crato - CE;1723583.0;1565985.0;61947.0;3.96;both
2304202;Crato - CE;2021;16281.0;3286.0;3286.0;0.0;26500.0;6150.0;12800.0;6600.0;370000.0;both;Crato - CE;1871587.0;1679618.0;66634.0;3.97;both
2304202;Crato - CE;2022;14072.0;3388.0;3388.0;0.0;26000.0;6030.0;13300.0;6700.0;377000.0;both;Crato - CE;2178406.0;;;;both
2304202;Crato - CE;2023;12561.0;3453.0;3453.0;0.0;26700.0;6700.0;14600.0;7370.0;414700.0;both;Crato - CE;2445567.0;;;;both
2304202;Crato - CE;2024;11889.0;3586.0;3576.0;0.002788622420524245;27300.0;5800.0;15600.0;8100.0;320000.0;both;;;;;;left_only
2304236;Croatá - CE;2003;12231.0;10120.0;10120.0;0.0;2932.0;2343.0;875.0;2799.0;29380.0;both;Croatá - CE;31168.0;30268.0;9282.0;30.67;both
2304236;Croatá - CE;2004;7216.0;8824.0;8824.0;0.0;2900.0;2694.0;918.0;3095.0;30500.0;both;Croatá - CE;34644.0;33509.0;10701.0;31.93;both
2304236;Croatá - CE;2005;14818.0;9608.0;9608.0;0.0;2792.0;2909.0;899.0;2937.0;28585.0;both;Croatá - CE;39333.0;38020.0;12770.0;33.59;both
2304236;Croatá - CE;2006;17860.0;10146.0;10146.0;0.0;2900.0;3130.0;1040.0;2870.0;28690.0;both;Croatá - CE;45337.0;43932.0;15118.0;34.41;both
2304236;Croatá - CE;2007;5683.0;7826.0;7826.0;0.0;2984.0;3433.0;1144.0;2770.0;29650.0;both;Croatá - CE;45879.0;44596.0;13384.0;30.01;both
2304236;Croatá - CE;2008;21979.0;11024.0;11024.0;0.0;3046.0;3540.0;1200.0;3060.0;33100.0;both;Croatá - CE;61193.0;59699.0;20796.0;34.83;both
2304236;Croatá - CE;2009;19329.0;11918.0;11918.0;0.0;3866.0;3800.0;1350.0;3280.0;35050.0;both;Croatá - CE;59920.0;58393.0;13957.0;23.9;both
2304236;Croatá - CE;2010;13328.0;7831.0;7816.0;0.0019154641808197814;5564.0;3500.0;1300.0;3300.0;36150.0;both;Croatá - CE;68154.0;65869.0;15825.0;24.03;both
2304236;Croatá - CE;2011;11539.0;9882.0;9882.0;0.0;5620.0;3400.0;1350.0;3480.0;35600.0;both;Croatá - CE;80077.0;77405.0;22067.0;28.51;both
2304236;Croatá - CE;2012;5113.0;3820.0;3820.0;0.0;5820.0;3150.0;1400.0;3700.0;34900.0;both;Croatá - CE;75486.0;72888.0;14034.0;19.25;both
2304236;Croatá - CE;2013;4791.0;3930.0;3930.0;0.0;4656.0;2900.0;1320.0;3500.0;37200.0;both;Croatá - CE;93684.0;90979.0;21782.0;23.94;both
2304236;Croatá - CE;2014;3481.0;4485.0;4485.0;0.0;4500.0;3200.0;2000.0;3200.0;38000.0;both;Croatá - CE;100561.0;97382.0;17567.0;18.04;both
2304236;Croatá - CE;2015;2262.0;2874.0;2874.0;0.0;3980.0;3500.0;2500.0;3500.0;42000.0;both;Croatá - CE;100814.0;97014.0;12365.0;12.75;both
2304236;Croatá - CE;2016;1147.0;2731.0;2731.0;0.0;3600.0;4000.0;2600.0;3800.0;46000.0;both;Croatá - CE;116341.0;112257.0;20945.0;18.66;both
2304236;Croatá - CE;2017;1817.0;3523.0;3523.0;0.0;3570.0;4100.0;3000.0;3000.0;44500.0;both;Croatá - CE;131525.0;127295.0;27453.0;21.57;both
2304236;Croatá - CE;2018;3835.0;4049.0;4049.0;0.0;3850.0;4510.0;3300.0;3300.0;48950.0;both;Croatá - CE;142075.0;138300.0;35761.0;25.86;both
2304236;Croatá - CE;2019;8605.0;4526.0;4526.0;0.0;3900.0;5000.0;3800.0;3000.0;40000.0;both;Croatá - CE;179296.0;173253.0;53371.0;30.81;both
2304236;Croatá - CE;2020;9127.0;4351.0;4351.0;0.0;4000.0;5100.0;4000.0;3100.0;40500.0;both;Croatá - CE;206457.0;199879.0;70130.0;35.09;both
2304236;Croatá - CE;2021;9794.0;5005.0;5005.0;0.0;4200.0;6000.0;4200.0;3500.0;50000.0;both;Croatá - CE;224437.0;216414.0;75084.0;34.69;both
2304236;Croatá - CE;2022;10400.0;5415.0;5415.0;0.0;4700.0;6200.0;4300.0;3600.0;54000.0;both;Croatá - CE;233557.0;;;;both
2304236;Croatá - CE;2023;10098.0;5612.0;5612.0;0.0;4850.0;6320.0;5050.0;3485.0;51850.0;both;Croatá - CE;282767.0;;;;both
2304236;Croatá - CE;2024;10181.0;5471.0;5471.0;0.0;4656.0;5182.0;4141.0;2963.0;43036.0;both;;;;;;left_only
2304251;Cruz - CE;2003;25479.0;18110.0;18110.0;0.0;4351.0;1232.0;5962.0;5524.0;33137.0;both;Cruz - CE;40634.0;38141.0;5674.0;14.88;both
2304251;Cruz - CE;2004;23595.0;18753.0;18753.0;0.0;3450.0;1268.0;7154.0;5247.0;32904.0;both;Cruz - CE;43453.0;40428.0;6514.0;16.11;both
2304251;Cruz - CE;2005;21575.0;18306.0;18306.0;0.0;3485.0;1326.0;7440.0;5303.0;32998.0;both;Cruz - CE;51429.0;48258.0;5904.0;12.23;both
2304251;Cruz - CE;2006;26247.0;16799.0;16799.0;0.0;3502.0;1358.0;7550.0;5348.0;33385.0;both;Cruz - CE;60762.0;56921.0;7409.0;13.02;both
2304251;Cruz - CE;2007;13448.0;16622.0;16622.0;0.0;3607.0;1372.0;7663.0;5430.0;32718.0;both;Cruz - CE;62394.0;58534.0;5668.0;9.68;both
2304251;Cruz - CE;2008;27312.0;17622.0;17622.0;0.0;3720.0;1438.0;7970.0;5565.0;33143.0;both;Cruz - CE;79797.0;75067.0;8647.0;11.52;both
2304251;Cruz - CE;2009;15129.0;18704.0;17572.0;0.06052181351582553;3628.0;1540.0;8328.0;5649.0;33730.0;both;Cruz - CE;83633.0;78842.0;7033.0;8.92;both
2304251;Cruz - CE;2010;20077.0;18167.0;18167.0;0.0;3638.0;1568.0;8645.0;5564.0;33662.0;both;Cruz - CE;92645.0;87755.0;8089.0;9.22;both
2304251;Cruz - CE;2011;23884.0;17444.0;17444.0;0.0;3728.0;1638.0;8905.0;5731.0;34437.0;both;Cruz - CE;104786.0;99262.0;12352.0;12.44;both
2304251;Cruz - CE;2012;18925.0;17236.0;17236.0;0.0;4195.0;1720.0;9128.0;6045.0;36655.0;both;Cruz - CE;112940.0;105649.0;9686.0;9.17;both
2304251;Cruz - CE;2013;2063.0;14211.0;14211.0;0.0;3438.0;1772.0;9310.0;5602.0;37041.0;both;Cruz - CE;124806.0;117161.0;8718.0;7.44;both
2304251;Cruz - CE;2014;11651.0;15794.0;15794.0;0.0;2752.0;1781.0;9357.0;5042.0;35189.0;both;Cruz - CE;143382.0;135659.0;10956.0;8.08;both
2304251;Cruz - CE;2015;18553.0;19342.0;19342.0;0.0;2697.0;1692.0;8889.0;4034.0;34133.0;both;Cruz - CE;172982.0;163307.0;22253.0;13.63;both
2304251;Cruz - CE;2016;15089.0;16207.0;16207.0;0.0;3134.0;1694.0;8902.0;4035.0;34135.0;both;Cruz - CE;190953.0;179450.0;13989.0;7.8;both
2304251;Cruz - CE;2017;27043.0;17611.0;17611.0;0.0;3128.0;1687.0;8891.0;4030.0;34130.0;both;Cruz - CE;229864.0;214450.0;24784.0;11.56;both
2304251;Cruz - CE;2018;28985.0;18659.0;18659.0;0.0;2700.0;1181.0;5335.0;3324.0;30717.0;both;Cruz - CE;228764.0;213897.0;18358.0;8.58;both
2304251;Cruz - CE;2019;36969.0;17416.0;16696.0;0.04134129536058795;2675.0;1169.0;5308.0;3307.0;30102.0;both;Cruz - CE;285697.0;263357.0;16405.0;6.23;both
2304251;Cruz - CE;2020;27161.0;16997.0;16997.0;0.0;2381.0;1163.0;5281.0;3340.0;30403.0;both;Cruz - CE;291984.0;271027.0;20178.0;7.44;both
2304251;Cruz - CE;2021;21138.0;16917.0;16917.0;0.0;1548.0;1105.0;5231.0;3173.0;31315.0;both;Cruz - CE;372681.0;339755.0;26657.0;7.85;both
2304251;Cruz - CE;2022;25646.0;16931.0;16931.0;0.0;1583.0;1083.0;5178.0;3110.0;31001.0;both;Cruz - CE;470272.0;;;;both
2304251;Cruz - CE;2023;18441.0;18590.0;18590.0;0.0;1519.0;1061.0;5126.0;3048.0;30691.0;both;Cruz - CE;565663.0;;;;both
2304251;Cruz - CE;2024;23571.0;18877.0;18877.0;0.0;1640.0;1044.0;5060.0;3002.0;30384.0;both;;;;;;left_only
2304269;Deputado Irapuan Pinheiro - CE;2003;4844.0;6678.0;6678.0;0.0;8900.0;3090.0;9980.0;4925.0;37800.0;both;Deputado Irapuan Pinheiro - CE;17861.0;17432.0;6700.0;38.44;both
2304269;Deputado Irapuan Pinheiro - CE;2004;3026.0;6041.0;6041.0;0.0;9350.0;3350.0;10780.0;5065.0;38600.0;both;Deputado Irapuan Pinheiro - CE;18149.0;17587.0;5606.0;31.87;both
2304269;Deputado Irapuan Pinheiro - CE;2005;2740.0;4082.0;4082.0;0.0;9680.0;3480.0;11260.0;5125.0;39300.0;both;Deputado Irapuan Pinheiro - CE;21750.0;21106.0;5651.0;26.78;both
2304269;Deputado Irapuan Pinheiro - CE;2006;4302.0;5381.0;5381.0;0.0;9850.0;3560.0;11500.0;5022.0;41930.0;both;Deputado Irapuan Pinheiro - CE;24706.0;23917.0;7060.0;29.52;both
2304269;Deputado Irapuan Pinheiro - CE;2007;1840.0;7418.0;7418.0;0.0;10150.0;3670.0;11850.0;5125.0;42500.0;both;Deputado Irapuan Pinheiro - CE;24377.0;23681.0;5031.0;21.25;both
2304269;Deputado Irapuan Pinheiro - CE;2008;6062.0;8678.0;8678.0;0.0;10380.0;3760.0;12140.0;4890.0;41750.0;both;Deputado Irapuan Pinheiro - CE;34838.0;34001.0;10972.0;32.27;both
2304269;Deputado Irapuan Pinheiro - CE;2009;3466.0;10321.0;7992.0;0.22565642864063562;10650.0;3840.0;12500.0;4640.0;40750.0;both;Deputado Irapuan Pinheiro - CE;34792.0;33954.0;8481.0;24.98;both
2304269;Deputado Irapuan Pinheiro - CE;2010;1177.0;3964.0;3964.0;0.0;10970.0;3970.0;12900.0;4505.0;41500.0;both;Deputado Irapuan Pinheiro - CE;35968.0;34813.0;5082.0;14.6;both
2304269;Deputado Irapuan Pinheiro - CE;2011;4115.0;10331.0;10331.0;0.0;11200.0;4120.0;13350.0;4380.0;41950.0;both;Deputado Irapuan Pinheiro - CE;43431.0;42193.0;10255.0;24.3;both
2304269;Deputado Irapuan Pinheiro - CE;2012;450.0;6216.0;6201.0;0.0024131274131273805;12300.0;3880.0;12600.0;4080.0;40500.0;both;Deputado Irapuan Pinheiro - CE;39802.0;38253.0;4708.0;12.31;both
2304269;Deputado Irapuan Pinheiro - CE;2013;1182.0;5682.0;5682.0;0.0;13436.0;3640.0;11840.0;3830.0;38070.0;both;Deputado Irapuan Pinheiro - CE;47443.0;45903.0;7202.0;15.69;both
2304269;Deputado Irapuan Pinheiro - CE;2014;6375.0;8958.0;8955.0;0.00033489618218351946;13700.0;3700.0;12070.0;3940.0;38830.0;both;Deputado Irapuan Pinheiro - CE;57296.0;55677.0;11026.0;19.8;both
2304269;Deputado Irapuan Pinheiro - CE;2015;2953.0;8884.0;8884.0;0.0;12500.0;3550.0;11345.0;3500.0;35300.0;both;Deputado Irapuan Pinheiro - CE;60004.0;57563.0;8493.0;14.75;both
2304269;Deputado Irapuan Pinheiro - CE;2016;2412.0;4937.0;4937.0;0.0;11601.0;3009.0;8277.0;5155.0;39740.0;both;Deputado Irapuan Pinheiro - CE;65245.0;62557.0;9233.0;14.76;both
2304269;Deputado Irapuan Pinheiro - CE;2017;3651.0;7042.0;7042.0;0.0;11159.0;2415.0;6658.0;4273.0;35719.0;both;Deputado Irapuan Pinheiro - CE;66828.0;63827.0;9196.0;14.41;both
2304269;Deputado Irapuan Pinheiro - CE;2018;2477.0;7117.0;7117.0;0.0;12530.0;2890.0;7850.0;5013.0;38203.0;both;Deputado Irapuan Pinheiro - CE;63751.0;61330.0;7369.0;12.01;both
2304269;Deputado Irapuan Pinheiro - CE;2019;3247.0;6357.0;6357.0;0.0;12350.0;2980.0;7980.0;5102.0;39500.0;both;Deputado Irapuan Pinheiro - CE;73557.0;70656.0;7955.0;11.26;both
2304269;Deputado Irapuan Pinheiro - CE;2020;8106.0;6265.0;6265.0;0.0;12214.0;3154.0;8420.0;4820.0;40580.0;both;Deputado Irapuan Pinheiro - CE;88184.0;85021.0;17156.0;20.18;both
2304269;Deputado Irapuan Pinheiro - CE;2021;6994.0;6369.0;6369.0;0.0;13120.0;3214.0;8952.0;4950.0;42563.0;both;Deputado Irapuan Pinheiro - CE;100883.0;96852.0;23492.0;24.26;both
2304269;Deputado Irapuan Pinheiro - CE;2022;8015.0;6319.0;6319.0;0.0;13191.0;3251.0;8999.0;5025.0;43501.0;both;Deputado Irapuan Pinheiro - CE;111392.0;;;;both
2304269;Deputado Irapuan Pinheiro - CE;2023;6432.0;5619.0;5619.0;0.0;13728.0;3693.0;9521.0;6013.0;45232.0;both;Deputado Irapuan Pinheiro - CE;124422.0;;;;both
2304269;Deputado Irapuan Pinheiro - CE;2024;6456.0;5409.0;5409.0;0.0;15100.0;3845.0;9845.0;6152.0;48512.0;both;;;;;;left_only
2304277;Ereré - CE;2003;1989.0;2107.0;2107.0;0.0;7662.0;1665.0;4237.0;1572.0;23092.0;both;Ereré - CE;12451.0;12114.0;3406.0;28.12;both
2304277;Ereré - CE;2004;1423.0;1916.0;1916.0;0.0;7754.0;1703.0;4320.0;1589.0;23048.0;both;Ereré - CE;13389.0;12981.0;3345.0;25.77;both
2304277;Ereré - CE;2005;615.0;1674.0;1562.0;0.0669056152927121;7870.0;1728.0;4406.0;1621.0;23415.0;both;Ereré - CE;14797.0;13278.0;2973.0;22.39;both
2304277;Ereré - CE;2006;2073.0;1727.0;1727.0;0.0;7988.0;1753.0;4494.0;1669.0;23905.0;both;Ereré - CE;16551.0;16045.0;4071.0;25.37;both
2304277;Ereré - CE;2007;950.0;1667.0;1667.0;0.0;9222.0;1764.0;4521.0;1123.0;24142.0;both;Ereré - CE;18416.0;17885.0;4161.0;23.26;both
2304277;Ereré - CE;2008;2030.0;1857.0;1857.0;0.0;9287.0;1799.0;4611.0;1160.0;24335.0;both;Ereré - CE;23461.0;22821.0;5668.0;24.84;both
2304277;Ereré - CE;2009;1441.0;1846.0;1846.0;0.0;9751.0;1817.0;4703.0;1188.0;24530.0;both;Ereré - CE;25453.0;24886.0;5566.0;22.37;both
2304277;Ereré - CE;2010;139.0;746.0;746.0;0.0;9946.0;1826.0;4727.0;1152.0;24284.0;both;Ereré - CE;26419.0;25542.0;4079.0;15.97;both
2304277;Ereré - CE;2011;1766.0;1906.0;1906.0;0.0;10483.0;1830.0;4741.0;1129.0;24211.0;both;Ereré - CE;29702.0;28831.0;6290.0;21.82;both
2304277;Ereré - CE;2012;150.0;1146.0;1144.0;0.0017452006980802626;12040.0;1802.0;4670.0;1095.0;23726.0;both;Ereré - CE;31184.0;30200.0;5124.0;16.97;both
2304277;Ereré - CE;2013;90.0;766.0;766.0;0.0;11100.0;1791.0;4632.0;975.0;23542.0;both;Ereré - CE;35785.0;34777.0;5842.0;16.8;both
2304277;Ereré - CE;2014;721.0;936.0;936.0;0.0;11433.0;1880.0;4864.0;995.0;24013.0;both;Ereré - CE;42873.0;41768.0;7529.0;18.02;both
2304277;Ereré - CE;2015;82.0;1160.0;1160.0;0.0;13628.0;6764.0;10997.0;3735.0;25010.0;both;Ereré - CE;46033.0;44631.0;7823.0;17.53;both
2304277;Ereré - CE;2016;226.0;1460.0;1452.0;0.005479452054794498;11520.0;7500.0;8250.0;4200.0;22509.0;both;Ereré - CE;51363.0;49745.0;10584.0;21.28;both
2304277;Ereré - CE;2017;737.0;1451.0;1451.0;0.0;10200.0;4050.0;5510.0;4116.0;20800.0;both;Ereré - CE;52315.0;50707.0;9619.0;18.97;both
2304277;Ereré - CE;2018;1209.0;1378.0;1378.0;0.0;11220.0;3969.0;5400.0;4733.0;15600.0;both;Ereré - CE;52201.0;50730.0;9096.0;17.93;both
2304277;Ereré - CE;2019;1513.0;1614.0;1608.0;0.0037174721189591198;11557.0;4088.0;5670.0;4780.0;15756.0;both;Ereré - CE;57429.0;55330.0;9734.0;17.59;both
2304277;Ereré - CE;2020;2369.0;2109.0;2109.0;0.0;11783.0;4128.0;5783.0;5019.0;16071.0;both;Ereré - CE;67199.0;65095.0;16373.0;25.15;both
2304277;Ereré - CE;2021;2925.0;1480.0;1480.0;0.0;12372.0;4170.0;5898.0;5069.0;16232.0;both;Ereré - CE;80690.0;77991.0;20726.0;26.57;both
2304277;Ereré - CE;2022;3859.0;2182.0;2182.0;0.0;12866.0;4250.0;6050.0;5221.0;16556.0;both;Ereré - CE;93228.0;;;;both
2304277;Ereré - CE;2023;2363.0;2281.0;2281.0;0.0;12950.0;3825.0;5748.0;4960.0;16721.0;both;Ereré - CE;102445.0;;;;both
2304277;Ereré - CE;2024;2761.0;2031.0;2031.0;0.0;13338.0;3940.0;5978.0;5059.0;17055.0;both;;;;;;left_only
2304285;Eusébio - CE;2003;4976.0;712.0;712.0;0.0;3315.0;263.0;850.0;1099.0;131670.0;both;Eusébio - CE;456736.0;360002.0;4363.0;1.21;both
2304285;Eusébio - CE;2004;4835.0;702.0;702.0;0.0;3329.0;281.0;905.0;1111.0;120378.0;both;Eusébio - CE;586852.0;442561.0;4902.0;1.11;both
2304285;Eusébio - CE;2005;5228.0;672.0;672.0;0.0;3345.0;290.0;985.0;1131.0;156555.0;both;Eusébio - CE;634461.0;503801.0;5535.0;1.1;both
2304285;Eusébio - CE;2006;5210.0;697.0;697.0;0.0;3475.0;305.0;1020.0;1151.0;156375.0;both;Eusébio - CE;713405.0;569758.0;6712.0;1.18;both
2304285;Eusébio - CE;2007;5339.0;712.0;712.0;0.0;3490.0;310.0;1050.0;1165.0;174017.0;both;Eusébio - CE;833211.0;656881.0;7427.0;1.13;both
2304285;Eusébio - CE;2008;6027.0;709.0;709.0;0.0;3500.0;320.0;1080.0;1181.0;199169.0;both;Eusébio - CE;1016933.0;806177.0;8560.0;1.06;both
2304285;Eusébio - CE;2009;5789.0;738.0;738.0;0.0;1982.0;330.0;1120.0;1205.0;240113.0;both;Eusébio - CE;1183720.0;933538.0;8318.0;0.89;both
2304285;Eusébio - CE;2010;5950.0;603.0;603.0;0.0;2040.0;318.0;1090.0;1217.0;247270.0;both;Eusébio - CE;1404071.0;1081654.0;9086.0;0.84;both
2304285;Eusébio - CE;2011;5974.0;713.0;713.0;0.0;1990.0;320.0;1098.0;1228.0;238069.0;both;Eusébio - CE;1595088.0;1234916.0;11058.0;0.9;both
2304285;Eusébio - CE;2012;6050.0;779.0;779.0;0.0;1820.0;295.0;986.0;1211.0;244445.0;both;Eusébio - CE;1657810.0;1295831.0;11825.0;0.91;both
2304285;Eusébio - CE;2013;1575.0;573.0;573.0;0.0;1356.0;354.0;861.0;259.0;283556.0;both;Eusébio - CE;2071769.0;1606329.0;15378.0;0.96;both
2304285;Eusébio - CE;2014;1658.0;303.0;303.0;0.0;1205.0;409.0;860.0;277.0;299435.0;both;Eusébio - CE;2543038.0;1935066.0;18274.0;0.94;both
2304285;Eusébio - CE;2015;217.0;228.0;228.0;0.0;1235.0;470.0;998.0;319.0;300286.0;both;Eusébio - CE;2724213.0;2138704.0;17468.0;0.82;both
2304285;Eusébio - CE;2016;127.0;100.0;100.0;0.0;1082.0;385.0;857.0;275.0;333724.0;both;Eusébio - CE;3079857.0;2433729.0;19351.0;0.8;both
2304285;Eusébio - CE;2017;187.0;103.0;103.0;0.0;925.0;399.0;899.0;280.0;269328.0;both;Eusébio - CE;2956704.0;2261825.0;21191.0;0.94;both
2304285;Eusébio - CE;2018;126.0;57.0;57.0;0.0;1048.0;409.0;855.0;292.0;346226.0;both;Eusébio - CE;2474145.0;1919975.0;18633.0;0.97;both
2304285;Eusébio - CE;2019;93.0;53.0;53.0;0.0;1070.0;421.0;884.0;304.0;354306.0;both;Eusébio - CE;3188297.0;2518938.0;19937.0;0.79;both
2304285;Eusébio - CE;2020;139.0;56.0;56.0;0.0;1010.0;398.0;846.0;348.0;402514.0;both;Eusébio - CE;3188942.0;2562243.0;23387.0;0.91;both
2304285;Eusébio - CE;2021;121.0;41.0;41.0;0.0;959.0;378.0;829.0;365.0;393885.0;both;Eusébio - CE;3577497.0;2827293.0;24767.0;0.88;both
2304285;Eusébio - CE;2022;128.0;36.0;36.0;0.0;925.0;355.0;787.0;393.0;551721.0;both;Eusébio - CE;4557316.0;;;;both
2304285;Eusébio - CE;2023;204.0;34.0;34.0;0.0;905.0;342.0;769.0;360.0;552020.0;both;Eusébio - CE;4940352.0;;;;both
2304285;Eusébio - CE;2024;199.0;32.0;32.0;0.0;822.0;289.0;711.0;396.0;480900.0;both;;;;;;left_only
2304301;Farias Brito - CE;2003;6463.0;4199.0;4199.0;0.0;9622.0;1372.0;863.0;5910.0;59505.0;both;Farias Brito - CE;40526.0;39413.0;9104.0;23.1;both
2304301;Farias Brito - CE;2004;4950.0;3995.0;3995.0;0.0;9635.0;1092.0;1785.0;5821.0;63376.0;both;Farias Brito - CE;39703.0;38312.0;6921.0;18.06;both
2304301;Farias Brito - CE;2005;3552.0;3595.0;3595.0;0.0;9746.0;1151.0;1842.0;5859.0;64366.0;both;Farias Brito - CE;42531.0;40941.0;5832.0;14.25;both
2304301;Farias Brito - CE;2006;8038.0;3780.0;3780.0;0.0;10047.0;1196.0;2007.0;5895.0;66101.0;both;Farias Brito - CE;52233.0;50388.0;9733.0;19.32;both
2304301;Farias Brito - CE;2007;3893.0;3835.0;3835.0;0.0;10211.0;1279.0;2201.0;5776.0;67965.0;both;Farias Brito - CE;50783.0;49008.0;7192.0;14.67;both
2304301;Farias Brito - CE;2008;8300.0;3967.0;3967.0;0.0;10442.0;1352.0;2398.0;6085.0;69499.0;both;Farias Brito - CE;63661.0;61644.0;13069.0;21.2;both
2304301;Farias Brito - CE;2009;5276.0;3940.0;3940.0;0.0;10653.0;1423.0;2517.0;6078.0;69816.0;both;Farias Brito - CE;66439.0;64330.0;10876.0;16.91;both
2304301;Farias Brito - CE;2010;1705.0;2645.0;2645.0;0.0;10579.0;1449.0;2583.0;5986.0;70036.0;both;Farias Brito - CE;75301.0;71915.0;8210.0;11.42;both
2304301;Farias Brito - CE;2011;6671.0;3960.0;3960.0;0.0;10717.0;1497.0;2619.0;6074.0;71169.0;both;Farias Brito - CE;90282.0;86867.0;18666.0;21.49;both
2304301;Farias Brito - CE;2012;1491.0;3904.0;3899.0;0.001280737704917989;16461.0;1659.0;2857.0;5958.0;70433.0;both;Farias Brito - CE;92458.0;88547.0;15389.0;17.38;both
2304301;Farias Brito - CE;2013;1373.0;3964.0;3964.0;0.0;16342.0;1830.0;3150.0;6553.0;77476.0;both;Farias Brito - CE;103446.0;99353.0;18912.0;19.04;both
2304301;Farias Brito - CE;2014;12348.0;5320.0;5320.0;0.0;16340.0;2190.0;3195.0;4323.0;78251.0;both;Farias Brito - CE;197370.0;193416.0;89686.0;46.37;both
2304301;Farias Brito - CE;2015;1995.0;3250.0;3250.0;0.0;16848.0;2800.0;3800.0;8000.0;120000.0;both;Farias Brito - CE;137169.0;132133.0;27971.0;21.17;both
2304301;Farias Brito - CE;2016;1602.0;4361.0;4361.0;0.0;13478.0;1960.0;2280.0;4800.0;72000.0;both;Farias Brito - CE;130607.0;125367.0;16725.0;13.34;both
2304301;Farias Brito - CE;2017;10340.0;5072.0;5067.0;0.0009858044164038349;12500.0;2030.0;2350.0;3500.0;73500.0;both;Farias Brito - CE;194785.0;189188.0;66725.0;35.27;both
2304301;Farias Brito - CE;2018;6358.0;4971.0;4971.0;0.0;13800.0;2600.0;3800.0;5800.0;70000.0;both;Farias Brito - CE;159465.0;154314.0;33346.0;21.61;both
2304301;Farias Brito - CE;2019;7647.0;4679.0;4679.0;0.0;15900.0;2800.0;4100.0;4500.0;68000.0;both;Farias Brito - CE;188454.0;180372.0;40475.0;22.44;both
2304301;Farias Brito - CE;2020;12546.0;5382.0;5382.0;0.0;17490.0;3000.0;4500.0;4200.0;65000.0;both;Farias Brito - CE;209396.0;201637.0;59092.0;29.31;both
2304301;Farias Brito - CE;2021;5531.0;3748.0;3748.0;0.0;16615.0;3200.0;4850.0;3780.0;65650.0;both;Farias Brito - CE;202248.0;193236.0;46355.0;23.99;both
2304301;Farias Brito - CE;2022;4880.0;3931.0;3931.0;0.0;17200.0;2900.0;4600.0;3600.0;68930.0;both;Farias Brito - CE;225755.0;;;;both
2304301;Farias Brito - CE;2023;3724.0;3995.0;3995.0;0.0;19000.0;3050.0;4830.0;4000.0;75830.0;both;Farias Brito - CE;242210.0;;;;both
2304301;Farias Brito - CE;2024;3894.0;4081.0;4081.0;0.0;21850.0;3500.0;5554.0;3600.0;77000.0;both;;;;;;left_only
2304350;Forquilha - CE;2003;2911.0;5061.0;5061.0;0.0;9219.0;2355.0;5639.0;4228.0;30747.0;both;Forquilha - CE;36946.0;35384.0;7251.0;20.49;both
2304350;Forquilha - CE;2004;2758.0;5011.0;5011.0;0.0;9495.0;2426.0;5808.0;4354.0;31474.0;both;Forquilha - CE;46181.0;43572.0;5395.0;12.38;both
2304350;Forquilha - CE;2005;3123.0;4822.0;4822.0;0.0;9528.0;2480.0;5910.0;4385.0;31550.0;both;Forquilha - CE;57525.0;54082.0;5929.0;10.96;both
2304350;Forquilha - CE;2006;3089.0;4855.0;4855.0;0.0;9510.0;2493.0;5937.0;4394.0;31549.0;both;Forquilha - CE;55229.0;52185.0;6025.0;11.55;both
2304350;Forquilha - CE;2007;2603.0;4927.0;4927.0;0.0;9521.0;2486.0;5943.0;4401.0;31554.0;both;Forquilha - CE;61406.0;58043.0;4919.0;8.47;both
2304350;Forquilha - CE;2008;2646.0;4965.0;4965.0;0.0;9760.0;2481.0;5957.0;4438.0;32628.0;both;Forquilha - CE;71528.0;68044.0;6778.0;9.96;both
2304350;Forquilha - CE;2009;2530.0;5154.0;5154.0;0.0;8784.0;2456.0;6017.0;4482.0;31650.0;both;Forquilha - CE;80249.0;76348.0;6688.0;8.76;both
2304350;Forquilha - CE;2010;1004.0;5292.0;5292.0;0.0;8968.0;2461.0;6031.0;4529.0;32732.0;both;Forquilha - CE;91466.0;86547.0;5333.0;6.16;both
2304350;Forquilha - CE;2011;3675.0;5141.0;5141.0;0.0;9147.0;2450.0;6048.0;4580.0;33835.0;both;Forquilha - CE;101667.0;96367.0;8431.0;8.75;both
2304350;Forquilha - CE;2012;1056.0;4486.0;4486.0;0.0;10690.0;1960.0;5988.0;3608.0;34202.0;both;Forquilha - CE;105708.0;100148.0;7218.0;7.21;both
2304350;Forquilha - CE;2013;559.0;2063.0;2014.0;0.023751817741153647;11207.0;2141.0;6476.0;3879.0;36360.0;both;Forquilha - CE;115944.0;110498.0;7331.0;6.63;both
2304350;Forquilha - CE;2014;781.0;2514.0;2514.0;0.0;10741.0;2268.0;6797.0;4063.0;38098.0;both;Forquilha - CE;136770.0;131355.0;8903.0;6.78;both
2304350;Forquilha - CE;2015;651.0;2853.0;2853.0;0.0;10600.0;2250.0;6788.0;4080.0;38130.0;both;Forquilha - CE;151763.0;140791.0;9339.0;6.63;both
2304350;Forquilha - CE;2016;883.0;4031.0;4031.0;0.0;10055.0;2273.0;7005.0;4358.0;38790.0;both;Forquilha - CE;179012.0;166947.0;10795.0;6.47;both
2304350;Forquilha - CE;2017;2240.0;5031.0;5031.0;0.0;9113.0;1858.0;3968.0;3298.0;24621.0;both;Forquilha - CE;208815.0;194964.0;16040.0;8.23;both
2304350;Forquilha - CE;2018;2410.0;4222.0;4222.0;0.0;9295.0;1449.0;2540.0;660.0;27083.0;both;Forquilha - CE;189924.0;179482.0;16928.0;9.43;both
2304350;Forquilha - CE;2019;2503.0;4422.0;4422.0;0.0;8830.0;1478.0;2591.0;528.0;29791.0;both;Forquilha - CE;226039.0;208376.0;17968.0;8.62;both
2304350;Forquilha - CE;2020;2565.0;4622.0;4622.0;0.0;9302.0;1358.0;2357.0;632.0;33401.0;both;Forquilha - CE;249689.0;229728.0;23032.0;10.03;both
2304350;Forquilha - CE;2021;2580.0;5322.0;5322.0;0.0;8350.0;1386.0;2381.0;668.0;36860.0;both;Forquilha - CE;304957.0;279488.0;26869.0;9.61;both
2304350;Forquilha - CE;2022;1581.0;5382.0;5382.0;0.0;8174.0;1275.0;3500.0;5000.0;32525.0;both;Forquilha - CE;310510.0;;;;both
2304350;Forquilha - CE;2023;1723.0;5423.0;5423.0;0.0;9168.0;1334.0;3571.0;4250.0;30037.0;both;Forquilha - CE;346304.0;;;;both
2304350;Forquilha - CE;2024;1338.0;5285.0;5285.0;0.0;8517.0;1224.0;3233.0;4033.0;27334.0;both;;;;;;left_only
2304400;Fortaleza - CE;2003;1101.0;214.0;214.0;0.0;3053.0;64.0;1265.0;950.0;419095.0;both;Fortaleza - CE;15224896.0;12876967.0;21518.0;0.17;both
2304400;Fortaleza - CE;2004;989.0;174.0;174.0;0.0;3082.0;68.0;1284.0;964.0;436360.0;both;Fortaleza - CE;17097518.0;14399136.0;26544.0;0.18;both
2304400;Fortaleza - CE;2005;1313.0;164.0;144.0;0.12195121951219512;3011.0;75.0;1388.0;893.0;105440.0;both;Fortaleza - CE;19218898.0;16378830.0;22951.0;0.14;both
2304400;Fortaleza - CE;2006;1398.0;168.0;168.0;0.0;2904.0;73.0;1406.0;897.0;76537.0;both;Fortaleza - CE;21686209.0;18153471.0;28103.0;0.15;both
2304400;Fortaleza - CE;2007;1858.0;190.0;190.0;0.0;2831.0;78.0;1448.0;980.0;96776.0;both;Fortaleza - CE;24042584.0;20276827.0;31430.0;0.16;both
2304400;Fortaleza - CE;2008;1812.0;182.0;182.0;0.0;2800.0;73.0;1350.0;947.0;80752.0;both;Fortaleza - CE;27960812.0;23472033.0;35847.0;0.15;both
2304400;Fortaleza - CE;2009;399.0;152.0;152.0;0.0;2935.0;76.0;1295.0;927.0;14891.0;both;Fortaleza - CE;32059070.0;27284439.0;26682.0;0.1;both
2304400;Fortaleza - CE;2010;467.0;158.0;158.0;0.0;2788.0;72.0;1230.0;872.0;9462.0;both;Fortaleza - CE;37001831.0;31504312.0;24217.0;0.08;both
2304400;Fortaleza - CE;2011;569.0;164.0;164.0;0.0;2763.0;71.0;1215.0;846.0;17751.0;both;Fortaleza - CE;41394561.0;35181304.0;27834.0;0.08;both
2304400;Fortaleza - CE;2012;291.0;161.0;161.0;0.0;2615.0;77.0;1241.0;846.0;18306.0;both;Fortaleza - CE;45775429.0;38815008.0;28372.0;0.07;both
2304400;Fortaleza - CE;2013;183.0;119.0;100.0;0.15966386554621848;2410.0;70.0;1120.0;769.0;19140.0;both;Fortaleza - CE;49758763.0;42387122.0;45770.0;0.11;both
2304400;Fortaleza - CE;2014;318.0;49.0;49.0;0.0;2961.0;72.0;1155.0;785.0;19325.0;both;Fortaleza - CE;56116644.0;48449774.0;43926.0;0.09;both
2304400;Fortaleza - CE;2015;220.0;49.0;49.0;0.0;2873.0;74.0;1145.0;765.0;19102.0;both;Fortaleza - CE;57211200.0;49463860.0;35670.0;0.07;both
2304400;Fortaleza - CE;2016;16.0;5.0;5.0;0.0;2430.0;78.0;1091.0;748.0;18039.0;both;Fortaleza - CE;60088001.0;52079352.0;47368.0;0.09;both
2304400;Fortaleza - CE;2017;17.0;5.0;5.0;0.0;2335.0;87.0;1105.0;879.0;21600.0;both;Fortaleza - CE;61592347.0;53128250.0;60394.0;0.11;both
2304400;Fortaleza - CE;2018;1.0;3.0;3.0;0.0;902.0;84.0;105.0;567.0;1945.0;both;Fortaleza - CE;66381302.0;57049617.0;65987.0;0.12;both
2304400;Fortaleza - CE;2019;1.0;3.0;3.0;0.0;925.0;97.0;108.0;582.0;2002.0;both;Fortaleza - CE;67401430.0;57454123.0;85752.0;0.15;both
2304400;Fortaleza - CE;2020;1.0;3.0;3.0;0.0;901.0;90.0;100.0;554.0;2100.0;both;Fortaleza - CE;64821582.0;55297678.0;107783.0;0.19;both
2304400;Fortaleza - CE;2021;1.0;3.0;3.0;0.0;828.0;85.0;90.0;536.0;2205.0;both;Fortaleza - CE;73437739.0;60626428.0;107143.0;0.18;both
2304400;Fortaleza - CE;2022;1.0;3.0;3.0;0.0;1525.0;127.0;112.0;525.0;2315.0;both;Fortaleza - CE;81362333.0;;;;both
2304400;Fortaleza - CE;2023;1.0;3.0;3.0;0.0;1615.0;140.0;125.0;555.0;2410.0;both;Fortaleza - CE;86939832.0;;;;both
2304400;Fortaleza - CE;2024;45.0;8.0;8.0;0.0;1630.0;150.0;130.0;570.0;2805.0;both;;;;;;left_only
2304459;Fortim - CE;2003;15518.0;5563.0;5563.0;0.0;1417.0;878.0;1476.0;845.0;6958.0;both;Fortim - CE;61601.0;55653.0;10396.0;18.68;both
2304459;Fortim - CE;2004;8757.0;4963.0;4963.0;0.0;1447.0;934.0;1588.0;953.0;7269.0;both;Fortim - CE;57993.0;53838.0;10380.0;19.28;both
2304459;Fortim - CE;2005;12581.0;5508.0;5508.0;0.0;1502.0;1014.0;1758.0;1073.0;7616.0;both;Fortim - CE;43854.0;41688.0;11054.0;26.52;both
2304459;Fortim - CE;2006;8569.0;5398.0;5398.0;0.0;1544.0;1070.0;1863.0;1110.0;7927.0;both;Fortim - CE;44752.0;42549.0;11830.0;27.8;both
2304459;Fortim - CE;2007;8949.0;5253.0;5253.0;0.0;1590.0;1361.0;1976.0;1177.0;8324.0;both;Fortim - CE;51347.0;49121.0;12624.0;25.7;both
2304459;Fortim - CE;2008;10891.0;6438.0;6438.0;0.0;1640.0;1425.0;2080.0;1235.0;8600.0;both;Fortim - CE;61025.0;58571.0;16408.0;28.01;both
2304459;Fortim - CE;2009;7208.0;11468.0;11468.0;0.0;1681.0;1475.0;2159.0;1278.0;8848.0;both;Fortim - CE;68575.0;66108.0;16805.0;25.42;both
2304459;Fortim - CE;2010;15837.0;11053.0;11053.0;0.0;1726.0;1528.0;2243.0;1348.0;9101.0;both;Fortim - CE;74667.0;71622.0;16714.0;23.34;both
2304459;Fortim - CE;2011;10249.0;12128.0;12128.0;0.0;1776.0;1588.0;2337.0;1400.0;9384.0;both;Fortim - CE;92245.0;87885.0;22165.0;25.22;both
2304459;Fortim - CE;2012;4717.0;10968.0;10968.0;0.0;1820.0;1659.0;2461.0;1449.0;9647.0;both;Fortim - CE;100038.0;94844.0;21869.0;23.06;both
2304459;Fortim - CE;2013;8060.0;10879.0;10879.0;0.0;1765.0;1751.0;2564.0;1499.0;10052.0;both;Fortim - CE;117447.0;111905.0;31213.0;27.89;both
2304459;Fortim - CE;2014;5174.0;9870.0;9870.0;0.0;1346.0;1832.0;2734.0;1534.0;10542.0;both;Fortim - CE;130698.0;124650.0;29452.0;23.63;both
2304459;Fortim - CE;2015;1410.0;10668.0;10668.0;0.0;1286.0;2034.0;3126.0;1628.0;11352.0;both;Fortim - CE;141535.0;133585.0;24497.0;18.34;both
2304459;Fortim - CE;2016;1202.0;11088.0;11088.0;0.0;1238.0;2176.0;3348.0;1674.0;11684.0;both;Fortim - CE;140985.0;132668.0;21157.0;15.95;both
2304459;Fortim - CE;2017;3365.0;9453.0;9453.0;0.0;1193.0;895.0;3108.0;1026.0;11892.0;both;Fortim - CE;157617.0;148953.0;27442.0;18.42;both
2304459;Fortim - CE;2018;3505.0;7189.0;7189.0;0.0;1104.0;967.0;3025.0;1034.0;11978.0;both;Fortim - CE;162009.0;151984.0;22966.0;15.11;both
2304459;Fortim - CE;2019;5354.0;7293.0;7293.0;0.0;1123.0;1012.0;3104.0;1052.0;12987.0;both;Fortim - CE;205358.0;179712.0;28011.0;15.59;both
2304459;Fortim - CE;2020;5356.0;6902.0;6902.0;0.0;1153.0;1029.0;3137.0;1065.0;13119.0;both;Fortim - CE;233206.0;207344.0;30205.0;14.57;both
2304459;Fortim - CE;2021;4747.0;7053.0;7053.0;0.0;1196.0;1109.0;3438.0;1127.0;14145.0;both;Fortim - CE;312460.0;292525.0;26665.0;9.12;both
2304459;Fortim - CE;2022;6128.0;7089.0;7089.0;0.0;1236.0;1160.0;3658.0;1169.0;15050.0;both;Fortim - CE;331346.0;;;;both
2304459;Fortim - CE;2023;5522.0;7082.0;7082.0;0.0;1638.0;1198.0;3875.0;1234.0;16239.0;both;Fortim - CE;391326.0;;;;both
2304459;Fortim - CE;2024;5583.0;7101.0;7101.0;0.0;1949.0;1296.0;4236.0;1323.0;17326.0;both;;;;;;left_only
2304509;Frecheirinha - CE;2003;7093.0;6066.0;6066.0;0.0;2165.0;1900.0;600.0;6960.0;19744.0;both;Frecheirinha - CE;26122.0;25044.0;6510.0;26.0;both
2304509;Frecheirinha - CE;2004;6099.0;5879.0;5879.0;0.0;2516.0;2185.0;648.0;7710.0;20200.0;both;Frecheirinha - CE;26828.0;25512.0;5665.0;22.21;both
2304509;Frecheirinha - CE;2005;5554.0;4034.0;4034.0;0.0;2412.0;2381.0;690.0;7255.0;19604.0;both;Frecheirinha - CE;30132.0;28715.0;4823.0;16.8;both
2304509;Frecheirinha - CE;2006;7886.0;3639.0;3639.0;0.0;2715.0;2410.0;715.0;6980.0;20190.0;both;Frecheirinha - CE;36585.0;34861.0;6461.0;18.53;both
2304509;Frecheirinha - CE;2007;4972.0;3936.0;3936.0;0.0;3794.0;2350.0;750.0;6880.0;20750.0;both;Frecheirinha - CE;37888.0;36189.0;5262.0;14.54;both
2304509;Frecheirinha - CE;2008;8646.0;3731.0;3731.0;0.0;4021.0;2491.0;802.0;7308.0;22237.0;both;Frecheirinha - CE;47301.0;45150.0;7728.0;17.12;both
2304509;Frecheirinha - CE;2009;6756.0;3906.0;3906.0;0.0;4150.0;2600.0;1150.0;7750.0;23600.0;both;Frecheirinha - CE;53612.0;51285.0;7010.0;13.67;both
2304509;Frecheirinha - CE;2010;5295.0;4433.0;4429.0;0.0009023234829685922;4320.0;2500.0;1100.0;7350.0;25100.0;both;Frecheirinha - CE;64828.0;61701.0;8620.0;13.97;both
2304509;Frecheirinha - CE;2011;7113.0;3812.0;3812.0;0.0;4500.0;2575.0;1149.0;8000.0;26300.0;both;Frecheirinha - CE;75604.0;71749.0;10290.0;14.34;both
2304509;Frecheirinha - CE;2012;3986.0;3450.0;3431.0;0.005507246376811548;4600.0;2650.0;1100.0;7820.0;25700.0;both;Frecheirinha - CE;76708.0;72278.0;7900.0;10.93;both
2304509;Frecheirinha - CE;2013;3879.0;3565.0;3565.0;0.0;4350.0;2500.0;1000.0;7500.0;26000.0;both;Frecheirinha - CE;104417.0;96511.0;9199.0;9.53;both
2304509;Frecheirinha - CE;2014;1398.0;2106.0;2106.0;0.0;3946.0;2800.0;900.0;7600.0;30300.0;both;Frecheirinha - CE;157911.0;143194.0;6888.0;4.81;both
2304509;Frecheirinha - CE;2015;1008.0;2368.0;2368.0;0.0;3483.0;2900.0;1050.0;7800.0;31000.0;both;Frecheirinha - CE;190628.0;170210.0;4867.0;2.86;both
2304509;Frecheirinha - CE;2016;1263.0;2197.0;2197.0;0.0;3470.0;3400.0;750.0;7500.0;25000.0;both;Frecheirinha - CE;219200.0;191976.0;6150.0;3.2;both
2304509;Frecheirinha - CE;2017;1669.0;2295.0;2295.0;0.0;3500.0;3000.0;850.0;6500.0;25130.0;both;Frecheirinha - CE;250155.0;222211.0;7415.0;3.34;both
2304509;Frecheirinha - CE;2018;1579.0;2377.0;2377.0;0.0;4000.0;3300.0;1000.0;7000.0;30156.0;both;Frecheirinha - CE;256854.0;229859.0;7147.0;3.11;both
2304509;Frecheirinha - CE;2019;1690.0;2239.0;2239.0;0.0;5000.0;4000.0;950.0;5500.0;36000.0;both;Frecheirinha - CE;268383.0;238841.0;7020.0;2.94;both
2304509;Frecheirinha - CE;2020;1545.0;2089.0;2089.0;0.0;4560.0;3700.0;900.0;5200.0;34500.0;both;Frecheirinha - CE;235397.0;207868.0;8694.0;4.18;both
2304509;Frecheirinha - CE;2021;1950.0;2115.0;2115.0;0.0;3595.0;3800.0;600.0;4900.0;32900.0;both;Frecheirinha - CE;275921.0;246365.0;11323.0;4.6;both
2304509;Frecheirinha - CE;2022;3887.0;2621.0;2621.0;0.0;4000.0;4000.0;500.0;4150.0;37950.0;both;Frecheirinha - CE;356851.0;;;;both
2304509;Frecheirinha - CE;2023;2804.0;2531.0;2531.0;0.0;4500.0;3820.0;454.0;4300.0;45120.0;both;Frecheirinha - CE;423490.0;;;;both
2304509;Frecheirinha - CE;2024;2871.0;2121.0;2121.0;0.0;5000.0;3400.0;500.0;4000.0;49150.0;both;;;;;;left_only
2304608;General Sampaio - CE;2003;573.0;1665.0;1665.0;0.0;3471.0;1828.0;3217.0;2756.0;19997.0;both;General Sampaio - CE;11557.0;11285.0;2862.0;25.36;both
2304608;General Sampaio - CE;2004;227.0;969.0;969.0;0.0;3370.0;1901.0;3378.0;2856.0;20919.0;both;General Sampaio - CE;12222.0;11866.0;2728.0;22.99;both
2304608;General Sampaio - CE;2005;228.0;968.0;968.0;0.0;3404.0;1977.0;3513.0;2966.0;21466.0;both;General Sampaio - CE;13008.0;12602.0;2906.0;23.06;both
2304608;General Sampaio - CE;2006;540.0;1056.0;1056.0;0.0;3428.0;2036.0;3654.0;3008.0;22028.0;both;General Sampaio - CE;15184.0;14721.0;3363.0;22.85;both
2304608;General Sampaio - CE;2007;227.0;1155.0;1155.0;0.0;3462.0;2117.0;3836.0;3120.0;23046.0;both;General Sampaio - CE;17536.0;17063.0;3267.0;19.15;both
2304608;General Sampaio - CE;2008;1295.0;2562.0;2562.0;0.0;3493.0;2202.0;4028.0;3225.0;23953.0;both;General Sampaio - CE;23016.0;22403.0;4884.0;21.8;both
2304608;General Sampaio - CE;2009;870.0;2432.0;2432.0;0.0;3567.0;2347.0;4200.0;3428.0;25824.0;both;General Sampaio - CE;25230.0;24581.0;4973.0;20.23;both
2304608;General Sampaio - CE;2010;615.0;3031.0;3031.0;0.0;3095.0;2441.0;4410.0;3560.0;26872.0;both;General Sampaio - CE;28344.0;27094.0;4057.0;14.97;both
2304608;General Sampaio - CE;2011;2803.0;2979.0;2979.0;0.0;3126.0;2490.0;4542.0;3662.0;27849.0;both;General Sampaio - CE;33334.0;32241.0;7462.0;23.14;both
2304608;General Sampaio - CE;2012;321.0;1870.0;1870.0;0.0;3095.0;2540.0;4678.0;3731.0;28495.0;both;General Sampaio - CE;33495.0;32313.0;5566.0;17.23;both
2304608;General Sampaio - CE;2013;155.0;1544.0;1544.0;0.0;3538.0;2794.0;4912.0;3917.0;35049.0;both;General Sampaio - CE;37793.0;36590.0;6714.0;18.35;both
2304608;General Sampaio - CE;2014;530.0;1633.0;1633.0;0.0;3608.0;2849.0;5010.0;3721.0;36801.0;both;General Sampaio - CE;43740.0;42715.0;6023.0;14.1;both
2304608;General Sampaio - CE;2015;464.0;1608.0;1608.0;0.0;3500.0;2900.0;5075.0;3800.0;39007.0;both;General Sampaio - CE;45660.0;44312.0;5459.0;12.32;both
2304608;General Sampaio - CE;2016;178.0;1652.0;1652.0;0.0;3258.0;2320.0;4060.0;3610.0;31986.0;both;General Sampaio - CE;44118.0;42537.0;4590.0;10.79;both
2304608;General Sampaio - CE;2017;1342.0;1688.0;1688.0;0.0;3421.0;3202.0;4390.0;2888.0;16000.0;both;General Sampaio - CE;53075.0;50953.0;6878.0;13.5;both
2304608;General Sampaio - CE;2018;1496.0;1840.0;1840.0;0.0;3472.0;3298.0;4897.0;3133.0;16573.0;both;General Sampaio - CE;58853.0;57031.0;10986.0;19.26;both
2304608;General Sampaio - CE;2019;1571.0;1798.0;1798.0;0.0;3510.0;3230.0;4800.0;3210.0;16380.0;both;General Sampaio - CE;69603.0;66081.0;10426.0;15.78;both
2304608;General Sampaio - CE;2020;1493.0;1856.0;1856.0;0.0;3532.0;3271.0;4738.0;3286.0;16450.0;both;General Sampaio - CE;77787.0;72539.0;11287.0;15.56;both
2304608;General Sampaio - CE;2021;626.0;1959.0;1959.0;0.0;3568.0;3294.0;4768.0;3320.0;16510.0;both;General Sampaio - CE;86963.0;79990.0;8641.0;10.8;both
2304608;General Sampaio - CE;2022;1564.0;1949.0;1949.0;0.0;3609.0;3231.0;4698.0;3115.0;16015.0;both;General Sampaio - CE;89926.0;;;;both
2304608;General Sampaio - CE;2023;966.0;2220.0;2220.0;0.0;3567.0;3096.0;4569.0;3298.0;16235.0;both;General Sampaio - CE;97406.0;;;;both
2304608;General Sampaio - CE;2024;1253.0;2292.0;2292.0;0.0;3398.0;2923.0;4390.0;3215.0;16410.0;both;;;;;;left_only
2304657;Graça - CE;2003;12009.0;4959.0;4959.0;0.0;3015.0;3493.0;1325.0;15995.0;40781.0;both;Graça - CE;24770.0;24182.0;4350.0;17.99;both
2304657;Graça - CE;2004;10952.0;5296.0;5296.0;0.0;3070.0;3605.0;1377.0;16653.0;41519.0;both;Graça - CE;26843.0;26051.0;4625.0;17.75;both
2304657;Graça - CE;2005;8189.0;3319.0;3319.0;0.0;3003.0;3638.0;1369.0;16674.0;41919.0;both;Graça - CE;29790.0;28841.0;3997.0;13.86;both
2304657;Graça - CE;2006;6666.0;5084.0;5084.0;0.0;3010.0;3679.0;1393.0;16675.0;42188.0;both;Graça - CE;36518.0;35361.0;5352.0;15.13;both
2304657;Graça - CE;2007;6790.0;5109.0;5109.0;0.0;3005.0;3654.0;1368.0;16681.0;42173.0;both;Graça - CE;37353.0;36314.0;5348.0;14.73;both
2304657;Graça - CE;2008;6543.0;5128.0;5128.0;0.0;2969.0;3783.0;1306.0;16550.0;43601.0;both;Graça - CE;43196.0;42018.0;5957.0;14.18;both
2304657;Graça - CE;2009;4835.0;5439.0;5439.0;0.0;3028.0;3859.0;1332.0;16881.0;44036.0;both;Graça - CE;48404.0;47190.0;5987.0;12.69;both
2304657;Graça - CE;2010;3927.0;5137.0;5137.0;0.0;2993.0;3928.0;1383.0;17005.0;44511.0;both;Graça - CE;54293.0;52604.0;5108.0;9.71;both
2304657;Graça - CE;2011;9675.0;5393.0;5393.0;0.0;3038.0;3987.0;1409.0;17338.0;45299.0;both;Graça - CE;57914.0;56209.0;7618.0;13.55;both
2304657;Graça - CE;2012;3967.0;5496.0;5496.0;0.0;2946.0;4106.0;1447.0;17625.0;44518.0;both;Graça - CE;59906.0;57998.0;5073.0;8.75;both
2304657;Graça - CE;2013;2877.0;4763.0;4763.0;0.0;2813.0;2256.0;905.0;17539.0;44138.0;both;Graça - CE;64751.0;62872.0;4974.0;7.91;both
2304657;Graça - CE;2014;4055.0;6213.0;6213.0;0.0;2678.0;2143.0;873.0;18000.0;46896.0;both;Graça - CE;76852.0;74921.0;6395.0;8.54;both
2304657;Graça - CE;2015;1941.0;6492.0;6492.0;0.0;2639.0;2115.0;856.0;17730.0;46333.0;both;Graça - CE;81956.0;79290.0;5251.0;6.62;both
2304657;Graça - CE;2016;1374.0;4404.0;4404.0;0.0;2440.0;2315.0;958.0;17535.0;48576.0;both;Graça - CE;86414.0;83416.0;5002.0;6.0;both
2304657;Graça - CE;2017;3555.0;4595.0;4595.0;0.0;2565.0;2546.0;1055.0;4275.0;24750.0;both;Graça - CE;96013.0;92584.0;7392.0;7.98;both
2304657;Graça - CE;2018;4133.0;4409.0;4409.0;0.0;2772.0;2164.0;1350.0;3420.0;30450.0;both;Graça - CE;104754.0;101448.0;8330.0;8.21;both
2304657;Graça - CE;2019;2893.0;3993.0;3993.0;0.0;3002.0;2312.0;1430.0;3480.0;30810.0;both;Graça - CE;105941.0;101863.0;8021.0;7.87;both
2304657;Graça - CE;2020;3519.0;4058.0;4058.0;0.0;2760.0;2405.0;1489.0;3656.0;32503.0;both;Graça - CE;117404.0;113322.0;11919.0;10.52;both
2304657;Graça - CE;2021;3893.0;3944.0;3944.0;0.0;2649.0;1203.0;1190.0;3948.0;42248.0;both;Graça - CE;129711.0;124796.0;13642.0;10.93;both
2304657;Graça - CE;2022;2496.0;4140.0;4140.0;0.0;2410.0;5000.0;1170.0;4100.0;46000.0;both;Graça - CE;136808.0;;;;both
2304657;Graça - CE;2023;2248.0;3735.0;3735.0;0.0;2350.0;4820.0;1404.0;4430.0;48100.0;both;Graça - CE;159506.0;;;;both
2304657;Graça - CE;2024;2349.0;3883.0;3883.0;0.0;2230.0;4530.0;1305.0;4300.0;51950.0;both;;;;;;left_only
2304707;Granja - CE;2003;10916.0;10059.0;10059.0;0.0;18468.0;24647.0;13241.0;45003.0;90452.0;both;Granja - CE;71813.0;68926.0;11508.0;16.7;both
2304707;Granja - CE;2004;11092.0;10858.0;10858.0;0.0;18837.0;25140.0;13506.0;45974.0;92261.0;both;Granja - CE;79504.0;75853.0;12511.0;16.49;both
2304707;Granja - CE;2005;12081.0;10351.0;10351.0;0.0;19402.0;25894.0;13911.0;47353.0;95029.0;both;Granja - CE;90711.0;86963.0;13504.0;15.53;both
2304707;Granja - CE;2006;14414.0;13765.0;13765.0;0.0;19450.0;26102.0;14101.0;47505.0;95473.0;both;Granja - CE;107909.0;103131.0;14803.0;14.35;both
2304707;Granja - CE;2007;20662.0;19302.0;19302.0;0.0;20422.0;27146.0;14665.0;49405.0;101034.0;both;Granja - CE;121254.0;116704.0;18610.0;15.95;both
2304707;Granja - CE;2008;21077.0;19308.0;19308.0;0.0;21239.0;27960.0;15251.0;50966.0;104241.0;both;Granja - CE;148594.0;142859.0;23623.0;16.54;both
2304707;Granja - CE;2009;23085.0;20568.0;20568.0;0.0;21661.0;28322.0;15603.0;50193.0;105272.0;both;Granja - CE;160284.0;154331.0;22525.0;14.6;both
2304707;Granja - CE;2010;16309.0;20011.0;20011.0;0.0;22094.0;28634.0;15447.0;50993.0;104771.0;both;Granja - CE;185041.0;178243.0;21897.0;12.29;both
2304707;Granja - CE;2011;21022.0;19782.0;19782.0;0.0;23139.0;29421.0;15942.0;53317.0;108421.0;both;Granja - CE;201240.0;193311.0;28003.0;14.49;both
2304707;Granja - CE;2012;8655.0;22995.0;22995.0;0.0;24732.0;30208.0;16437.0;53803.0;111776.0;both;Granja - CE;200508.0;191839.0;21095.0;11.0;both
2304707;Granja - CE;2013;10923.0;23247.0;23247.0;0.0;21318.0;29470.0;11529.0;55905.0;118516.0;both;Granja - CE;242140.0;232294.0;35439.0;15.26;both
2304707;Granja - CE;2014;16672.0;21008.0;21008.0;0.0;21158.0;29380.0;11300.0;54750.0;118850.0;both;Granja - CE;284385.0;273078.0;42053.0;15.4;both
2304707;Granja - CE;2015;26585.0;21828.0;21828.0;0.0;21310.0;32056.0;11385.0;56151.0;121280.0;both;Granja - CE;324554.0;310843.0;48693.0;15.66;both
2304707;Granja - CE;2016;43288.0;23323.0;23323.0;0.0;18350.0;29900.0;11600.0;53200.0;123315.0;both;Granja - CE;374710.0;358590.0;69878.0;19.49;both
2304707;Granja - CE;2017;46949.0;22819.0;22819.0;0.0;18300.0;25018.0;9068.0;55800.0;73451.0;both;Granja - CE;367695.0;351129.0;53313.0;15.18;both
2304707;Granja - CE;2018;42627.0;16556.0;16556.0;0.0;17000.0;28759.0;13250.0;42702.0;76389.0;both;Granja - CE;375808.0;358317.0;42410.0;11.84;both
2304707;Granja - CE;2019;42549.0;16717.0;16717.0;0.0;18020.0;27321.0;12985.0;44410.0;78680.0;both;Granja - CE;394753.0;375268.0;47083.0;12.55;both
2304707;Granja - CE;2020;44460.0;16708.0;16708.0;0.0;17660.0;26775.0;12855.0;43522.0;77106.0;both;Granja - CE;441906.0;422613.0;64036.0;15.15;both
2304707;Granja - CE;2021;31467.0;16569.0;16569.0;0.0;17200.0;28110.0;12200.0;44400.0;78650.0;both;Granja - CE;469407.0;445611.0;64860.0;14.56;both
2304707;Granja - CE;2022;41155.0;16545.0;16545.0;0.0;16790.0;29481.0;12628.0;43245.0;67434.0;both;Granja - CE;514903.0;;;;both
2304707;Granja - CE;2023;40828.0;16044.0;16044.0;0.0;16202.0;28319.0;12047.0;47025.0;61635.0;both;Granja - CE;561374.0;;;;both
2304707;Granja - CE;2024;39443.0;15683.0;15683.0;0.0;16384.0;27154.0;11158.0;49465.0;63158.0;both;;;;;;left_only
2304806;Granjeiro - CE;2003;1901.0;1404.0;1404.0;0.0;2322.0;525.0;544.0;1108.0;9342.0;both;Granjeiro - CE;9609.0;9390.0;2268.0;24.15;both
2304806;Granjeiro - CE;2004;1431.0;1396.0;1396.0;0.0;2345.0;540.0;571.0;1146.0;9627.0;both;Granjeiro - CE;10196.0;9923.0;1709.0;17.22;both
2304806;Granjeiro - CE;2005;1095.0;760.0;760.0;0.0;2393.0;561.0;595.0;1195.0;10048.0;both;Granjeiro - CE;11273.0;10939.0;1542.0;14.1;both
2304806;Granjeiro - CE;2006;1994.0;1017.0;1017.0;0.0;2468.0;589.0;610.0;1220.0;10420.0;both;Granjeiro - CE;13346.0;13013.0;2461.0;18.91;both
2304806;Granjeiro - CE;2007;1682.0;2117.0;2117.0;0.0;2550.0;613.0;622.0;1249.0;10830.0;both;Granjeiro - CE;14830.0;14342.0;2492.0;17.38;both
2304806;Granjeiro - CE;2008;3088.0;2132.0;2132.0;0.0;2627.0;634.0;640.0;1286.0;11293.0;both;Granjeiro - CE;20175.0;19699.0;5046.0;25.61;both
2304806;Granjeiro - CE;2009;3118.0;2162.0;2162.0;0.0;2680.0;650.0;652.0;1299.0;11663.0;both;Granjeiro - CE;20672.0;20221.0;4952.0;24.49;both
2304806;Granjeiro - CE;2010;991.0;1474.0;1474.0;0.0;2763.0;673.0;665.0;1336.0;12108.0;both;Granjeiro - CE;18993.0;18529.0;3040.0;16.4;both
2304806;Granjeiro - CE;2011;2299.0;1592.0;1592.0;0.0;2849.0;697.0;678.0;1374.0;12570.0;both;Granjeiro - CE;21540.0;20998.0;4443.0;21.16;both
2304806;Granjeiro - CE;2012;1270.0;1472.0;1472.0;0.0;3292.0;721.0;691.0;1413.0;13050.0;both;Granjeiro - CE;24435.0;23846.0;4063.0;17.04;both
2304806;Granjeiro - CE;2013;787.0;940.0;940.0;0.0;3375.0;763.0;711.0;1283.0;13444.0;both;Granjeiro - CE;24620.0;24015.0;2858.0;11.9;both
2304806;Granjeiro - CE;2014;1895.0;1031.0;1031.0;0.0;3094.0;794.0;809.0;1245.0;12503.0;both;Granjeiro - CE;31341.0;30739.0;5322.0;17.31;both
2304806;Granjeiro - CE;2015;1296.0;1059.0;1059.0;0.0;2968.0;1044.0;1084.0;1465.0;12820.0;both;Granjeiro - CE;30297.0;29522.0;2596.0;8.79;both
2304806;Granjeiro - CE;2016;1906.0;594.0;594.0;0.0;2799.0;1036.0;1041.0;1392.0;11666.0;both;Granjeiro - CE;31750.0;30509.0;3447.0;11.3;both
2304806;Granjeiro - CE;2017;2231.0;795.0;795.0;0.0;2855.0;1100.0;680.0;1100.0;13390.0;both;Granjeiro - CE;38618.0;37476.0;6938.0;18.51;both
2304806;Granjeiro - CE;2018;3082.0;968.0;968.0;0.0;3000.0;1143.0;700.0;1130.0;13500.0;both;Granjeiro - CE;43186.0;42079.0;8936.0;21.23;both
2304806;Granjeiro - CE;2019;1825.0;1026.0;1026.0;0.0;2950.0;1200.0;680.0;1200.0;14000.0;both;Granjeiro - CE;45073.0;43635.0;6811.0;15.61;both
2304806;Granjeiro - CE;2020;1906.0;997.0;997.0;0.0;3150.0;1250.0;700.0;1350.0;15000.0;both;Granjeiro - CE;47139.0;45711.0;7529.0;16.47;both
2304806;Granjeiro - CE;2021;2367.0;1117.0;1117.0;0.0;3374.0;1160.0;705.0;1285.0;13500.0;both;Granjeiro - CE;51337.0;49685.0;10225.0;20.58;both
2304806;Granjeiro - CE;2022;1386.0;1044.0;1044.0;0.0;3542.0;1218.0;740.0;1374.0;14850.0;both;Granjeiro - CE;55419.0;;;;both
2304806;Granjeiro - CE;2023;1692.0;1041.0;1041.0;0.0;4019.0;1278.0;777.0;1442.0;15147.0;both;Granjeiro - CE;67463.0;;;;both
2304806;Granjeiro - CE;2024;1980.0;1077.0;1077.0;0.0;4360.0;1350.0;902.0;1874.0;16400.0;both;;;;;;left_only
2304905;Groaíras - CE;2003;1955.0;3415.0;3415.0;0.0;4079.0;749.0;1894.0;2673.0;12447.0;both;Groaíras - CE;16999.0;16519.0;3510.0;21.25;both
2304905;Groaíras - CE;2004;1469.0;3772.0;3772.0;0.0;4157.0;740.0;1934.0;2720.0;12644.0;both;Groaíras - CE;17318.0;16696.0;2803.0;16.79;both
2304905;Groaíras - CE;2005;1265.0;3405.0;3405.0;0.0;4282.0;762.0;1992.0;2801.0;13023.0;both;Groaíras - CE;18750.0;18029.0;2983.0;16.54;both
2304905;Groaíras - CE;2006;1740.0;3456.0;3456.0;0.0;4278.0;777.0;2110.0;2816.0;13147.0;both;Groaíras - CE;21185.0;20406.0;3193.0;15.65;both
2304905;Groaíras - CE;2007;1977.0;3532.0;3532.0;0.0;4271.0;785.0;2130.0;2824.0;13200.0;both;Groaíras - CE;24652.0;23867.0;3510.0;14.71;both
2304905;Groaíras - CE;2008;2087.0;3600.0;3600.0;0.0;4356.0;801.0;2173.0;2880.0;13464.0;both;Groaíras - CE;28606.0;27708.0;3967.0;14.32;both
2304905;Groaíras - CE;2009;1761.0;3612.0;3320.0;0.08084163898117391;4487.0;825.0;2238.0;2967.0;13868.0;both;Groaíras - CE;31135.0;30212.0;3851.0;12.75;both
2304905;Groaíras - CE;2010;973.0;2409.0;2409.0;0.0;4156.0;958.0;2266.0;3462.0;14007.0;both;Groaíras - CE;38000.0;36306.0;3143.0;8.66;both
2304905;Groaíras - CE;2011;2643.0;2486.0;2486.0;0.0;4260.0;987.0;2323.0;3549.0;14357.0;both;Groaíras - CE;42029.0;40528.0;4776.0;11.78;both
2304905;Groaíras - CE;2012;774.0;2153.0;2153.0;0.0;4199.0;950.0;2270.0;3523.0;14195.0;both;Groaíras - CE;44675.0;42593.0;3331.0;7.82;both
2304905;Groaíras - CE;2013;26.0;211.0;211.0;0.0;4652.0;2987.0;5721.0;5990.0;12165.0;both;Groaíras - CE;52723.0;50466.0;2864.0;5.67;both
2304905;Groaíras - CE;2014;1073.0;2025.0;2025.0;0.0;4421.0;3105.0;6144.0;6427.0;17528.0;both;Groaíras - CE;64077.0;61600.0;5409.0;8.78;both
2304905;Groaíras - CE;2015;436.0;1932.0;1932.0;0.0;4197.0;3018.0;5785.0;5958.0;16655.0;both;Groaíras - CE;67260.0;64320.0;4364.0;6.78;both
2304905;Groaíras - CE;2016;585.0;1943.0;1934.0;0.0046320123520329215;3910.0;2856.0;5566.0;5335.0;13580.0;both;Groaíras - CE;70042.0;67048.0;5587.0;8.33;both
2304905;Groaíras - CE;2017;1176.0;2270.0;2270.0;0.0;4104.0;2610.0;5046.0;5548.0;15245.0;both;Groaíras - CE;77900.0;74321.0;5890.0;7.92;both
2304905;Groaíras - CE;2018;945.0;2027.0;2027.0;0.0;4257.0;2584.0;6055.0;3329.0;19056.0;both;Groaíras - CE;80715.0;77295.0;5927.0;7.67;both
2304905;Groaíras - CE;2019;651.0;1506.0;1506.0;0.0;4712.0;2412.0;5598.0;2438.0;19892.0;both;Groaíras - CE;87569.0;83111.0;6097.0;7.34;both
2304905;Groaíras - CE;2020;764.0;1616.0;1616.0;0.0;4475.0;2893.0;5681.0;5497.0;21890.0;both;Groaíras - CE;96134.0;91067.0;7254.0;7.97;both
2304905;Groaíras - CE;2021;811.0;1702.0;1698.0;0.002350176263219761;4996.0;2980.0;5563.0;5609.0;22110.0;both;Groaíras - CE;110755.0;103322.0;10043.0;9.72;both
2304905;Groaíras - CE;2022;427.0;1659.0;1659.0;0.0;4311.0;3218.0;6064.0;5982.0;24542.0;both;Groaíras - CE;123687.0;;;;both
2304905;Groaíras - CE;2023;386.0;1718.0;1718.0;0.0;4463.0;3252.0;5850.0;5683.0;23559.0;both;Groaíras - CE;135967.0;;;;both
2304905;Groaíras - CE;2024;544.0;1795.0;1795.0;0.0;4995.0;2941.0;6020.0;5907.0;21703.0;both;;;;;;left_only
2304954;Guaiúba - CE;2003;9408.0;2895.0;2895.0;0.0;2785.0;198.0;697.0;4797.0;342093.0;both;Guaiúba - CE;36571.0;35272.0;8584.0;24.34;both
2304954;Guaiúba - CE;2004;10075.0;2706.0;2706.0;0.0;2924.0;210.0;707.0;4864.0;413968.0;both;Guaiúba - CE;40612.0;39068.0;9662.0;24.73;both
2304954;Guaiúba - CE;2005;10096.0;2552.0;2158.0;0.15438871473354232;2995.0;225.0;775.0;5078.0;434635.0;both;Guaiúba - CE;45611.0;43608.0;9037.0;20.72;both
2304954;Guaiúba - CE;2006;11440.0;2976.0;2976.0;0.0;3035.0;231.0;798.0;5362.0;156536.0;both;Guaiúba - CE;51111.0;48935.0;8935.0;18.26;both
2304954;Guaiúba - CE;2007;18709.0;3486.0;3486.0;0.0;3168.0;237.0;831.0;5584.0;236568.0;both;Guaiúba - CE;58825.0;56415.0;8940.0;15.85;both
2304954;Guaiúba - CE;2008;18643.0;3688.0;3688.0;0.0;3245.0;249.0;872.0;5787.0;234113.0;both;Guaiúba - CE;70363.0;67582.0;10340.0;15.3;both
2304954;Guaiúba - CE;2009;16683.0;2552.0;2552.0;0.0;3615.0;295.0;1109.0;3789.0;234841.0;both;Guaiúba - CE;77790.0;74241.0;9755.0;13.14;both
2304954;Guaiúba - CE;2010;16000.0;2701.0;2701.0;0.0;3745.0;307.0;1158.0;3929.0;222415.0;both;Guaiúba - CE;104479.0;97881.0;10999.0;11.24;both
2304954;Guaiúba - CE;2011;5514.0;2887.0;2887.0;0.0;3701.0;310.0;1149.0;3920.0;236071.0;both;Guaiúba - CE;113232.0;106428.0;13560.0;12.74;both
2304954;Guaiúba - CE;2012;5140.0;2291.0;2291.0;0.0;3834.0;326.0;1186.0;4187.0;242823.0;both;Guaiúba - CE;113369.0;106631.0;12300.0;11.54;both
2304954;Guaiúba - CE;2013;2591.0;1425.0;1015.0;0.28771929824561404;6025.0;339.0;1282.0;4350.0;231600.0;both;Guaiúba - CE;135903.0;128752.0;11384.0;8.84;both
2304954;Guaiúba - CE;2014;4700.0;2245.0;2245.0;0.0;5778.0;345.0;1269.0;4312.0;232001.0;both;Guaiúba - CE;153782.0;146618.0;18779.0;12.81;both
2304954;Guaiúba - CE;2015;2668.0;1557.0;1557.0;0.0;5677.0;350.0;1280.0;4210.0;205800.0;both;Guaiúba - CE;161180.0;153424.0;14988.0;9.77;both
2304954;Guaiúba - CE;2016;1282.0;2130.0;2130.0;0.0;5047.0;1890.0;1568.0;5742.0;210446.0;both;Guaiúba - CE;168289.0;159883.0;16384.0;10.25;both
2304954;Guaiúba - CE;2017;6026.0;1410.0;1410.0;0.0;5383.0;2115.0;1880.0;6473.0;227281.0;both;Guaiúba - CE;209217.0;200617.0;40066.0;19.97;both
2304954;Guaiúba - CE;2018;3813.0;1579.0;1579.0;0.0;5161.0;2210.0;4680.0;10648.0;241589.0;both;Guaiúba - CE;204238.0;194396.0;27889.0;14.35;both
2304954;Guaiúba - CE;2019;3748.0;883.0;883.0;0.0;5298.0;2276.0;4810.0;10965.0;245836.0;both;Guaiúba - CE;203660.0;193365.0;22866.0;11.83;both
2304954;Guaiúba - CE;2020;3704.0;953.0;953.0;0.0;4796.0;2109.0;4386.0;9956.0;239700.0;both;Guaiúba - CE;217581.0;207473.0;25740.0;12.41;both
2304954;Guaiúba - CE;2021;2721.0;620.0;620.0;0.0;4605.0;2071.0;4293.0;11336.0;242984.0;both;Guaiúba - CE;231993.0;220362.0;23415.0;10.63;both
2304954;Guaiúba - CE;2022;2031.0;403.0;403.0;0.0;4680.0;2126.0;4391.0;11630.0;244245.0;both;Guaiúba - CE;272368.0;;;;both
2304954;Guaiúba - CE;2023;1878.0;448.0;448.0;0.0;5042.0;2019.0;4170.0;12500.0;659979.0;both;Guaiúba - CE;315522.0;;;;both
2304954;Guaiúba - CE;2024;1858.0;397.0;397.0;0.0;5495.0;1999.0;4129.0;13730.0;182400.0;both;;;;;;left_only
2305001;Guaraciaba do Norte - CE;2003;60562.0;9411.0;9411.0;0.0;5940.0;1138.0;668.0;4909.0;42329.0;both;Guaraciaba do Norte - CE;88141.0;84809.0;29412.0;34.68;both
2305001;Guaraciaba do Norte - CE;2004;49616.0;10275.0;10275.0;0.0;6900.0;1285.0;714.0;5400.0;43500.0;both;Guaraciaba do Norte - CE;98672.0;94660.0;34758.0;36.72;both
2305001;Guaraciaba do Norte - CE;2005;83576.0;11269.0;11269.0;0.0;6665.0;1387.0;725.0;5096.0;40647.0;both;Guaraciaba do Norte - CE;109143.0;104648.0;35251.0;33.69;both
2305001;Guaraciaba do Norte - CE;2006;58113.0;11482.0;11482.0;0.0;7230.0;1435.0;790.0;4202.0;39230.0;both;Guaraciaba do Norte - CE;131351.0;125859.0;44177.0;35.1;both
2305001;Guaraciaba do Norte - CE;2007;170160.0;12552.0;12552.0;0.0;7714.0;1610.0;900.0;4310.0;40310.0;both;Guaraciaba do Norte - CE;142143.0;136826.0;47963.0;35.05;both
2305001;Guaraciaba do Norte - CE;2008;173345.0;15770.0;15770.0;0.0;7488.0;1750.0;950.0;5050.0;41800.0;both;Guaraciaba do Norte - CE;177293.0;171109.0;63922.0;37.36;both
2305001;Guaraciaba do Norte - CE;2009;169793.0;15904.0;15904.0;0.0;8542.0;1880.0;1100.0;5980.0;44600.0;both;Guaraciaba do Norte - CE;167716.0;161726.0;45315.0;28.02;both
2305001;Guaraciaba do Norte - CE;2010;163117.0;13101.0;13101.0;0.0;10572.0;1800.0;1150.0;5800.0;43500.0;both;Guaraciaba do Norte - CE;208952.0;198043.0;47638.0;24.05;both
2305001;Guaraciaba do Norte - CE;2011;160980.0;14872.0;14872.0;0.0;10800.0;1600.0;1200.0;5980.0;45000.0;both;Guaraciaba do Norte - CE;237684.0;225563.0;59874.0;26.54;both
2305001;Guaraciaba do Norte - CE;2012;125445.0;9008.0;9008.0;0.0;10650.0;1500.0;1250.0;6400.0;43500.0;both;Guaraciaba do Norte - CE;233660.0;220262.0;48210.0;21.89;both
2305001;Guaraciaba do Norte - CE;2013;133576.0;7415.0;7415.0;0.0;10000.0;1400.0;1200.0;6300.0;42000.0;both;Guaraciaba do Norte - CE;279721.0;265414.0;73806.0;27.81;both
2305001;Guaraciaba do Norte - CE;2014;72913.0;8460.0;8460.0;0.0;9100.0;1320.0;1150.0;6000.0;40000.0;both;Guaraciaba do Norte - CE;319552.0;303053.0;75096.0;24.78;both
2305001;Guaraciaba do Norte - CE;2015;92484.0;6040.0;6040.0;0.0;7380.0;800.0;1200.0;6500.0;45000.0;both;Guaraciaba do Norte - CE;325966.0;307324.0;68884.0;22.41;both
2305001;Guaraciaba do Norte - CE;2016;20813.0;6255.0;6255.0;0.0;7000.0;600.0;1000.0;6300.0;47000.0;both;Guaraciaba do Norte - CE;359802.0;338243.0;80793.0;23.89;both
2305001;Guaraciaba do Norte - CE;2017;83373.0;7870.0;7870.0;0.0;6850.0;700.0;1400.0;6400.0;43000.0;both;Guaraciaba do Norte - CE;450310.0;426530.0;137884.0;32.33;both
2305001;Guaraciaba do Norte - CE;2018;94882.0;7630.0;7630.0;0.0;6538.0;800.0;1000.0;6100.0;44500.0;both;Guaraciaba do Norte - CE;479711.0;455324.0;158070.0;34.72;both
2305001;Guaraciaba do Norte - CE;2019;130246.0;8870.0;8870.0;0.0;6600.0;900.0;1100.0;6200.0;46000.0;both;Guaraciaba do Norte - CE;558824.0;529235.0;196951.0;37.21;both
2305001;Guaraciaba do Norte - CE;2020;123797.0;10515.0;10515.0;0.0;7050.0;970.0;1200.0;6900.0;51000.0;both;Guaraciaba do Norte - CE;639798.0;609799.0;252568.0;41.42;both
2305001;Guaraciaba do Norte - CE;2021;109392.0;9874.0;9874.0;0.0;7667.0;980.0;1105.0;7245.0;48450.0;both;Guaraciaba do Norte - CE;669209.0;632140.0;252867.0;40.0;both
2305001;Guaraciaba do Norte - CE;2022;124053.0;10315.0;10315.0;0.0;8817.0;1000.0;1300.0;8550.0;50872.0;both;Guaraciaba do Norte - CE;728027.0;;;;both
2305001;Guaraciaba do Norte - CE;2023;128711.0;10523.0;10523.0;0.0;8994.0;1490.0;1350.0;8720.0;55000.0;both;Guaraciaba do Norte - CE;878354.0;;;;both
2305001;Guaraciaba do Norte - CE;2024;137230.0;10750.0;10750.0;0.0;9900.0;1535.0;1485.0;10300.0;65450.0;both;;;;;;left_only
2305100;Guaramiranga - CE;2003;4451.0;1222.0;1222.0;0.0;901.0;56.0;191.0;334.0;3039.0;both;Guaramiranga - CE;19689.0;18902.0;5506.0;29.13;both
2305100;Guaramiranga - CE;2004;5388.0;1196.0;1196.0;0.0;904.0;58.0;192.0;344.0;3106.0;both;Guaramiranga - CE;19952.0;19364.0;6613.0;34.15;both
2305100;Guaramiranga - CE;2005;7750.0;1216.0;1216.0;0.0;908.0;61.0;194.0;352.0;3178.0;both;Guaramiranga - CE;22497.0;21760.0;8233.0;37.83;both
2305100;Guaramiranga - CE;2006;8770.0;1227.0;1227.0;0.0;912.0;64.0;197.0;356.0;3261.0;both;Guaramiranga - CE;29972.0;29038.0;11638.0;40.08;both
2305100;Guaramiranga - CE;2007;6329.0;1222.0;1222.0;0.0;917.0;71.0;204.0;366.0;3304.0;both;Guaramiranga - CE;25529.0;24563.0;8395.0;34.18;both
2305100;Guaramiranga - CE;2008;7011.0;1236.0;1236.0;0.0;923.0;78.0;211.0;373.0;3365.0;both;Guaramiranga - CE;28683.0;27605.0;10507.0;38.06;both
2305100;Guaramiranga - CE;2009;6997.0;1338.0;1338.0;0.0;931.0;86.0;220.0;382.0;3436.0;both;Guaramiranga - CE;32025.0;31075.0;10533.0;33.89;both
2305100;Guaramiranga - CE;2010;6914.0;1411.0;1411.0;0.0;938.0;94.0;229.0;391.0;3511.0;both;Guaramiranga - CE;37854.0;37384.0;12595.0;33.69;both
2305100;Guaramiranga - CE;2011;7269.0;1368.0;1368.0;0.0;944.0;100.0;236.0;395.0;3590.0;both;Guaramiranga - CE;43906.0;43089.0;16090.0;37.34;both
2305100;Guaramiranga - CE;2012;5769.0;1171.0;1171.0;0.0;500.0;97.0;227.0;382.0;3037.0;both;Guaramiranga - CE;40677.0;39940.0;10837.0;27.13;both
2305100;Guaramiranga - CE;2013;4434.0;1243.0;1243.0;0.0;415.0;103.0;233.0;420.0;3340.0;both;Guaramiranga - CE;44774.0;43316.0;10579.0;24.42;both
2305100;Guaramiranga - CE;2014;7156.0;1250.0;1250.0;0.0;427.0;105.0;236.0;450.0;3564.0;both;Guaramiranga - CE;58574.0;58617.0;17739.0;30.26;both
2305100;Guaramiranga - CE;2015;2908.0;608.0;605.0;0.004934210526315819;425.0;108.0;139.0;476.0;3814.0;both;Guaramiranga - CE;50563.0;48441.0;7516.0;15.52;both
2305100;Guaramiranga - CE;2016;1407.0;465.0;465.0;0.0;418.0;112.0;128.0;500.0;3925.0;both;Guaramiranga - CE;55089.0;52722.0;6069.0;11.51;both
2305100;Guaramiranga - CE;2017;1153.0;385.0;385.0;0.0;149.0;134.0;0.0;96.0;4023.0;both;Guaramiranga - CE;61763.0;58841.0;8542.0;14.52;both
2305100;Guaramiranga - CE;2018;915.0;450.0;450.0;0.0;220.0;122.0;0.0;83.0;4290.0;both;Guaramiranga - CE;60452.0;58013.0;5839.0;10.07;both
2305100;Guaramiranga - CE;2019;1348.0;424.0;424.0;0.0;229.0;129.0;0.0;91.0;4976.0;both;Guaramiranga - CE;75218.0;72189.0;8385.0;11.62;both
2305100;Guaramiranga - CE;2020;1431.0;360.0;360.0;0.0;238.0;132.0;0.0;101.0;5672.0;both;Guaramiranga - CE;71340.0;68499.0;9630.0;14.06;both
2305100;Guaramiranga - CE;2021;1317.0;364.0;364.0;0.0;240.0;128.0;0.0;120.0;5842.0;both;Guaramiranga - CE;80396.0;76568.0;9979.0;13.03;both
2305100;Guaramiranga - CE;2022;1528.0;370.0;370.0;0.0;255.0;120.0;428.0;128.0;6100.0;both;Guaramiranga - CE;94083.0;;;;both
2305100;Guaramiranga - CE;2023;1350.0;340.0;340.0;0.0;354.0;125.0;410.0;120.0;7015.0;both;Guaramiranga - CE;104816.0;;;;both
2305100;Guaramiranga - CE;2024;1456.0;359.0;359.0;0.0;370.0;140.0;400.0;130.0;7400.0;both;;;;;;left_only
2305209;Hidrolândia - CE;2003;9605.0;11957.0;11957.0;0.0;8515.0;5450.0;19339.0;4051.0;34490.0;both;Hidrolândia - CE;38074.0;36552.0;9979.0;27.3;both
2305209;Hidrolândia - CE;2004;7073.0;16417.0;16417.0;0.0;8855.0;5613.0;19919.0;4241.0;35868.0;both;Hidrolândia - CE;37610.0;35849.0;9758.0;27.22;both
2305209;Hidrolândia - CE;2005;6156.0;14043.0;14043.0;0.0;9032.0;5725.0;20317.0;4365.0;36618.0;both;Hidrolândia - CE;41025.0;39026.0;9220.0;23.63;both
2305209;Hidrolândia - CE;2006;13490.0;14376.0;14376.0;0.0;9212.0;5868.0;20723.0;4492.0;37435.0;both;Hidrolândia - CE;53927.0;51686.0;16171.0;31.29;both
2305209;Hidrolândia - CE;2007;6988.0;12008.0;12008.0;0.0;9396.0;5781.0;21137.0;4580.0;38183.0;both;Hidrolândia - CE;52617.0;50498.0;9105.0;18.03;both
2305209;Hidrolândia - CE;2008;9236.0;14700.0;14700.0;0.0;9490.0;5897.0;21560.0;4650.0;38859.0;both;Hidrolândia - CE;66001.0;63487.0;13439.0;21.17;both
2305209;Hidrolândia - CE;2009;8556.0;15145.0;15145.0;0.0;9585.0;6015.0;21992.0;4721.0;39479.0;both;Hidrolândia - CE;70978.0;68509.0;12432.0;18.15;both
2305209;Hidrolândia - CE;2010;7595.0;15183.0;15183.0;0.0;9872.0;6195.0;22431.0;4842.0;40465.0;both;Hidrolândia - CE;80600.0;77658.0;13462.0;17.34;both
2305209;Hidrolândia - CE;2011;17328.0;15290.0;15290.0;0.0;10167.0;6350.0;23064.0;4953.0;42369.0;both;Hidrolândia - CE;98399.0;95617.0;25134.0;26.29;both
2305209;Hidrolândia - CE;2012;9720.0;14228.0;14228.0;0.0;8438.0;5461.0;19143.0;4130.0;35323.0;both;Hidrolândia - CE;96253.0;93006.0;16593.0;17.84;both
2305209;Hidrolândia - CE;2013;4025.0;7863.0;7857.0;0.0007630675314765911;13169.0;5379.0;18855.0;3491.0;34617.0;both;Hidrolândia - CE;101944.0;98732.0;14383.0;14.57;both
2305209;Hidrolândia - CE;2014;5679.0;14292.0;14292.0;0.0;13073.0;5350.0;18840.0;3456.0;34270.0;both;Hidrolândia - CE;114904.0;111384.0;16643.0;14.94;both
2305209;Hidrolândia - CE;2015;2649.0;13871.0;13871.0;0.0;13120.0;5420.0;18970.0;3512.0;34315.0;both;Hidrolândia - CE;124095.0;119879.0;14864.0;12.4;both
2305209;Hidrolândia - CE;2016;2191.0;13705.0;13705.0;0.0;12510.0;5398.0;18770.0;3405.0;34210.0;both;Hidrolândia - CE;135880.0;131249.0;19269.0;14.68;both
2305209;Hidrolândia - CE;2017;4282.0;14777.0;14777.0;0.0;13371.0;5806.0;18504.0;4777.0;36809.0;both;Hidrolândia - CE;143185.0;137482.0;20851.0;15.17;both
2305209;Hidrolândia - CE;2018;5698.0;14327.0;14327.0;0.0;13684.0;6004.0;18925.0;4590.0;38465.0;both;Hidrolândia - CE;147647.0;142279.0;21118.0;14.84;both
2305209;Hidrolândia - CE;2019;3498.0;6005.0;6005.0;0.0;14000.0;6500.0;19000.0;3500.0;40000.0;both;Hidrolândia - CE;153196.0;146764.0;19138.0;13.04;both
2305209;Hidrolândia - CE;2020;3135.0;6127.0;5537.0;0.09629508731842662;16700.0;7050.0;20900.0;3630.0;61500.0;both;Hidrolândia - CE;169390.0;162868.0;26884.0;16.51;both
2305209;Hidrolândia - CE;2021;3171.0;6939.0;6939.0;0.0;17000.0;9600.0;27600.0;4130.0;75000.0;both;Hidrolândia - CE;185025.0;176984.0;32788.0;18.53;both
2305209;Hidrolândia - CE;2022;3218.0;6953.0;6953.0;0.0;17200.0;9800.0;28000.0;4300.0;76000.0;both;Hidrolândia - CE;204119.0;;;;both
2305209;Hidrolândia - CE;2023;3823.0;6978.0;6978.0;0.0;18920.0;8342.0;30840.0;3872.0;87460.0;both;Hidrolândia - CE;239627.0;;;;both
2305209;Hidrolândia - CE;2024;2720.0;7103.0;7103.0;0.0;19866.0;8000.0;32073.0;3700.0;88000.0;both;;;;;;left_only
2305233;Horizonte - CE;2003;13357.0;4769.0;4769.0;0.0;3340.0;845.0;910.0;1198.0;1318603.0;both;Horizonte - CE;396080.0;328089.0;23114.0;7.04;both
2305233;Horizonte - CE;2004;12016.0;4459.0;4459.0;0.0;3105.0;610.0;960.0;1138.0;1288146.0;both;Horizonte - CE;472936.0;386736.0;26232.0;6.78;both
2305233;Horizonte - CE;2005;13935.0;5121.0;5121.0;0.0;3080.0;681.0;1015.0;1155.0;1374466.0;both;Horizonte - CE;589136.0;477714.0;28588.0;5.98;both
2305233;Horizonte - CE;2006;13261.0;5494.0;5494.0;0.0;3234.0;693.0;1100.0;1178.0;1468719.0;both;Horizonte - CE;618227.0;470101.0;31506.0;6.7;both
2305233;Horizonte - CE;2007;14375.0;5509.0;5509.0;0.0;3250.0;695.0;1150.0;1195.0;1568542.0;both;Horizonte - CE;717471.0;518171.0;34089.0;6.58;both
2305233;Horizonte - CE;2008;14284.0;5619.0;5619.0;0.0;3275.0;700.0;1190.0;1222.0;1552267.0;both;Horizonte - CE;890906.0;683171.0;37859.0;5.54;both
2305233;Horizonte - CE;2009;15774.0;5829.0;5829.0;0.0;3601.0;710.0;1250.0;1265.0;1507306.0;both;Horizonte - CE;1088360.0;904361.0;41017.0;4.54;both
2305233;Horizonte - CE;2010;13325.0;4145.0;4145.0;0.0;3995.0;690.0;1275.0;1288.0;1642622.0;both;Horizonte - CE;1146485.0;930041.0;43844.0;4.71;both
2305233;Horizonte - CE;2011;15924.0;5299.0;5299.0;0.0;4400.0;692.0;1290.0;1279.0;1657524.0;both;Horizonte - CE;1206916.0;982682.0;51793.0;5.27;both
2305233;Horizonte - CE;2012;11067.0;5216.0;5116.0;0.01917177914110424;3872.0;675.0;1128.0;1244.0;1631145.0;both;Horizonte - CE;1141813.0;932794.0;50885.0;5.46;both
2305233;Horizonte - CE;2013;7186.0;4037.0;4037.0;0.0;5272.0;590.0;3417.0;4059.0;1879079.0;both;Horizonte - CE;1195454.0;993011.0;71353.0;7.19;both
2305233;Horizonte - CE;2014;10398.0;4136.0;4136.0;0.0;5837.0;761.0;4075.0;4450.0;1947535.0;both;Horizonte - CE;1405696.0;1184706.0;79771.0;6.73;both
2305233;Horizonte - CE;2015;11593.0;4399.0;4399.0;0.0;5645.0;814.0;4238.0;4984.0;2080837.0;both;Horizonte - CE;1287176.0;1088454.0;89668.0;8.24;both
2305233;Horizonte - CE;2016;8884.0;4524.0;4524.0;0.0;4616.0;903.0;4646.0;4048.0;2125090.0;both;Horizonte - CE;1456369.0;1242789.0;92614.0;7.45;both
2305233;Horizonte - CE;2017;14155.0;4340.0;4340.0;0.0;4291.0;879.0;4746.0;4288.0;2395206.0;both;Horizonte - CE;1597151.0;1370918.0;80931.0;5.9;both
2305233;Horizonte - CE;2018;10104.0;3956.0;3956.0;0.0;5280.0;955.0;4496.0;4310.0;2145939.0;both;Horizonte - CE;1700086.0;1455969.0;73148.0;5.02;both
2305233;Horizonte - CE;2019;9621.0;2936.0;2936.0;0.0;5433.0;983.0;4590.0;4439.0;2706256.0;both;Horizonte - CE;1702284.0;1447849.0;87497.0;6.04;both
2305233;Horizonte - CE;2020;8625.0;2878.0;2878.0;0.0;4396.0;847.0;4285.0;4596.0;3004139.0;both;Horizonte - CE;1741190.0;1461487.0;93034.0;6.37;both
2305233;Horizonte - CE;2021;6395.0;2375.0;2375.0;0.0;4220.0;828.0;4148.0;4940.0;2800207.0;both;Horizonte - CE;2116782.0;1764781.0;103735.0;5.88;both
2305233;Horizonte - CE;2022;5363.0;2596.0;2596.0;0.0;4053.0;784.0;3940.0;5088.0;3052547.0;both;Horizonte - CE;2501483.0;;;;both
2305233;Horizonte - CE;2023;5442.0;2343.0;2343.0;0.0;3850.0;770.0;3810.0;5052.0;3017237.0;both;Horizonte - CE;2964814.0;;;;both
2305233;Horizonte - CE;2024;4098.0;2232.0;2232.0;0.0;3940.0;689.0;3725.0;5253.0;2985315.0;both;;;;;;left_only
2305266;Ibaretama - CE;2003;11670.0;8703.0;8703.0;0.0;11300.0;3900.0;10700.0;2470.0;108500.0;both;Ibaretama - CE;26523.0;26076.0;10158.0;38.96;both
2305266;Ibaretama - CE;2004;4642.0;7633.0;7633.0;0.0;12100.0;4200.0;11600.0;2620.0;111500.0;both;Ibaretama - CE;24491.0;23781.0;6741.0;28.35;both
2305266;Ibaretama - CE;2005;6379.0;6653.0;6653.0;0.0;12700.0;4400.0;12100.0;2675.0;113560.0;both;Ibaretama - CE;34519.0;33664.0;10418.0;30.95;both
2305266;Ibaretama - CE;2006;6731.0;7403.0;7403.0;0.0;12900.0;4520.0;12330.0;2599.0;115000.0;both;Ibaretama - CE;36980.0;35928.0;10516.0;29.27;both
2305266;Ibaretama - CE;2007;3221.0;7562.0;6562.0;0.1322401481089659;13250.0;4650.0;12700.0;2650.0;117600.0;both;Ibaretama - CE;34589.0;33682.0;8548.0;25.38;both
2305266;Ibaretama - CE;2008;8178.0;7160.0;7160.0;0.0;13560.0;4780.0;12990.0;2420.0;114550.0;both;Ibaretama - CE;45892.0;44782.0;14376.0;32.1;both
2305266;Ibaretama - CE;2009;3079.0;7742.0;6204.0;0.19865667786101782;13800.0;4900.0;13250.0;2345.0;114020.0;both;Ibaretama - CE;41140.0;40073.0;8595.0;21.45;both
2305266;Ibaretama - CE;2010;1293.0;4173.0;4173.0;0.0;14150.0;5050.0;13650.0;2285.0;115400.0;both;Ibaretama - CE;43905.0;42451.0;5692.0;13.41;both
2305266;Ibaretama - CE;2011;7097.0;6904.0;6904.0;0.0;14600.0;5250.0;14190.0;2130.0;112300.0;both;Ibaretama - CE;63355.0;61543.0;16139.0;26.22;both
2305266;Ibaretama - CE;2012;140.0;4351.0;3521.0;0.1907607446564008;14800.0;4800.0;12950.0;1925.0;103700.0;both;Ibaretama - CE;52687.0;50647.0;6474.0;12.78;both
2305266;Ibaretama - CE;2013;797.0;2475.0;2475.0;0.0;13580.0;4650.0;12380.0;1809.0;97478.0;both;Ibaretama - CE;57737.0;55691.0;8641.0;15.52;both
2305266;Ibaretama - CE;2014;1410.0;3237.0;3237.0;0.0;14400.0;4740.0;12620.0;1830.0;96800.0;both;Ibaretama - CE;71207.0;69058.0;10419.0;15.09;both
2305266;Ibaretama - CE;2015;1003.0;5016.0;5016.0;0.0;14431.0;7977.0;22525.0;4701.0;95700.0;both;Ibaretama - CE;75499.0;72807.0;10770.0;14.79;both
2305266;Ibaretama - CE;2016;289.0;3241.0;3241.0;0.0;13881.0;8315.0;23931.0;5321.0;99450.0;both;Ibaretama - CE;82170.0;79209.0;10630.0;13.42;both
2305266;Ibaretama - CE;2017;2618.0;5665.0;5665.0;0.0;12533.0;6463.0;18407.0;3932.0;161997.0;both;Ibaretama - CE;95306.0;91655.0;16348.0;17.84;both
2305266;Ibaretama - CE;2018;2783.0;4966.0;4966.0;0.0;13500.0;7536.0;20458.0;4260.0;180500.0;both;Ibaretama - CE;95630.0;91339.0;14464.0;15.84;both
2305266;Ibaretama - CE;2019;2030.0;4305.0;4305.0;0.0;14100.0;7950.0;20985.0;4130.0;188000.0;both;Ibaretama - CE;108664.0;103199.0;15329.0;14.85;both
2305266;Ibaretama - CE;2020;2032.0;3359.0;3359.0;0.0;13845.0;8120.0;20650.0;4012.0;185000.0;both;Ibaretama - CE;124442.0;118589.0;18214.0;15.36;both
2305266;Ibaretama - CE;2021;1127.0;4111.0;4111.0;0.0;13985.0;8013.0;21123.0;4098.0;194230.0;both;Ibaretama - CE;132265.0;126040.0;21880.0;17.36;both
2305266;Ibaretama - CE;2022;1353.0;4115.0;4115.0;0.0;15153.0;8410.0;22541.0;4650.0;198842.0;both;Ibaretama - CE;144293.0;;;;both
2305266;Ibaretama - CE;2023;671.0;4685.0;4685.0;0.0;14143.0;9230.0;25340.0;5232.0;202340.0;both;Ibaretama - CE;163765.0;;;;both
2305266;Ibaretama - CE;2024;1505.0;4611.0;4611.0;0.0;15053.0;9541.0;26541.0;5412.0;205410.0;both;;;;;;left_only
2305308;Ibiapina - CE;2003;217535.0;7898.0;7898.0;0.0;4818.0;1630.0;300.0;4327.0;42508.0;both;Ibiapina - CE;60861.0;58844.0;24388.0;41.44;both
2305308;Ibiapina - CE;2004;219999.0;8600.0;8600.0;0.0;5203.0;1825.0;321.0;5100.0;44800.0;both;Ibiapina - CE;63943.0;61529.0;24726.0;40.19;both
2305308;Ibiapina - CE;2005;214628.0;9081.0;9081.0;0.0;4984.0;1934.0;314.0;4981.0;43416.0;both;Ibiapina - CE;67339.0;64198.0;22017.0;34.3;both
2305308;Ibiapina - CE;2006;91564.0;7230.0;7230.0;0.0;5720.0;2150.0;460.0;4895.0;42850.0;both;Ibiapina - CE;68779.0;65860.0;22331.0;33.91;both
2305308;Ibiapina - CE;2007;244419.0;8360.0;8360.0;0.0;6915.0;2400.0;620.0;5430.0;48150.0;both;Ibiapina - CE;78739.0;75731.0;26673.0;35.22;both
2305308;Ibiapina - CE;2008;233543.0;8838.0;8838.0;0.0;6560.0;2950.0;850.0;6810.0;402320.0;both;Ibiapina - CE;92830.0;89507.0;35185.0;39.31;both
2305308;Ibiapina - CE;2009;228269.0;8843.0;8843.0;0.0;6720.0;3100.0;1000.0;7330.0;407230.0;both;Ibiapina - CE;101758.0;98585.0;31923.0;32.38;both
2305308;Ibiapina - CE;2010;225184.0;8957.0;8952.0;0.0005582226191804818;6800.0;3000.0;1100.0;7500.0;409200.0;both;Ibiapina - CE;118604.0;114267.0;34459.0;30.16;both
2305308;Ibiapina - CE;2011;224169.0;9362.0;9362.0;0.0;7100.0;2800.0;1200.0;7950.0;406500.0;both;Ibiapina - CE;133186.0;128397.0;40565.0;31.59;both
2305308;Ibiapina - CE;2012;174612.0;9162.0;9162.0;0.0;6950.0;2600.0;1150.0;7250.0;404200.0;both;Ibiapina - CE;131469.0;126082.0;36055.0;28.6;both
2305308;Ibiapina - CE;2013;206071.0;8475.0;8475.0;0.0;6500.0;3400.0;1100.0;7000.0;572000.0;both;Ibiapina - CE;172037.0;166145.0;58433.0;35.17;both
2305308;Ibiapina - CE;2014;33989.0;3012.0;3012.0;0.0;5800.0;2000.0;1000.0;8000.0;50000.0;both;Ibiapina - CE;163510.0;155780.0;30008.0;19.26;both
2305308;Ibiapina - CE;2015;23636.0;3326.0;3326.0;0.0;4275.0;2100.0;600.0;10000.0;45890.0;both;Ibiapina - CE;162278.0;153929.0;25108.0;16.31;both
2305308;Ibiapina - CE;2016;25819.0;3571.0;3571.0;0.0;4250.0;1700.0;500.0;8500.0;46200.0;both;Ibiapina - CE;191686.0;182450.0;42943.0;23.54;both
2305308;Ibiapina - CE;2017;28614.0;4508.0;4508.0;0.0;4163.0;1750.0;550.0;8900.0;50000.0;both;Ibiapina - CE;233072.0;222042.0;63559.0;28.62;both
2305308;Ibiapina - CE;2018;36240.0;4833.0;4833.0;0.0;4100.0;2000.0;600.0;10000.0;53000.0;both;Ibiapina - CE;284155.0;271129.0;82505.0;30.43;both
2305308;Ibiapina - CE;2019;34979.0;4978.0;4978.0;0.0;4200.0;2150.0;650.0;10100.0;54000.0;both;Ibiapina - CE;312411.0;297813.0;85787.0;28.81;both
2305308;Ibiapina - CE;2020;25665.0;4936.0;4936.0;0.0;3800.0;1950.0;580.0;9100.0;52000.0;both;Ibiapina - CE;337652.0;321690.0;93306.0;29.01;both
2305308;Ibiapina - CE;2021;22788.0;3918.0;3918.0;0.0;3818.0;950.0;380.0;9000.0;50000.0;both;Ibiapina - CE;348540.0;329903.0;94854.0;28.75;both
2305308;Ibiapina - CE;2022;24466.0;4798.0;4798.0;0.0;4000.0;1000.0;400.0;9200.0;51000.0;both;Ibiapina - CE;380747.0;;;;both
2305308;Ibiapina - CE;2023;20702.0;4830.0;4830.0;0.0;3812.0;732.0;365.0;7825.0;40890.0;both;Ibiapina - CE;431905.0;;;;both
2305308;Ibiapina - CE;2024;20193.0;4920.0;4920.0;0.0;4000.0;700.0;380.0;7950.0;41500.0;both;;;;;;left_only
2305332;Ibicuitinga - CE;2003;3589.0;6235.0;6235.0;0.0;8300.0;2370.0;8500.0;1680.0;17560.0;both;Ibicuitinga - CE;19632.0;19170.0;6832.0;35.64;both
2305332;Ibicuitinga - CE;2004;1700.0;5955.0;5555.0;0.06717044500419811;8950.0;2560.0;9200.0;1765.0;17940.0;both;Ibicuitinga - CE;18707.0;17997.0;3775.0;20.97;both
2305332;Ibicuitinga - CE;2005;5196.0;6510.0;6510.0;0.0;9200.0;2680.0;9600.0;1810.0;18300.0;both;Ibicuitinga - CE;27060.0;26213.0;7735.0;29.51;both
2305332;Ibicuitinga - CE;2006;5996.0;7620.0;7620.0;0.0;9370.0;2730.0;9760.0;1765.0;18800.0;both;Ibicuitinga - CE;29738.0;28759.0;7513.0;26.13;both
2305332;Ibicuitinga - CE;2007;5673.0;5250.0;5250.0;0.0;9600.0;2800.0;10050.0;1800.0;19200.0;both;Ibicuitinga - CE;27194.0;26378.0;4909.0;18.61;both
2305332;Ibicuitinga - CE;2008;4927.0;6797.0;6797.0;0.0;9820.0;2900.0;10300.0;1530.0;18760.0;both;Ibicuitinga - CE;38001.0;36948.0;8408.0;22.76;both
2305332;Ibicuitinga - CE;2009;2815.0;7030.0;7030.0;0.0;9980.0;3020.0;10450.0;1410.0;18640.0;both;Ibicuitinga - CE;38172.0;37226.0;5593.0;15.02;both
2305332;Ibicuitinga - CE;2010;1026.0;5204.0;5204.0;0.0;10250.0;3100.0;10650.0;1370.0;18770.0;both;Ibicuitinga - CE;42790.0;41036.0;4575.0;11.15;both
2305332;Ibicuitinga - CE;2011;6016.0;7722.0;7722.0;0.0;10500.0;3195.0;11070.0;1442.0;19300.0;both;Ibicuitinga - CE;54340.0;52593.0;10989.0;20.89;both
2305332;Ibicuitinga - CE;2012;245.0;2838.0;2838.0;0.0;11380.0;2900.0;10600.0;1374.0;18500.0;both;Ibicuitinga - CE;51857.0;49664.0;4190.0;8.44;both
2305332;Ibicuitinga - CE;2013;1246.0;5044.0;5044.0;0.0;10800.0;2755.0;9858.0;1332.0;17704.0;both;Ibicuitinga - CE;60583.0;58056.0;6938.0;11.95;both
2305332;Ibicuitinga - CE;2014;2144.0;6981.0;6981.0;0.0;11525.0;3764.0;17948.0;3836.0;20704.0;both;Ibicuitinga - CE;76100.0;73316.0;10744.0;14.65;both
2305332;Ibicuitinga - CE;2015;1525.0;6985.0;6820.0;0.023622047244094446;11100.0;3650.0;16870.0;3400.0;19460.0;both;Ibicuitinga - CE;83077.0;79864.0;10494.0;13.14;both
2305332;Ibicuitinga - CE;2016;264.0;3640.0;3640.0;0.0;10271.0;3568.0;17947.0;3190.0;20320.0;both;Ibicuitinga - CE;81251.0;77893.0;9500.0;12.2;both
2305332;Ibicuitinga - CE;2017;4973.0;6540.0;6540.0;0.0;8984.0;2577.0;12086.0;2363.0;13615.0;both;Ibicuitinga - CE;92929.0;89091.0;17988.0;20.19;both
2305332;Ibicuitinga - CE;2018;2429.0;5312.0;5312.0;0.0;9850.0;2689.0;14502.0;2720.0;15200.0;both;Ibicuitinga - CE;89085.0;85307.0;11687.0;13.7;both
2305332;Ibicuitinga - CE;2019;2740.0;5700.0;5700.0;0.0;9750.0;2750.0;15120.0;2640.0;15650.0;both;Ibicuitinga - CE;101006.0;96618.0;11608.0;12.01;both
2305332;Ibicuitinga - CE;2020;3192.0;3689.0;3689.0;0.0;9677.0;2840.0;16540.0;2750.0;14560.0;both;Ibicuitinga - CE;113109.0;108461.0;16154.0;14.89;both
2305332;Ibicuitinga - CE;2021;2321.0;3860.0;3860.0;0.0;9436.0;2741.0;16985.0;2685.0;15152.0;both;Ibicuitinga - CE;124951.0;119407.0;19062.0;15.96;both
2305332;Ibicuitinga - CE;2022;1859.0;5252.0;5252.0;0.0;8839.0;2845.0;16845.0;2785.0;16541.0;both;Ibicuitinga - CE;125308.0;;;;both
2305332;Ibicuitinga - CE;2023;1264.0;4682.0;4682.0;0.0;11580.0;2923.0;18325.0;2923.0;18923.0;both;Ibicuitinga - CE;150877.0;;;;both
2305332;Ibicuitinga - CE;2024;1582.0;3443.0;3443.0;0.0;12268.0;3120.0;19845.0;2845.0;19845.0;both;;;;;;left_only
2305357;Icapuí - CE;2003;5807.0;17829.0;17829.0;0.0;5753.0;388.0;1264.0;255.0;9503.0;both;Icapuí - CE;71692.0;67230.0;11325.0;16.85;both
2305357;Icapuí - CE;2004;5951.0;17844.0;17844.0;0.0;5874.0;410.0;1362.0;292.0;10035.0;both;Icapuí - CE;70482.0;65417.0;11543.0;17.65;both
2305357;Icapuí - CE;2005;17521.0;18229.0;18229.0;0.0;6062.0;445.0;1517.0;328.0;10739.0;both;Icapuí - CE;85791.0;79207.0;22339.0;28.2;both
2305357;Icapuí - CE;2006;47849.0;19414.0;19414.0;0.0;6244.0;465.0;1593.0;340.0;11199.0;both;Icapuí - CE;104707.0;97474.0;31314.0;32.13;both
2305357;Icapuí - CE;2007;47099.0;19634.0;19634.0;0.0;6431.0;740.0;1682.0;833.0;11818.0;both;Icapuí - CE;106542.0;100866.0;33959.0;33.67;both
2305357;Icapuí - CE;2008;53767.0;19902.0;19902.0;0.0;6634.0;775.0;1770.0;890.0;12212.0;both;Icapuí - CE;123970.0;117930.0;38583.0;32.72;both
2305357;Icapuí - CE;2009;54363.0;18966.0;18966.0;0.0;6660.0;803.0;1836.0;917.0;12621.0;both;Icapuí - CE;123815.0;118023.0;38102.0;32.28;both
2305357;Icapuí - CE;2010;91013.0;17208.0;17208.0;0.0;6793.0;832.0;1904.0;943.0;13001.0;both;Icapuí - CE;152508.0;143432.0;49417.0;34.45;both
2305357;Icapuí - CE;2011;66237.0;17451.0;17451.0;0.0;6942.0;864.0;1984.0;973.0;13425.0;both;Icapuí - CE;168308.0;160434.0;58683.0;36.58;both
2305357;Icapuí - CE;2012;110919.0;18223.0;18223.0;0.0;7081.0;905.0;2089.0;1002.0;13835.0;both;Icapuí - CE;193159.0;184692.0;73675.0;39.89;both
2305357;Icapuí - CE;2013;107721.0;17775.0;17775.0;0.0;6868.0;955.0;2218.0;1036.0;14416.0;both;Icapuí - CE;220357.0;211932.0;80914.0;38.18;both
2305357;Icapuí - CE;2014;92663.0;10494.0;10494.0;0.0;4238.0;1026.0;2521.0;1083.0;14856.0;both;Icapuí - CE;248389.0;235674.0;84864.0;36.01;both
2305357;Icapuí - CE;2015;36842.0;16285.0;16285.0;0.0;3789.0;1125.0;2764.0;1094.0;16235.0;both;Icapuí - CE;228665.0;212239.0;58899.0;27.75;both
2305357;Icapuí - CE;2016;26919.0;15510.0;15510.0;0.0;3682.0;1209.0;2891.0;1126.0;16818.0;both;Icapuí - CE;245693.0;224520.0;54223.0;24.15;both
2305357;Icapuí - CE;2017;24249.0;7555.0;7555.0;0.0;3327.0;1006.0;2409.0;936.0;23407.0;both;Icapuí - CE;278155.0;254529.0;66503.0;26.13;both
2305357;Icapuí - CE;2018;24447.0;8651.0;8651.0;0.0;3482.0;1156.0;2604.0;967.0;23987.0;both;Icapuí - CE;340166.0;314908.0;48881.0;15.52;both
2305357;Icapuí - CE;2019;25616.0;8584.0;8584.0;0.0;3578.0;1207.0;2634.0;978.0;24789.0;both;Icapuí - CE;357989.0;332724.0;52508.0;15.78;both
2305357;Icapuí - CE;2020;21444.0;8450.0;8450.0;0.0;3465.0;1256.0;2753.0;984.0;25373.0;both;Icapuí - CE;367968.0;348322.0;59707.0;17.14;both
2305357;Icapuí - CE;2021;21368.0;8600.0;8600.0;0.0;3554.0;1355.0;3023.0;1039.0;27555.0;both;Icapuí - CE;411021.0;380054.0;52514.0;13.82;both
2305357;Icapuí - CE;2022;33825.0;8874.0;8874.0;0.0;3682.0;1412.0;3198.0;1078.0;29319.0;both;Icapuí - CE;400632.0;;;;both
2305357;Icapuí - CE;2023;19240.0;8482.0;8482.0;0.0;2465.0;1918.0;3560.0;1678.0;30814.0;both;Icapuí - CE;453185.0;;;;both
2305357;Icapuí - CE;2024;32195.0;8857.0;8857.0;0.0;2674.0;2028.0;3789.0;1863.0;33465.0;both;;;;;;left_only
2305407;Icó - CE;2003;24672.0;18923.0;18923.0;0.0;41544.0;5946.0;13776.0;12794.0;156093.0;both;Icó - CE;128118.0;121057.0;26321.0;21.74;both
2305407;Icó - CE;2004;15023.0;17983.0;17983.0;0.0;44452.0;6362.0;14878.0;13169.0;161247.0;both;Icó - CE;138367.0;129476.0;26073.0;20.14;both
2305407;Icó - CE;2005;12221.0;17588.0;17588.0;0.0;47119.0;6744.0;15771.0;13490.0;165767.0;both;Icó - CE;159605.0;149925.0;23939.0;15.97;both
2305407;Icó - CE;2006;20572.0;17488.0;17488.0;0.0;49475.0;7081.0;16560.0;13819.0;170414.0;both;Icó - CE;188364.0;176810.0;31274.0;17.69;both
2305407;Icó - CE;2007;11496.0;17523.0;17523.0;0.0;51207.0;7328.0;17140.0;14092.0;174340.0;both;Icó - CE;200236.0;189476.0;26786.0;14.14;both
2305407;Icó - CE;2008;9637.0;19180.0;11723.0;0.3887904066736183;52743.0;7548.0;7426.0;14348.0;177691.0;both;Icó - CE;231249.0;218734.0;28556.0;13.06;both
2305407;Icó - CE;2009;14826.0;17056.0;17056.0;0.0;54325.0;7774.0;7649.0;14600.0;180898.0;both;Icó - CE;251373.0;238814.0;33876.0;14.18;both
2305407;Icó - CE;2010;9057.0;18169.0;18169.0;0.0;52695.0;7891.0;7801.0;14741.0;183259.0;both;Icó - CE;302016.0;285159.0;35151.0;12.33;both
2305407;Icó - CE;2011;14976.0;14788.0;14788.0;0.0;52958.0;7970.0;7918.0;14842.0;185020.0;both;Icó - CE;339135.0;320742.0;41336.0;12.89;both
2305407;Icó - CE;2012;8405.0;14661.0;14661.0;0.0;43955.0;7965.0;7615.0;14693.0;184725.0;both;Icó - CE;373109.0;350362.0;37942.0;10.83;both
2305407;Icó - CE;2013;5947.0;9462.0;9462.0;0.0;40439.0;7940.0;7550.0;14546.0;181300.0;both;Icó - CE;416179.0;390569.0;33862.0;8.67;both
2305407;Icó - CE;2014;15906.0;13784.0;13784.0;0.0;40843.0;8099.0;7777.0;14837.0;184926.0;both;Icó - CE;493236.0;466329.0;49755.0;10.67;both
2305407;Icó - CE;2015;4279.0;13732.0;13732.0;0.0;39209.0;8261.0;8088.0;15133.0;188625.0;both;Icó - CE;562942.0;524992.0;36447.0;6.94;both
2305407;Icó - CE;2016;4597.0;11037.0;11037.0;0.0;38425.0;8426.0;8498.0;15284.0;190020.0;both;Icó - CE;538447.0;505292.0;44947.0;8.9;both
2305407;Icó - CE;2017;8622.0;11743.0;11743.0;0.0;38040.0;8679.0;16650.0;15437.0;193820.0;both;Icó - CE;559456.0;526255.0;53306.0;10.13;both
2305407;Icó - CE;2018;11079.0;11517.0;11517.0;0.0;39181.0;9113.0;20812.0;15900.0;195782.0;both;Icó - CE;564194.0;528598.0;54128.0;10.24;both
2305407;Icó - CE;2019;11251.0;10837.0;10837.0;0.0;39965.0;9295.0;21436.0;16057.0;197740.0;both;Icó - CE;613304.0;575811.0;56157.0;9.75;both
2305407;Icó - CE;2020;10613.0;11327.0;11327.0;0.0;41963.0;9481.0;22508.0;16378.0;199717.0;both;Icó - CE;680877.0;638086.0;79580.0;12.47;both
2305407;Icó - CE;2021;13394.0;11431.0;11431.0;0.0;44061.0;9670.0;23183.0;17197.0;201714.0;both;Icó - CE;737489.0;688844.0;110148.0;15.99;both
2305407;Icó - CE;2022;8417.0;8576.0;8576.0;0.0;46264.0;9960.0;24342.0;17541.0;203731.0;both;Icó - CE;796420.0;;;;both
2305407;Icó - CE;2023;6380.0;8513.0;8513.0;0.0;48115.0;10458.0;26289.0;17264.0;205768.0;both;Icó - CE;923966.0;;;;both
2305407;Icó - CE;2024;8112.0;7867.0;7867.0;0.0;49558.0;10981.0;27603.0;17609.0;209883.0;both;;;;;;left_only
2305506;Iguatu - CE;2003;23374.0;7973.0;7973.0;0.0;36101.0;1810.0;7105.0;10260.0;358630.0;both;Iguatu - CE;357782.0;323436.0;50390.0;15.58;both
2305506;Iguatu - CE;2004;17561.0;8431.0;8431.0;0.0;36642.0;1820.0;7280.0;10417.0;365666.0;both;Iguatu - CE;396687.0;358467.0;51711.0;14.43;both
2305506;Iguatu - CE;2005;8795.0;5127.0;5127.0;0.0;36055.0;1800.0;7220.0;10104.0;366905.0;both;Iguatu - CE;431185.0;392586.0;45853.0;11.68;both
2305506;Iguatu - CE;2006;19769.0;7687.0;7687.0;0.0;35874.0;1790.0;7310.0;10003.0;363236.0;both;Iguatu - CE;470144.0;422973.0;41655.0;9.85;both
2305506;Iguatu - CE;2007;12930.0;8228.0;8228.0;0.0;39700.0;1879.0;7675.0;9502.0;345073.0;both;Iguatu - CE;522663.0;471915.0;45408.0;9.62;both
2305506;Iguatu - CE;2008;12804.0;8767.0;8767.0;0.0;39820.0;1973.0;8058.0;9026.0;327818.0;both;Iguatu - CE;619658.0;557881.0;50349.0;9.02;both
2305506;Iguatu - CE;2009;13975.0;9261.0;9255.0;0.0006478781988985549;40218.0;1992.0;8138.0;8577.0;328607.0;both;Iguatu - CE;645869.0;576650.0;40606.0;7.04;both
2305506;Iguatu - CE;2010;15497.0;9105.0;9105.0;0.0;45769.0;1973.0;8057.0;8494.0;325676.0;both;Iguatu - CE;884474.0;768118.0;52759.0;6.87;both
2305506;Iguatu - CE;2011;19399.0;8922.0;8922.0;0.0;53262.0;1963.0;8037.0;8536.0;67735.0;both;Iguatu - CE;970552.0;839398.0;61257.0;7.3;both
2305506;Iguatu - CE;2012;7967.0;8650.0;8650.0;0.0;58137.0;1864.0;7635.0;8365.0;66412.0;both;Iguatu - CE;1087847.0;944359.0;55500.0;5.88;both
2305506;Iguatu - CE;2013;8124.0;3720.0;3720.0;0.0;55673.0;1675.0;6871.0;7528.0;334883.0;both;Iguatu - CE;1180314.0;1031179.0;60958.0;5.91;both
2305506;Iguatu - CE;2014;22568.0;8345.0;8345.0;0.0;60932.0;3655.0;19571.0;16739.0;346883.0;both;Iguatu - CE;1448551.0;1288875.0;140754.0;10.92;both
2305506;Iguatu - CE;2015;7683.0;6932.0;6924.0;0.0011540680900172795;55710.0;3793.0;20628.0;16703.0;343414.0;both;Iguatu - CE;1360229.0;1205533.0;69464.0;5.76;both
2305506;Iguatu - CE;2016;11465.0;6923.0;6923.0;0.0;57845.0;3828.0;22972.0;16466.0;360585.0;both;Iguatu - CE;1422458.0;1263068.0;109947.0;8.7;both
2305506;Iguatu - CE;2017;9306.0;7812.0;7812.0;0.0;50000.0;2110.0;12968.0;5153.0;412832.0;both;Iguatu - CE;1502169.0;1331494.0;114080.0;8.57;both
2305506;Iguatu - CE;2018;11778.0;7888.0;7888.0;0.0;60000.0;3000.0;13000.0;5500.0;415000.0;both;Iguatu - CE;1617877.0;1435198.0;137003.0;9.55;both
2305506;Iguatu - CE;2019;17150.0;7541.0;7541.0;0.0;58000.0;3500.0;13100.0;7000.0;450000.0;both;Iguatu - CE;1707581.0;1510529.0;145491.0;9.63;both
2305506;Iguatu - CE;2020;31896.0;11051.0;11051.0;0.0;60000.0;4000.0;14000.0;8000.0;460000.0;both;Iguatu - CE;1747215.0;1561955.0;200322.0;12.83;both
2305506;Iguatu - CE;2021;30391.0;12505.0;12505.0;0.0;66583.0;4400.0;13000.0;8800.0;462000.0;both;Iguatu - CE;1904815.0;1695044.0;225091.0;13.28;both
2305506;Iguatu - CE;2022;19664.0;11058.0;11058.0;0.0;73241.0;4500.0;13200.0;8000.0;392700.0;both;Iguatu - CE;2054539.0;;;;both
2305506;Iguatu - CE;2023;21116.0;9264.0;9264.0;0.0;74273.0;4283.0;12730.0;7587.0;400037.0;both;Iguatu - CE;2342034.0;;;;both
2305506;Iguatu - CE;2024;18654.0;9880.0;9880.0;0.0;77850.0;4333.0;12848.0;10000.0;419700.0;both;;;;;;left_only
2305605;Independência - CE;2003;11662.0;15208.0;15208.0;0.0;35761.0;43505.0;91766.0;14720.0;92409.0;both;Independência - CE;60571.0;58919.0;20440.0;34.69;both
2305605;Independência - CE;2004;6815.0;19159.0;19159.0;0.0;34866.0;44157.0;93601.0;14425.0;90098.0;both;Independência - CE;64649.0;62547.0;20666.0;33.04;both
2305605;Independência - CE;2005;4770.0;18433.0;18433.0;0.0;34064.0;44907.0;95005.0;14179.0;88295.0;both;Independência - CE;69641.0;67363.0;22208.0;32.97;both
2305605;Independência - CE;2006;18239.0;20208.0;20208.0;0.0;34540.0;45580.0;96905.0;14360.0;89385.0;both;Independência - CE;86022.0;83407.0;30631.0;36.72;both
2305605;Independência - CE;2007;2314.0;16750.0;16750.0;0.0;35576.0;46035.0;98067.0;14589.0;90278.0;both;Independência - CE;84987.0;82498.0;24560.0;29.77;both
2305605;Independência - CE;2008;18370.0;18173.0;18173.0;0.0;36460.0;46250.0;98420.0;14740.0;91050.0;both;Independência - CE;113470.0;110506.0;39716.0;35.94;both
2305605;Independência - CE;2009;12450.0;22698.0;22698.0;0.0;37189.0;46712.0;99404.0;15034.0;92871.0;both;Independência - CE;116389.0;113423.0;30070.0;26.51;both
2305605;Independência - CE;2010;1167.0;6378.0;6378.0;0.0;36817.0;45775.0;97415.0;14808.0;91477.0;both;Independência - CE;127140.0;122760.0;21507.0;17.52;both
2305605;Independência - CE;2011;23968.0;18353.0;18353.0;0.0;37735.0;46232.0;98389.0;15029.0;92391.0;both;Independência - CE;160383.0;156123.0;47907.0;30.69;both
2305605;Independência - CE;2012;506.0;10457.0;10457.0;0.0;40204.0;45769.0;97405.0;14803.0;90542.0;both;Independência - CE;141414.0;136606.0;24014.0;17.58;both
2305605;Independência - CE;2013;396.0;3738.0;3738.0;0.0;36988.0;44853.0;95460.0;14430.0;88730.0;both;Independência - CE;159655.0;154368.0;31483.0;20.39;both
2305605;Independência - CE;2014;4814.0;13688.0;13688.0;0.0;36900.0;44628.0;94982.0;14285.0;88286.0;both;Independência - CE;188708.0;183239.0;37440.0;20.43;both
2305605;Independência - CE;2015;1135.0;11428.0;11428.0;0.0;38745.0;45074.0;94032.0;14214.0;88992.0;both;Independência - CE;195207.0;188654.0;31361.0;16.62;both
2305605;Independência - CE;2016;1901.0;11016.0;11016.0;0.0;38687.0;45975.0;95254.0;14356.0;90149.0;both;Independência - CE;209824.0;202214.0;45323.0;22.41;both
2305605;Independência - CE;2017;546.0;14665.0;14665.0;0.0;37526.0;47124.0;97635.0;14500.0;91050.0;both;Independência - CE;230528.0;222874.0;46487.0;20.86;both
2305605;Independência - CE;2018;10035.0;14011.0;14011.0;0.0;38577.0;48538.0;100564.0;14764.0;91505.0;both;Independência - CE;241494.0;234000.0;63294.0;27.05;both
2305605;Independência - CE;2019;3484.0;11609.0;11609.0;0.0;39232.0;50480.0;104184.0;14970.0;92145.0;both;Independência - CE;248133.0;239219.0;68339.0;28.57;both
2305605;Independência - CE;2020;12367.0;15108.0;15108.0;0.0;39820.0;52750.0;108351.0;15210.0;93066.0;both;Independência - CE;298146.0;288753.0;102130.0;35.37;both
2305605;Independência - CE;2021;7905.0;15677.0;15677.0;0.0;41811.0;55651.0;114850.0;14450.0;74450.0;both;Independência - CE;306809.0;295055.0;113623.0;38.51;both
2305605;Independência - CE;2022;16100.0;14966.0;14966.0;0.0;45992.0;57320.0;120592.0;13583.0;66260.0;both;Independência - CE;347468.0;;;;both
2305605;Independência - CE;2023;7600.0;15328.0;15328.0;0.0;47371.0;57893.0;125415.0;12904.0;67055.0;both;Independência - CE;408128.0;;;;both
2305605;Independência - CE;2024;9187.0;16106.0;16106.0;0.0;48318.0;58182.0;131686.0;12645.0;65043.0;both;;;;;;left_only
2305654;Ipaporanga - CE;2003;13131.0;13973.0;13973.0;0.0;7629.0;831.0;10971.0;4744.0;31991.0;both;Ipaporanga - CE;22257.0;21736.0;8020.0;36.9;both
2305654;Ipaporanga - CE;2004;10465.0;6993.0;6993.0;0.0;7491.0;844.0;11212.0;4667.0;31351.0;both;Ipaporanga - CE;19788.0;19104.0;4140.0;21.67;both
2305654;Ipaporanga - CE;2005;6448.0;6613.0;6613.0;0.0;7378.0;860.0;11380.0;4596.0;31036.0;both;Ipaporanga - CE;22692.0;21835.0;4613.0;21.13;both
2305654;Ipaporanga - CE;2006;10721.0;6703.0;6703.0;0.0;7503.0;877.0;11721.0;4658.0;31500.0;both;Ipaporanga - CE;26598.0;25708.0;6433.0;25.02;both
2305654;Ipaporanga - CE;2007;2689.0;6076.0;6076.0;0.0;7578.0;903.0;11955.0;4713.0;32035.0;both;Ipaporanga - CE;25404.0;24562.0;4063.0;16.54;both
2305654;Ipaporanga - CE;2008;5939.0;5143.0;4943.0;0.03888780867198138;7460.0;925.0;12074.0;4755.0;32425.0;both;Ipaporanga - CE;31144.0;30137.0;6501.0;21.57;both
2305654;Ipaporanga - CE;2009;3776.0;5343.0;5343.0;0.0;7422.0;943.0;12255.0;4802.0;32749.0;both;Ipaporanga - CE;32798.0;31819.0;4175.0;13.12;both
2305654;Ipaporanga - CE;2010;694.0;3748.0;3740.0;0.002134471718249764;7273.0;933.0;12010.0;4745.0;32412.0;both;Ipaporanga - CE;36633.0;35222.0;3002.0;8.52;both
2305654;Ipaporanga - CE;2011;9948.0;8483.0;8483.0;0.0;7345.0;946.0;12190.0;4815.0;33059.0;both;Ipaporanga - CE;51720.0;50375.0;12311.0;24.44;both
2305654;Ipaporanga - CE;2012;557.0;5237.0;2543.0;0.5144166507542487;7711.0;936.0;12007.0;4742.0;32397.0;both;Ipaporanga - CE;44816.0;43204.0;3784.0;8.76;both
2305654;Ipaporanga - CE;2013;1022.0;2356.0;2356.0;0.0;7634.0;918.0;11887.0;4660.0;31910.0;both;Ipaporanga - CE;50505.0;49046.0;4570.0;9.32;both
2305654;Ipaporanga - CE;2014;7815.0;8022.0;8022.0;0.0;7450.0;910.0;11827.0;4590.0;31400.0;both;Ipaporanga - CE;69382.0;67747.0;15589.0;23.01;both
2305654;Ipaporanga - CE;2015;3345.0;7928.0;7928.0;0.0;7078.0;933.0;11732.0;4535.0;31840.0;both;Ipaporanga - CE;63780.0;61625.0;9153.0;14.85;both
2305654;Ipaporanga - CE;2016;3076.0;7823.0;7815.0;0.0010226255912054727;6759.0;950.0;11873.0;4607.0;32158.0;both;Ipaporanga - CE;73841.0;71234.0;13347.0;18.74;both
2305654;Ipaporanga - CE;2017;5137.0;8008.0;7978.0;0.0037462537462537027;6700.0;974.0;12051.0;4680.0;33122.0;both;Ipaporanga - CE;78959.0;75656.0;13393.0;17.7;both
2305654;Ipaporanga - CE;2018;6364.0;8194.0;8194.0;0.0;6767.0;1002.0;12350.0;4740.0;33453.0;both;Ipaporanga - CE;77930.0;75091.0;12231.0;16.29;both
2305654;Ipaporanga - CE;2019;7522.0;7287.0;7287.0;0.0;6970.0;1042.0;12720.0;4806.0;34722.0;both;Ipaporanga - CE;87936.0;84489.0;15303.0;18.11;both
2305654;Ipaporanga - CE;2020;7600.0;6043.0;6043.0;0.0;7160.0;1088.0;13012.0;4882.0;35208.0;both;Ipaporanga - CE;96699.0;92988.0;17323.0;18.63;both
2305654;Ipaporanga - CE;2021;7315.0;6198.0;6198.0;0.0;6840.0;1131.0;13272.0;4600.0;33570.0;both;Ipaporanga - CE;114127.0;109466.0;26432.0;24.15;both
2305654;Ipaporanga - CE;2022;6152.0;5893.0;5893.0;0.0;6224.0;1200.0;13604.0;4232.0;31890.0;both;Ipaporanga - CE;116772.0;;;;both
2305654;Ipaporanga - CE;2023;5535.0;5883.0;5883.0;0.0;5850.0;1260.0;13876.0;4020.0;32049.0;both;Ipaporanga - CE;134150.0;;;;both
2305654;Ipaporanga - CE;2024;6449.0;5778.0;5778.0;0.0;5733.0;1350.0;14014.0;3899.0;33010.0;both;;;;;;left_only
2305704;Ipaumirim - CE;2003;5637.0;3943.0;3943.0;0.0;8491.0;792.0;1972.0;2439.0;25357.0;both;Ipaumirim - CE;23655.0;22525.0;4897.0;21.74;both
2305704;Ipaumirim - CE;2004;3954.0;3417.0;3417.0;0.0;8830.0;855.0;2110.0;2547.0;26416.0;both;Ipaumirim - CE;22734.0;21461.0;4510.0;21.01;both
2305704;Ipaumirim - CE;2005;2691.0;2850.0;2850.0;0.0;9094.0;914.0;2236.0;2635.0;27239.0;both;Ipaumirim - CE;25343.0;23876.0;4236.0;17.74;both
2305704;Ipaumirim - CE;2006;4860.0;3366.0;3366.0;0.0;9369.0;960.0;2348.0;2718.0;27213.0;both;Ipaumirim - CE;31272.0;29589.0;6203.0;20.96;both
2305704;Ipaumirim - CE;2007;2346.0;3360.0;3360.0;0.0;9650.0;1008.0;2465.0;2799.0;27182.0;both;Ipaumirim - CE;33200.0;31530.0;6113.0;19.39;both
2305704;Ipaumirim - CE;2008;5412.0;3735.0;3735.0;0.0;9939.0;1048.0;2564.0;2883.0;27453.0;both;Ipaumirim - CE;41916.0;39926.0;8718.0;21.83;both
2305704;Ipaumirim - CE;2009;3302.0;3582.0;3582.0;0.0;10487.0;1085.0;2653.0;2955.0;27728.0;both;Ipaumirim - CE;43523.0;41422.0;6955.0;16.79;both
2305704;Ipaumirim - CE;2010;2023.0;1858.0;1858.0;0.0;11011.0;1106.0;2706.0;3014.0;28006.0;both;Ipaumirim - CE;50313.0;47333.0;6606.0;13.96;both
2305704;Ipaumirim - CE;2011;3937.0;2880.0;2880.0;0.0;11562.0;1117.0;2760.0;3029.0;28275.0;both;Ipaumirim - CE;62347.0;58965.0;13453.0;22.81;both
2305704;Ipaumirim - CE;2012;1483.0;2931.0;2931.0;0.0;12949.0;1095.0;2705.0;2964.0;27836.0;both;Ipaumirim - CE;58802.0;55340.0;7528.0;13.6;both
2305704;Ipaumirim - CE;2013;1471.0;2126.0;2126.0;0.0;13078.0;1110.0;2725.0;2968.0;27975.0;both;Ipaumirim - CE;67346.0;63373.0;8934.0;14.1;both
2305704;Ipaumirim - CE;2014;2694.0;2278.0;2278.0;0.0;12686.0;1132.0;2807.0;2983.0;28534.0;both;Ipaumirim - CE;79035.0;75401.0;11950.0;15.85;both
2305704;Ipaumirim - CE;2015;533.0;1796.0;1796.0;0.0;12434.0;1166.0;2810.0;3042.0;29390.0;both;Ipaumirim - CE;82031.0;77449.0;8460.0;10.92;both
2305704;Ipaumirim - CE;2016;566.0;1332.0;1332.0;0.0;11937.0;1213.0;2867.0;3072.0;29684.0;both;Ipaumirim - CE;91934.0;86605.0;8690.0;10.03;both
2305704;Ipaumirim - CE;2017;1957.0;1903.0;1903.0;0.0;11460.0;1249.0;3068.0;3102.0;30278.0;both;Ipaumirim - CE;102851.0;96734.0;10894.0;11.26;both
2305704;Ipaumirim - CE;2018;3646.0;2983.0;2983.0;0.0;11550.0;1298.0;3221.0;3226.0;30884.0;both;Ipaumirim - CE;114142.0;107198.0;14361.0;13.4;both
2305704;Ipaumirim - CE;2019;1759.0;2311.0;2311.0;0.0;11665.0;1324.0;3318.0;3291.0;31193.0;both;Ipaumirim - CE;124285.0;115467.0;13064.0;11.31;both
2305704;Ipaumirim - CE;2020;3506.0;2008.0;2008.0;0.0;12248.0;1350.0;3450.0;3357.0;31660.0;both;Ipaumirim - CE;134464.0;126522.0;21045.0;16.63;both
2305704;Ipaumirim - CE;2021;2320.0;2043.0;2043.0;0.0;12493.0;1363.0;3519.0;3693.0;33243.0;both;Ipaumirim - CE;143451.0;133456.0;24282.0;18.2;both
2305704;Ipaumirim - CE;2022;2571.0;2012.0;2012.0;0.0;12990.0;1390.0;3625.0;3767.0;33575.0;both;Ipaumirim - CE;167158.0;;;;both
2305704;Ipaumirim - CE;2023;1774.0;1720.0;1720.0;0.0;12730.0;1417.0;3819.0;3842.0;33910.0;both;Ipaumirim - CE;186861.0;;;;both
2305704;Ipaumirim - CE;2024;1459.0;1797.0;1797.0;0.0;13366.0;1303.0;3437.0;3957.0;34588.0;both;;;;;;left_only
2305803;Ipu - CE;2003;27871.0;19170.0;19170.0;0.0;11101.0;2860.0;2702.0;4013.0;49980.0;both;Ipu - CE;83647.0;78800.0;23806.0;30.21;both
2305803;Ipu - CE;2004;25149.0;17041.0;17041.0;0.0;11323.0;3717.0;3100.0;4173.0;45000.0;both;Ipu - CE;88489.0;82862.0;23930.0;28.88;both
2305803;Ipu - CE;2005;28041.0;16355.0;16355.0;0.0;10262.0;3958.0;3038.0;4263.0;41712.0;both;Ipu - CE;107038.0;101062.0;26923.0;26.64;both
2305803;Ipu - CE;2006;20159.0;13935.0;13935.0;0.0;11060.0;4155.0;3250.0;4420.0;43500.0;both;Ipu - CE;113787.0;106450.0;27754.0;26.07;both
2305803;Ipu - CE;2007;28869.0;17555.0;17555.0;0.0;10470.0;4570.0;3500.0;4860.0;45400.0;both;Ipu - CE;125728.0;118794.0;30184.0;25.41;both
2305803;Ipu - CE;2008;23918.0;13790.0;13790.0;0.0;10667.0;4650.0;3800.0;5350.0;47000.0;both;Ipu - CE;147114.0;139184.0;33936.0;24.38;both
2305803;Ipu - CE;2009;18827.0;13775.0;13775.0;0.0;13480.0;4700.0;3950.0;6200.0;48100.0;both;Ipu - CE;161478.0;154086.0;27918.0;18.12;both
2305803;Ipu - CE;2010;16589.0;13152.0;13152.0;0.0;14029.0;4600.0;3900.0;6750.0;49100.0;both;Ipu - CE;190443.0;180061.0;29669.0;16.48;both
2305803;Ipu - CE;2011;24167.0;14644.0;14644.0;0.0;14500.0;4500.0;4000.0;6500.0;48500.0;both;Ipu - CE;223815.0;212668.0;40714.0;19.14;both
2305803;Ipu - CE;2012;14943.0;14262.0;14262.0;0.0;13850.0;4100.0;4750.0;6950.0;47300.0;both;Ipu - CE;220979.0;207959.0;29425.0;14.15;both
2305803;Ipu - CE;2013;14934.0;12377.0;12377.0;0.0;12300.0;3850.0;4500.0;6750.0;47000.0;both;Ipu - CE;261073.0;246641.0;35350.0;14.33;both
2305803;Ipu - CE;2014;13088.0;10495.0;10495.0;0.0;10100.0;3465.0;5142.0;6075.0;46000.0;both;Ipu - CE;287923.0;271805.0;32214.0;11.85;both
2305803;Ipu - CE;2015;9073.0;8958.0;8958.0;0.0;10971.0;4000.0;6000.0;70000.0;70000.0;both;Ipu - CE;315015.0;294559.0;31525.0;10.7;both
2305803;Ipu - CE;2016;7054.0;8750.0;8750.0;0.0;11180.0;3400.0;4900.0;5800.0;66000.0;both;Ipu - CE;335395.0;311739.0;34427.0;11.04;both
2305803;Ipu - CE;2017;8725.0;9137.0;9137.0;0.0;11000.0;3060.0;5390.0;5950.0;72000.0;both;Ipu - CE;378323.0;353280.0;49703.0;14.07;both
2305803;Ipu - CE;2018;17771.0;10672.0;10672.0;0.0;12000.0;3200.0;5800.0;3500.0;80000.0;both;Ipu - CE;399448.0;374558.0;61818.0;16.5;both
2305803;Ipu - CE;2019;16515.0;7822.0;7822.0;0.0;12100.0;3000.0;6200.0;4000.0;83000.0;both;Ipu - CE;446058.0;418816.0;65112.0;15.55;both
2305803;Ipu - CE;2020;17552.0;11217.0;11217.0;0.0;11700.0;3100.0;6350.0;3900.0;85000.0;both;Ipu - CE;471465.0;445157.0;94547.0;21.24;both
2305803;Ipu - CE;2021;19229.0;16906.0;16906.0;0.0;10400.0;3000.0;6500.0;4100.0;82000.0;both;Ipu - CE;519845.0;487659.0;113185.0;23.21;both
2305803;Ipu - CE;2022;24830.0;16719.0;16719.0;0.0;12000.0;2000.0;4000.0;4500.0;83000.0;both;Ipu - CE;575072.0;;;;both
2305803;Ipu - CE;2023;16188.0;10108.0;10108.0;0.0;13010.0;1507.0;3497.0;6000.0;84013.0;both;Ipu - CE;676519.0;;;;both
2305803;Ipu - CE;2024;14461.0;10097.0;10097.0;0.0;15000.0;1250.0;3600.0;6500.0;98280.0;both;;;;;;left_only
2305902;Ipueiras - CE;2003;16015.0;11750.0;11750.0;0.0;11635.0;7592.0;5076.0;8226.0;80435.0;both;Ipueiras - CE;68429.0;66010.0;15497.0;23.48;both
2305902;Ipueiras - CE;2004;14044.0;10610.0;10610.0;0.0;12100.0;12000.0;7200.0;7632.0;73800.0;both;Ipueiras - CE;72479.0;69452.0;14787.0;21.29;both
2305902;Ipueiras - CE;2005;11515.0;8849.0;8849.0;0.0;11313.0;12360.0;6912.0;7193.0;66616.0;both;Ipueiras - CE;79511.0;76087.0;12801.0;16.82;both
2305902;Ipueiras - CE;2006;10239.0;10498.0;10498.0;0.0;18950.0;3750.0;7080.0;7280.0;68400.0;both;Ipueiras - CE;92112.0;88309.0;18202.0;20.61;both
2305902;Ipueiras - CE;2007;13078.0;9087.0;9087.0;0.0;13530.0;4980.0;6800.0;8350.0;78100.0;both;Ipueiras - CE;94627.0;91001.0;15720.0;17.27;both
2305902;Ipueiras - CE;2008;21536.0;9457.0;9457.0;0.0;13635.0;5000.0;7000.0;8450.0;79700.0;both;Ipueiras - CE;118879.0;114666.0;23357.0;20.37;both
2305902;Ipueiras - CE;2009;14920.0;9775.0;9775.0;0.0;17755.0;6100.0;8000.0;9120.0;83850.0;both;Ipueiras - CE;125492.0;121382.0;19012.0;15.66;both
2305902;Ipueiras - CE;2010;13487.0;8688.0;8688.0;0.0;18363.0;6300.0;7500.0;9600.0;85500.0;both;Ipueiras - CE;145214.0;138828.0;20424.0;14.71;both
2305902;Ipueiras - CE;2011;18756.0;10484.0;10484.0;0.0;18500.0;6500.0;7100.0;9950.0;86800.0;both;Ipueiras - CE;164891.0;157878.0;30863.0;19.55;both
2305902;Ipueiras - CE;2012;10278.0;7456.0;7456.0;0.0;18569.0;5800.0;6500.0;11300.0;85500.0;both;Ipueiras - CE;166193.0;158637.0;22782.0;14.36;both
2305902;Ipueiras - CE;2013;12888.0;5733.0;5733.0;0.0;17200.0;5600.0;6000.0;10500.0;83000.0;both;Ipueiras - CE;187840.0;180429.0;30462.0;16.88;both
2305902;Ipueiras - CE;2014;8343.0;4756.0;4756.0;0.0;15000.0;5000.0;5700.0;13600.0;80000.0;both;Ipueiras - CE;201862.0;194029.0;20200.0;10.41;both
2305902;Ipueiras - CE;2015;4037.0;4932.0;4932.0;0.0;14000.0;5100.0;6000.0;14500.0;82000.0;both;Ipueiras - CE;210201.0;201033.0;16861.0;8.39;both
2305902;Ipueiras - CE;2016;5734.0;5287.0;5287.0;0.0;13500.0;5700.0;6450.0;14200.0;68000.0;both;Ipueiras - CE;219442.0;209934.0;17837.0;8.5;both
2305902;Ipueiras - CE;2017;7010.0;5303.0;5303.0;0.0;13400.0;6000.0;6700.0;14000.0;71000.0;both;Ipueiras - CE;248518.0;237552.0;29886.0;12.58;both
2305902;Ipueiras - CE;2018;10059.0;6157.0;6157.0;0.0;14000.0;7000.0;6800.0;13500.0;72000.0;both;Ipueiras - CE;254862.0;244131.0;26776.0;10.97;both
2305902;Ipueiras - CE;2019;7837.0;5607.0;5607.0;0.0;14200.0;8000.0;7000.0;15000.0;80000.0;both;Ipueiras - CE;279669.0;266208.0;25294.0;9.5;both
2305902;Ipueiras - CE;2020;9088.0;5422.0;5422.0;0.0;13950.0;8200.0;7340.0;14860.0;83900.0;both;Ipueiras - CE;313673.0;299817.0;35836.0;11.95;both
2305902;Ipueiras - CE;2021;7878.0;5488.0;5488.0;0.0;13990.0;8130.0;7300.0;15100.0;84150.0;both;Ipueiras - CE;328115.0;311463.0;34647.0;11.12;both
2305902;Ipueiras - CE;2022;9821.0;6674.0;6674.0;0.0;14500.0;8500.0;7500.0;15600.0;85000.0;both;Ipueiras - CE;385582.0;;;;both
2305902;Ipueiras - CE;2023;9900.0;6583.0;6583.0;0.0;15200.0;7800.0;8000.0;15800.0;85200.0;both;Ipueiras - CE;406831.0;;;;both
2305902;Ipueiras - CE;2024;9443.0;6466.0;6466.0;0.0;15360.0;7500.0;8100.0;17800.0;86000.0;both;;;;;;left_only
2306009;Iracema - CE;2003;1132.0;1398.0;1398.0;0.0;16092.0;1822.0;7095.0;1741.0;26535.0;both;Iracema - CE;28284.0;26742.0;5193.0;19.42;both
2306009;Iracema - CE;2004;950.0;1471.0;1471.0;0.0;16333.0;1860.0;7270.0;1755.0;25735.0;both;Iracema - CE;31436.0;29556.0;5461.0;18.48;both
2306009;Iracema - CE;2005;729.0;1257.0;1138.0;0.09466984884645979;16496.0;1879.0;7415.0;1807.0;25872.0;both;Iracema - CE;34692.0;32629.0;5758.0;17.65;both
2306009;Iracema - CE;2006;2049.0;1838.0;1838.0;0.0;16578.0;1926.0;7637.0;1861.0;26457.0;both;Iracema - CE;38960.0;36607.0;6801.0;18.58;both
2306009;Iracema - CE;2007;1073.0;1766.0;1766.0;0.0;19411.0;2513.0;7170.0;1584.0;25135.0;both;Iracema - CE;46520.0;44165.0;8419.0;19.06;both
2306009;Iracema - CE;2008;1330.0;1917.0;1857.0;0.031298904538341166;19508.0;2563.0;7349.0;1616.0;25465.0;both;Iracema - CE;55459.0;52438.0;9629.0;18.36;both
2306009;Iracema - CE;2009;1580.0;3190.0;3190.0;0.0;19625.0;2615.0;7533.0;1663.0;25858.0;both;Iracema - CE;64059.0;60308.0;10635.0;17.63;both
2306009;Iracema - CE;2010;405.0;882.0;882.0;0.0;20606.0;2628.0;7571.0;1613.0;25600.0;both;Iracema - CE;70358.0;66420.0;8893.0;13.39;both
2306009;Iracema - CE;2011;1573.0;2021.0;2021.0;0.0;21018.0;2636.0;7601.0;1598.0;25421.0;both;Iracema - CE;73691.0;69765.0;10997.0;15.76;both
2306009;Iracema - CE;2012;214.0;830.0;830.0;0.0;22020.0;2596.0;7472.0;1566.0;25091.0;both;Iracema - CE;80328.0;75681.0;10133.0;13.39;both
2306009;Iracema - CE;2013;54.0;765.0;333.0;0.5647058823529412;22500.0;2554.0;7304.0;1534.0;24164.0;both;Iracema - CE;91526.0;86322.0;11951.0;13.84;both
2306009;Iracema - CE;2014;610.0;1481.0;1481.0;0.0;25644.0;2596.0;4747.0;7300.0;32621.0;both;Iracema - CE;116766.0;111833.0;21957.0;19.63;both
2306009;Iracema - CE;2015;42.0;1642.0;1607.0;0.021315468940316662;22400.0;10056.0;21100.0;12849.0;35230.0;both;Iracema - CE;119625.0;114164.0;18130.0;15.88;both
2306009;Iracema - CE;2016;141.0;1685.0;1685.0;0.0;21952.0;9553.0;16880.0;12977.0;35935.0;both;Iracema - CE;125043.0;119027.0;18911.0;15.89;both
2306009;Iracema - CE;2017;425.0;1748.0;1748.0;0.0;23266.0;9648.0;17048.0;14025.0;32341.0;both;Iracema - CE;141423.0;134410.0;20362.0;15.15;both
2306009;Iracema - CE;2018;1043.0;1619.0;1619.0;0.0;23964.0;9700.0;17100.0;14866.0;32968.0;both;Iracema - CE;142716.0;135564.0;20626.0;15.21;both
2306009;Iracema - CE;2019;660.0;1124.0;1124.0;0.0;24443.0;9991.0;17784.0;14956.0;33295.0;both;Iracema - CE;149419.0;141580.0;20814.0;14.7;both
2306009;Iracema - CE;2020;869.0;1185.0;1185.0;0.0;24932.0;10491.0;18673.0;15405.0;33961.0;both;Iracema - CE;168879.0;160707.0;27870.0;17.34;both
2306009;Iracema - CE;2021;1314.0;1223.0;1223.0;0.0;25680.0;10596.0;19046.0;16175.0;34980.0;both;Iracema - CE;195282.0;185665.0;45057.0;24.27;both
2306009;Iracema - CE;2022;991.0;1534.0;1534.0;0.0;26964.0;10807.0;19617.0;16660.0;35330.0;both;Iracema - CE;211262.0;;;;both
2306009;Iracema - CE;2023;665.0;1462.0;1462.0;0.0;27503.0;11131.0;20598.0;16826.0;35683.0;both;Iracema - CE;253154.0;;;;both
2306009;Iracema - CE;2024;757.0;1862.0;1862.0;0.0;28603.0;11464.0;21215.0;17164.0;36397.0;both;;;;;;left_only
2306108;Irauçuba - CE;2003;2845.0;7792.0;7792.0;0.0;19638.0;8494.0;18222.0;6052.0;49081.0;both;Irauçuba - CE;35240.0;33811.0;8514.0;25.18;both
2306108;Irauçuba - CE;2004;1208.0;8992.0;8992.0;0.0;22348.0;8919.0;19315.0;6226.0;50855.0;both;Irauçuba - CE;37706.0;35904.0;8204.0;22.85;both
2306108;Irauçuba - CE;2005;1446.0;7332.0;7332.0;0.0;22683.0;9187.0;19894.0;6460.0;52812.0;both;Irauçuba - CE;45226.0;43042.0;9666.0;22.46;both
2306108;Irauçuba - CE;2006;4722.0;9461.0;9461.0;0.0;22694.0;9371.0;20491.0;6638.0;54098.0;both;Irauçuba - CE;52552.0;50151.0;12589.0;25.1;both
2306108;Irauçuba - CE;2007;2106.0;9700.0;9700.0;0.0;22921.0;9745.0;21515.0;6887.0;56600.0;both;Irauçuba - CE;56925.0;54511.0;10596.0;19.44;both
2306108;Irauçuba - CE;2008;5127.0;9932.0;9932.0;0.0;23150.0;10135.0;22591.0;7146.0;59115.0;both;Irauçuba - CE;71267.0;68424.0;15140.0;22.13;both
2306108;Irauçuba - CE;2009;2309.0;10837.0;10837.0;0.0;23382.0;10540.0;23721.0;7380.0;61536.0;both;Irauçuba - CE;79654.0;76605.0;13541.0;17.68;both
2306108;Irauçuba - CE;2010;334.0;10515.0;10515.0;0.0;21267.0;10856.0;24670.0;7597.0;63772.0;both;Irauçuba - CE;84525.0;80193.0;9195.0;11.47;both
2306108;Irauçuba - CE;2011;6719.0;10471.0;10471.0;0.0;22476.0;11182.0;25657.0;7817.0;65889.0;both;Irauçuba - CE;106489.0;101063.0;20003.0;19.79;both
2306108;Irauçuba - CE;2012;650.0;8847.0;8847.0;0.0;22588.0;11461.0;26426.0;7968.0;67206.0;both;Irauçuba - CE;110957.0;103717.0;12622.0;12.17;both
2306108;Irauçuba - CE;2013;688.0;7155.0;7155.0;0.0;14198.0;10888.0;25105.0;8327.0;64182.0;both;Irauçuba - CE;124748.0;118191.0;12546.0;10.61;both
2306108;Irauçuba - CE;2014;1166.0;6920.0;6920.0;0.0;12068.0;10670.0;23849.0;7449.0;67391.0;both;Irauçuba - CE;142973.0;135752.0;14386.0;10.6;both
2306108;Irauçuba - CE;2015;532.0;5228.0;5228.0;0.0;11700.0;11008.0;23960.0;7600.0;65900.0;both;Irauçuba - CE;148674.0;141512.0;14354.0;10.14;both
2306108;Irauçuba - CE;2016;943.0;10021.0;10021.0;0.0;14608.0;10457.0;22762.0;7448.0;56015.0;both;Irauçuba - CE;160347.0;151989.0;15057.0;9.91;both
2306108;Irauçuba - CE;2017;2431.0;11019.0;11019.0;0.0;14754.0;10561.0;22989.0;3500.0;30000.0;both;Irauçuba - CE;168328.0;159259.0;15788.0;9.91;both
2306108;Irauçuba - CE;2018;2068.0;4420.0;4420.0;0.0;15623.0;10904.0;23915.0;3625.0;28450.0;both;Irauçuba - CE;166022.0;157958.0;13911.0;8.81;both
2306108;Irauçuba - CE;2019;1337.0;6013.0;6013.0;0.0;15780.0;10780.0;23435.0;3565.0;28530.0;both;Irauçuba - CE;188519.0;178117.0;13756.0;7.72;both
2306108;Irauçuba - CE;2020;1767.0;6093.0;6093.0;0.0;14480.0;10950.0;24750.0;3431.0;27810.0;both;Irauçuba - CE;192415.0;182647.0;18793.0;10.29;both
2306108;Irauçuba - CE;2021;898.0;4888.0;4888.0;0.0;13548.0;10024.0;22356.0;3548.0;29354.0;both;Irauçuba - CE;220294.0;206605.0;21074.0;10.2;both
2306108;Irauçuba - CE;2022;1060.0;5122.0;5122.0;0.0;14515.0;10366.0;23185.0;3583.0;30822.0;both;Irauçuba - CE;251621.0;;;;both
2306108;Irauçuba - CE;2023;1660.0;5823.0;5823.0;0.0;18343.0;10853.0;23948.0;3892.0;32584.0;both;Irauçuba - CE;271622.0;;;;both
2306108;Irauçuba - CE;2024;1166.0;5072.0;5072.0;0.0;18600.0;10093.0;23469.0;4087.0;33887.0;both;;;;;;left_only
2306207;Itaiçaba - CE;2003;6134.0;1607.0;1607.0;0.0;2852.0;2591.0;2487.0;992.0;15337.0;both;Itaiçaba - CE;17070.0;16276.0;3960.0;24.33;both
2306207;Itaiçaba - CE;2004;6823.0;1717.0;1717.0;0.0;2899.0;2731.0;2674.0;1033.0;16311.0;both;Itaiçaba - CE;17789.0;16771.0;3972.0;23.69;both
2306207;Itaiçaba - CE;2005;9091.0;1822.0;1822.0;0.0;2968.0;2933.0;2957.0;1086.0;17455.0;both;Itaiçaba - CE;20206.0;18633.0;4761.0;25.55;both
2306207;Itaiçaba - CE;2006;9934.0;1894.0;1894.0;0.0;3050.0;3102.0;3142.0;1123.0;18145.0;both;Itaiçaba - CE;21408.0;20065.0;4814.0;23.99;both
2306207;Itaiçaba - CE;2007;12481.0;2088.0;2088.0;0.0;3126.0;3288.0;3346.0;1155.0;18810.0;both;Itaiçaba - CE;23317.0;22035.0;5599.0;25.41;both
2306207;Itaiçaba - CE;2008;2629.0;1646.0;1646.0;0.0;3223.0;3443.0;3513.0;1195.0;19408.0;both;Itaiçaba - CE;24486.0;23111.0;4007.0;17.34;both
2306207;Itaiçaba - CE;2009;1600.0;1574.0;1574.0;0.0;3287.0;3575.0;3653.0;1235.0;19876.0;both;Itaiçaba - CE;26355.0;25012.0;3347.0;13.38;both
2306207;Itaiçaba - CE;2010;2105.0;1202.0;1202.0;0.0;3369.0;3714.0;3795.0;1274.0;20329.0;both;Itaiçaba - CE;31075.0;29051.0;3615.0;12.44;both
2306207;Itaiçaba - CE;2011;1920.0;1681.0;1681.0;0.0;3460.0;3866.0;3970.0;1318.0;20874.0;both;Itaiçaba - CE;34073.0;32043.0;4924.0;15.37;both
2306207;Itaiçaba - CE;2012;682.0;1320.0;1320.0;0.0;3529.0;4076.0;4200.0;1354.0;21472.0;both;Itaiçaba - CE;37920.0;35505.0;3838.0;10.81;both
2306207;Itaiçaba - CE;2013;747.0;1093.0;1093.0;0.0;3423.0;4304.0;4460.0;1400.0;22373.0;both;Itaiçaba - CE;43681.0;41121.0;4592.0;11.17;both
2306207;Itaiçaba - CE;2014;19425.0;1495.0;1495.0;0.0;2634.0;4653.0;4962.0;1467.0;23378.0;both;Itaiçaba - CE;50873.0;47289.0;5791.0;12.25;both
2306207;Itaiçaba - CE;2015;19101.0;1405.0;1405.0;0.0;2386.0;5234.0;5428.0;1524.0;25278.0;both;Itaiçaba - CE;57522.0;52139.0;5972.0;11.45;both
2306207;Itaiçaba - CE;2016;18437.0;1370.0;1370.0;0.0;2264.0;5681.0;5863.0;1643.0;25964.0;both;Itaiçaba - CE;57201.0;53170.0;5867.0;11.04;both
2306207;Itaiçaba - CE;2017;8693.0;1055.0;1055.0;0.0;1876.0;5238.0;5426.0;1426.0;20564.0;both;Itaiçaba - CE;69654.0;65424.0;10666.0;16.3;both
2306207;Itaiçaba - CE;2018;576.0;1004.0;724.0;0.2788844621513944;1983.0;5302.0;5538.0;1468.0;20945.0;both;Itaiçaba - CE;65923.0;61545.0;8375.0;13.61;both
2306207;Itaiçaba - CE;2019;780.0;764.0;764.0;0.0;2198.0;5487.0;5823.0;1523.0;21897.0;both;Itaiçaba - CE;69563.0;64719.0;9732.0;15.04;both
2306207;Itaiçaba - CE;2020;4581.0;1058.0;1058.0;0.0;2271.0;5786.0;6023.0;1547.0;22867.0;both;Itaiçaba - CE;75891.0;72053.0;11792.0;16.37;both
2306207;Itaiçaba - CE;2021;4932.0;1067.0;1067.0;0.0;2352.0;6297.0;6634.0;1689.0;25278.0;both;Itaiçaba - CE;82855.0;77639.0;9883.0;12.73;both
2306207;Itaiçaba - CE;2022;5266.0;1099.0;1099.0;0.0;2428.0;6555.0;7079.0;1759.0;26744.0;both;Itaiçaba - CE;89380.0;;;;both
2306207;Itaiçaba - CE;2023;921.0;818.0;818.0;0.0;2772.0;7074.0;7964.0;1876.0;30623.0;both;Itaiçaba - CE;103646.0;;;;both
2306207;Itaiçaba - CE;2024;4366.0;1176.0;1176.0;0.0;2954.0;7345.0;8345.0;2056.0;33465.0;both;;;;;;left_only
2306256;Itaitinga - CE;2003;1650.0;1083.0;1083.0;0.0;4212.0;130.0;580.0;1461.0;25725.0;both;Itaitinga - CE;61248.0;52814.0;2149.0;4.07;both
2306256;Itaitinga - CE;2004;1898.0;1263.0;1263.0;0.0;4080.0;141.0;625.0;1467.0;26295.0;both;Itaitinga - CE;76352.0;60265.0;2312.0;3.84;both
2306256;Itaitinga - CE;2005;2528.0;1032.0;1032.0;0.0;4091.0;156.0;672.0;1483.0;27260.0;both;Itaitinga - CE;85345.0;73787.0;2379.0;3.22;both
2306256;Itaitinga - CE;2006;2044.0;1213.0;1213.0;0.0;3790.0;150.0;743.0;1465.0;28314.0;both;Itaitinga - CE;110058.0;93933.0;2458.0;2.62;both
2306256;Itaitinga - CE;2007;2513.0;1173.0;1173.0;0.0;3800.0;165.0;769.0;1471.0;29700.0;both;Itaitinga - CE;129393.0;104281.0;2324.0;2.23;both
2306256;Itaitinga - CE;2008;1577.0;1054.0;1054.0;0.0;3820.0;172.0;700.0;1572.0;31155.0;both;Itaitinga - CE;145620.0;126669.0;2801.0;2.21;both
2306256;Itaitinga - CE;2009;2064.0;1159.0;1159.0;0.0;3299.0;180.0;730.0;1585.0;32671.0;both;Itaitinga - CE;161596.0;144395.0;2725.0;1.89;both
2306256;Itaitinga - CE;2010;945.0;454.0;454.0;0.0;3350.0;170.0;742.0;1592.0;33597.0;both;Itaitinga - CE;200020.0;176071.0;2401.0;1.36;both
2306256;Itaitinga - CE;2011;1232.0;787.0;787.0;0.0;3360.0;173.0;749.0;1568.0;67285.0;both;Itaitinga - CE;242375.0;214954.0;3456.0;1.61;both
2306256;Itaitinga - CE;2012;872.0;826.0;826.0;0.0;3082.0;151.0;676.0;1481.0;65314.0;both;Itaitinga - CE;279556.0;251190.0;3730.0;1.48;both
2306256;Itaitinga - CE;2013;408.0;566.0;566.0;0.0;2338.0;1250.0;500.0;2545.0;68332.0;both;Itaitinga - CE;352105.0;317814.0;3850.0;1.21;both
2306256;Itaitinga - CE;2014;781.0;662.0;662.0;0.0;2451.0;1594.0;1654.0;2825.0;71065.0;both;Itaitinga - CE;435972.0;390635.0;5803.0;1.49;both
2306256;Itaitinga - CE;2015;584.0;613.0;613.0;0.0;2397.0;1721.0;1769.0;3051.0;92385.0;both;Itaitinga - CE;575677.0;469683.0;6671.0;1.42;both
2306256;Itaitinga - CE;2016;656.0;556.0;556.0;0.0;2592.0;1505.0;1682.0;3159.0;85620.0;both;Itaitinga - CE;570233.0;485900.0;7308.0;1.5;both
2306256;Itaitinga - CE;2017;1354.0;579.0;579.0;0.0;2365.0;1148.0;1798.0;3263.0;34952.0;both;Itaitinga - CE;663650.0;562203.0;5684.0;1.01;both
2306256;Itaitinga - CE;2018;1387.0;630.0;630.0;0.0;2648.0;1371.0;1804.0;3280.0;47600.0;both;Itaitinga - CE;700656.0;591786.0;4978.0;0.84;both
2306256;Itaitinga - CE;2019;1466.0;739.0;739.0;0.0;2727.0;1410.0;1856.0;3378.0;42500.0;both;Itaitinga - CE;722999.0;606936.0;4875.0;0.8;both
2306256;Itaitinga - CE;2020;1975.0;782.0;782.0;0.0;2175.0;1246.0;2183.0;4042.0;43543.0;both;Itaitinga - CE;911357.0;731794.0;6626.0;0.91;both
2306256;Itaitinga - CE;2021;2059.0;818.0;818.0;0.0;2023.0;1140.0;2053.0;4203.0;36304.0;both;Itaitinga - CE;1258826.0;1003203.0;7208.0;0.72;both
2306256;Itaitinga - CE;2022;1945.0;896.0;896.0;0.0;1753.0;1085.0;1991.0;4118.0;37435.0;both;Itaitinga - CE;1588814.0;;;;both
2306256;Itaitinga - CE;2023;3217.0;1038.0;1038.0;0.0;1935.0;1060.0;1910.0;4228.0;38552.0;both;Itaitinga - CE;2352737.0;;;;both
2306256;Itaitinga - CE;2024;2880.0;1032.0;1032.0;0.0;1911.0;1020.0;1850.0;4101.0;39323.0;both;;;;;;left_only
2306306;Itapajé - CE;2003;39820.0;9670.0;9670.0;0.0;8553.0;1858.0;2503.0;3666.0;65667.0;both;Itapajé - CE;194339.0;180112.0;32937.0;18.29;both
2306306;Itapajé - CE;2004;40424.0;10420.0;10200.0;0.021113243761996192;9590.0;1932.0;2628.0;3846.0;69366.0;both;Itapajé - CE;220781.0;207025.0;34988.0;16.9;both
2306306;Itapajé - CE;2005;32737.0;9740.0;9740.0;0.0;9734.0;1990.0;2733.0;3995.0;71888.0;both;Itapajé - CE;242224.0;227986.0;29844.0;13.09;both
2306306;Itapajé - CE;2006;42086.0;10610.0;10610.0;0.0;9783.0;2020.0;2788.0;4187.0;72477.0;both;Itapajé - CE;249695.0;234132.0;46079.0;19.68;both
2306306;Itapajé - CE;2007;21283.0;10449.0;10449.0;0.0;9880.0;2100.0;2927.0;4346.0;75839.0;both;Itapajé - CE;229416.0;214987.0;24410.0;11.35;both
2306306;Itapajé - CE;2008;43091.0;10962.0;10962.0;0.0;9979.0;2205.0;3073.0;4511.0;79359.0;both;Itapajé - CE;326703.0;307447.0;56828.0;18.48;both
2306306;Itapajé - CE;2009;34004.0;11324.0;11324.0;0.0;10079.0;2282.0;3196.0;4683.0;82506.0;both;Itapajé - CE;331716.0;311371.0;48974.0;15.73;both
2306306;Itapajé - CE;2010;32865.0;11184.0;11184.0;0.0;10342.0;2362.0;3340.0;4856.0;85928.0;both;Itapajé - CE;594791.0;507501.0;48659.0;9.59;both
2306306;Itapajé - CE;2011;36146.0;11519.0;11519.0;0.0;10445.0;2421.0;3440.0;5000.0;88506.0;both;Itapajé - CE;715132.0;605905.0;47673.0;7.87;both
2306306;Itapajé - CE;2012;18278.0;10539.0;10539.0;0.0;10497.0;2481.0;3526.0;5100.0;90120.0;both;Itapajé - CE;383759.0;314627.0;30415.0;9.67;both
2306306;Itapajé - CE;2013;11563.0;9790.0;9790.0;0.0;8397.0;2530.0;3596.0;4080.0;108427.0;both;Itapajé - CE;450431.0;350254.0;22505.0;6.43;both
2306306;Itapajé - CE;2014;14772.0;9788.0;9788.0;0.0;8229.0;2404.0;3236.0;4480.0;92163.0;both;Itapajé - CE;521958.0;423211.0;38092.0;9.0;both
2306306;Itapajé - CE;2015;9900.0;9478.0;9478.0;0.0;7982.0;2452.0;3168.0;4390.0;92320.0;both;Itapajé - CE;497620.0;417942.0;31869.0;7.63;both
2306306;Itapajé - CE;2016;12338.0;9375.0;9375.0;0.0;7790.0;2084.0;2693.0;4302.0;94166.0;both;Itapajé - CE;526509.0;466263.0;45223.0;9.7;both
2306306;Itapajé - CE;2017;15474.0;9641.0;9641.0;0.0;7946.0;2292.0;2962.0;2796.0;80000.0;both;Itapajé - CE;550017.0;513755.0;65356.0;12.72;both
2306306;Itapajé - CE;2018;17131.0;9762.0;9762.0;0.0;8105.0;2275.0;3055.0;2460.0;80380.0;both;Itapajé - CE;562380.0;510715.0;47641.0;9.33;both
2306306;Itapajé - CE;2019;21836.0;9159.0;9159.0;0.0;8270.0;2345.0;3145.0;2385.0;80100.0;both;Itapajé - CE;640044.0;576398.0;52785.0;9.16;both
2306306;Itapajé - CE;2020;21079.0;9206.0;9206.0;0.0;8360.0;2376.0;3178.0;2450.0;80813.0;both;Itapajé - CE;567838.0;525283.0;62200.0;11.84;both
2306306;Itapajé - CE;2021;18630.0;8478.0;8478.0;0.0;8250.0;2390.0;3080.0;2476.0;80927.0;both;Itapajé - CE;594581.0;553560.0;62630.0;11.31;both
2306306;Itapajé - CE;2022;23256.0;8995.0;8995.0;0.0;8512.0;2512.0;3247.0;2526.0;72795.0;both;Itapajé - CE;702418.0;;;;both
2306306;Itapajé - CE;2023;27256.0;8999.0;8999.0;0.0;8138.0;2268.0;3028.0;2618.0;67200.0;both;Itapajé - CE;741513.0;;;;both
2306306;Itapajé - CE;2024;17048.0;8629.0;8629.0;0.0;8017.0;2185.0;2988.0;2574.0;65100.0;both;;;;;;left_only
2306405;Itapipoca - CE;2003;85950.0;43430.0;43430.0;0.0;19558.0;8311.0;10039.0;18634.0;330577.0;both;Itapipoca - CE;329977.0;297244.0;42919.0;14.44;both
2306405;Itapipoca - CE;2004;96608.0;45486.0;45486.0;0.0;16624.0;8520.0;10190.0;17914.0;327681.0;both;Itapipoca - CE;395221.0;352896.0;48962.0;13.87;both
2306405;Itapipoca - CE;2005;85636.0;45598.0;45598.0;0.0;16790.0;8820.0;10547.0;18085.0;329058.0;both;Itapipoca - CE;401532.0;361429.0;44048.0;12.19;both
2306405;Itapipoca - CE;2006;108192.0;45631.0;45631.0;0.0;16875.0;9040.0;10810.0;18176.0;327415.0;both;Itapipoca - CE;478306.0;430902.0;55583.0;12.9;both
2306405;Itapipoca - CE;2007;60535.0;45578.0;45578.0;0.0;17685.0;9175.0;10972.0;17734.0;323736.0;both;Itapipoca - CE;482996.0;432554.0;43141.0;9.97;both
2306405;Itapipoca - CE;2008;103006.0;45651.0;45651.0;0.0;18534.0;9450.0;11410.0;17931.0;324384.0;both;Itapipoca - CE;560442.0;510981.0;58444.0;11.44;both
2306405;Itapipoca - CE;2009;79952.0;46033.0;45229.0;0.017465731105945737;18682.0;9412.0;11465.0;18278.0;326740.0;both;Itapipoca - CE;590292.0;532943.0;52962.0;9.94;both
2306405;Itapipoca - CE;2010;59467.0;37514.0;37514.0;0.0;18648.0;9695.0;11925.0;18257.0;327148.0;both;Itapipoca - CE;704980.0;632771.0;57646.0;9.11;both
2306405;Itapipoca - CE;2011;99920.0;45345.0;45345.0;0.0;18695.0;9985.0;12402.0;18554.0;328170.0;both;Itapipoca - CE;802759.0;721574.0;73764.0;10.22;both
2306405;Itapipoca - CE;2012;65109.0;44497.0;44497.0;0.0;20015.0;10135.0;11785.0;16323.0;278945.0;both;Itapipoca - CE;928073.0;848835.0;70353.0;8.29;both
2306405;Itapipoca - CE;2013;37777.0;39436.0;39436.0;0.0;20620.0;10200.0;12020.0;16280.0;279780.0;both;Itapipoca - CE;1002563.0;915007.0;57740.0;6.31;both
2306405;Itapipoca - CE;2014;44875.0;39947.0;39947.0;0.0;21751.0;10455.0;12321.0;15466.0;281179.0;both;Itapipoca - CE;1197646.0;1081105.0;72687.0;6.72;both
2306405;Itapipoca - CE;2015;54859.0;40881.0;40881.0;0.0;18488.0;10507.0;12075.0;12373.0;267120.0;both;Itapipoca - CE;1191433.0;1068551.0;65071.0;6.09;both
2306405;Itapipoca - CE;2016;56627.0;39335.0;39335.0;0.0;18740.0;10512.0;12080.0;12375.0;267122.0;both;Itapipoca - CE;1329820.0;1180942.0;75413.0;6.39;both
2306405;Itapipoca - CE;2017;55483.0;40080.0;40080.0;0.0;18444.0;10532.0;12094.0;12379.0;267126.0;both;Itapipoca - CE;1560337.0;1398118.0;138654.0;9.92;both
2306405;Itapipoca - CE;2018;66601.0;42416.0;42416.0;0.0;16600.0;10005.0;11489.0;16617.0;275139.0;both;Itapipoca - CE;1649739.0;1484807.0;130388.0;8.78;both
2306405;Itapipoca - CE;2019;57962.0;37514.0;37514.0;0.0;16434.0;9905.0;11374.0;16534.0;269636.0;both;Itapipoca - CE;1678108.0;1514794.0;109762.0;7.25;both
2306405;Itapipoca - CE;2020;59377.0;37112.0;37112.0;0.0;16352.0;9855.0;11317.0;16451.0;270984.0;both;Itapipoca - CE;1644837.0;1498707.0;99517.0;6.64;both
2306405;Itapipoca - CE;2021;40052.0;32898.0;32898.0;0.0;15371.0;9264.0;10638.0;15464.0;276404.0;both;Itapipoca - CE;1784007.0;1611988.0;99881.0;6.2;both
2306405;Itapipoca - CE;2022;55640.0;34076.0;34076.0;0.0;14141.0;9078.0;10425.0;15154.0;273639.0;both;Itapipoca - CE;2129866.0;;;;both
2306405;Itapipoca - CE;2023;52355.0;33791.0;33791.0;0.0;14000.0;8896.0;10216.0;14851.0;270903.0;both;Itapipoca - CE;2550371.0;;;;both
2306405;Itapipoca - CE;2024;40023.0;33494.0;33494.0;0.0;13580.0;8770.0;10011.0;14616.0;268194.0;both;;;;;;left_only
2306504;Itapiúna - CE;2003;6678.0;9204.0;9204.0;0.0;7556.0;2693.0;6486.0;4255.0;42138.0;both;Itapiúna - CE;29854.0;28948.0;7959.0;27.49;both
2306504;Itapiúna - CE;2004;1663.0;9104.0;9104.0;0.0;7563.0;2712.0;6510.0;4272.0;42502.0;both;Itapiúna - CE;28355.0;27224.0;5061.0;18.59;both
2306504;Itapiúna - CE;2005;4471.0;7500.0;7500.0;0.0;7572.0;2733.0;6535.0;4292.0;42895.0;both;Itapiúna - CE;35651.0;34200.0;7285.0;21.3;both
2306504;Itapiúna - CE;2006;6257.0;7506.0;7506.0;0.0;7582.0;2748.0;6361.0;4314.0;43303.0;both;Itapiúna - CE;42133.0;40655.0;10017.0;24.64;both
2306504;Itapiúna - CE;2007;6218.0;9572.0;9572.0;0.0;7593.0;2759.0;6383.0;4342.0;43788.0;both;Itapiúna - CE;45996.0;44508.0;9940.0;22.33;both
2306504;Itapiúna - CE;2008;16318.0;10142.0;10142.0;0.0;7606.0;2771.0;6408.0;4377.0;44347.0;both;Itapiúna - CE;57437.0;55708.0;15357.0;27.57;both
2306504;Itapiúna - CE;2009;6722.0;10160.0;9468.0;0.06811023622047241;7621.0;2786.0;6436.0;4415.0;45811.0;both;Itapiúna - CE;56409.0;54674.0;8685.0;15.89;both
2306504;Itapiúna - CE;2010;4714.0;5474.0;5474.0;0.0;7639.0;2803.0;6466.0;4459.0;46513.0;both;Itapiúna - CE;65208.0;62743.0;7550.0;12.03;both
2306504;Itapiúna - CE;2011;10630.0;9755.0;9755.0;0.0;7661.0;2822.0;6498.0;4506.0;47230.0;both;Itapiúna - CE;78965.0;76348.0;14971.0;19.61;both
2306504;Itapiúna - CE;2012;2895.0;4539.0;4539.0;0.0;10455.0;2743.0;6317.0;4374.0;47158.0;both;Itapiúna - CE;73321.0;70575.0;7990.0;11.32;both
2306504;Itapiúna - CE;2013;1098.0;3744.0;3744.0;0.0;10428.0;2749.0;6322.0;4810.0;51872.0;both;Itapiúna - CE;90332.0;86975.0;9825.0;11.3;both
2306504;Itapiúna - CE;2014;1794.0;7297.0;7297.0;0.0;10740.0;2832.0;6764.0;5146.0;56022.0;both;Itapiúna - CE;104732.0;101064.0;11803.0;11.68;both
2306504;Itapiúna - CE;2015;969.0;5274.0;5274.0;0.0;9990.0;2922.0;7230.0;5415.0;59300.0;both;Itapiúna - CE;112505.0;107902.0;9948.0;9.22;both
2306504;Itapiúna - CE;2016;568.0;5573.0;5573.0;0.0;9570.0;2950.0;7600.0;6000.0;59430.0;both;Itapiúna - CE;123077.0;117917.0;12352.0;10.47;both
2306504;Itapiúna - CE;2017;3139.0;5725.0;5725.0;0.0;9086.0;2750.0;10783.0;2585.0;24049.0;both;Itapiúna - CE;135105.0;129810.0;15768.0;12.15;both
2306504;Itapiúna - CE;2018;3160.0;5537.0;5537.0;0.0;7800.0;2900.0;6180.0;1620.0;24650.0;both;Itapiúna - CE;134424.0;129148.0;13625.0;10.55;both
2306504;Itapiúna - CE;2019;4133.0;5689.0;5689.0;0.0;8034.0;3045.0;6551.0;1652.0;28841.0;both;Itapiúna - CE;145819.0;140268.0;18470.0;13.17;both
2306504;Itapiúna - CE;2020;7339.0;5894.0;5894.0;0.0;8195.0;3136.0;6813.0;1685.0;33167.0;both;Itapiúna - CE;163790.0;157344.0;28269.0;17.97;both
2306504;Itapiúna - CE;2021;3468.0;5405.0;5405.0;0.0;9589.0;3500.0;7000.0;2100.0;33667.0;both;Itapiúna - CE;170314.0;162481.0;19789.0;12.18;both
2306504;Itapiúna - CE;2022;2412.0;5420.0;5420.0;0.0;8036.0;3150.0;6300.0;2205.0;35350.0;both;Itapiúna - CE;182347.0;;;;both
2306504;Itapiúna - CE;2023;2431.0;5529.0;5529.0;0.0;9790.0;3200.0;6426.0;2315.0;37118.0;both;Itapiúna - CE;213999.0;;;;both
2306504;Itapiúna - CE;2024;3194.0;4718.0;4718.0;0.0;10769.0;2880.0;5783.0;2199.0;38232.0;both;;;;;;left_only
2306553;Itarema - CE;2003;30108.0;20260.0;20260.0;0.0;7980.0;1046.0;6268.0;4984.0;34535.0;both;Itarema - CE;100311.0;95759.0;19999.0;20.89;both
2306553;Itarema - CE;2004;25425.0;20744.0;20744.0;0.0;6435.0;1075.0;7530.0;5010.0;34880.0;both;Itarema - CE;113985.0;109595.0;24462.0;22.32;both
2306553;Itarema - CE;2005;23453.0;20085.0;20085.0;0.0;6500.0;1123.0;7868.0;5061.0;35288.0;both;Itarema - CE;128930.0;124318.0;19638.0;15.8;both
2306553;Itarema - CE;2006;29626.0;19855.0;19855.0;0.0;6532.0;1158.0;8065.0;5057.0;35390.0;both;Itarema - CE;170602.0;163512.0;28128.0;17.2;both
2306553;Itarema - CE;2007;18174.0;20182.0;20182.0;0.0;6846.0;1204.0;7824.0;5031.0;36023.0;both;Itarema - CE;173295.0;165696.0;20576.0;12.42;both
2306553;Itarema - CE;2008;34586.0;21251.0;21251.0;0.0;6950.0;1261.0;8184.0;5093.0;36456.0;both;Itarema - CE;190589.0;183499.0;29320.0;15.98;both
2306553;Itarema - CE;2009;17783.0;21304.0;20096.0;0.056702966579046166;6638.0;1322.0;8576.0;5168.0;37246.0;both;Itarema - CE;175762.0;168906.0;29325.0;17.36;both
2306553;Itarema - CE;2010;15417.0;20540.0;20540.0;0.0;6622.0;1373.0;8876.0;5181.0;37370.0;both;Itarema - CE;208962.0;197431.0;27191.0;13.77;both
2306553;Itarema - CE;2011;25626.0;20498.0;20498.0;0.0;6640.0;1435.0;9230.0;5338.0;38182.0;both;Itarema - CE;238990.0;227124.0;41404.0;18.23;both
2306553;Itarema - CE;2012;19990.0;20532.0;20532.0;0.0;6906.0;1508.0;9690.0;4996.0;36865.0;both;Itarema - CE;248662.0;234884.0;34665.0;14.76;both
2306553;Itarema - CE;2013;4038.0;17143.0;17143.0;0.0;6560.0;1568.0;9935.0;8950.0;127350.0;both;Itarema - CE;353145.0;333899.0;35222.0;10.55;both
2306553;Itarema - CE;2014;27811.0;19465.0;19465.0;0.0;6144.0;1576.0;9985.0;9040.0;127987.0;both;Itarema - CE;379133.0;355416.0;49020.0;13.79;both
2306553;Itarema - CE;2015;29640.0;20101.0;20101.0;0.0;5960.0;1529.0;9486.0;8769.0;126963.0;both;Itarema - CE;396508.0;359943.0;49827.0;13.84;both
2306553;Itarema - CE;2016;25246.0;19947.0;19947.0;0.0;5938.0;1532.0;9488.0;11184.0;126968.0;both;Itarema - CE;433558.0;398941.0;48643.0;12.19;both
2306553;Itarema - CE;2017;26332.0;20443.0;20443.0;0.0;5926.0;1514.0;9472.0;11230.0;127013.0;both;Itarema - CE;770373.0;706936.0;59786.0;8.46;both
2306553;Itarema - CE;2018;37607.0;22157.0;22157.0;0.0;6260.0;1200.0;8650.0;12850.0;135840.0;both;Itarema - CE;745519.0;704441.0;61769.0;8.77;both
2306553;Itarema - CE;2019;30182.0;21080.0;16969.0;0.19501897533206836;6197.0;1188.0;8390.0;12786.0;133123.0;both;Itarema - CE;615078.0;575496.0;42194.0;7.33;both
2306553;Itarema - CE;2020;17937.0;17648.0;17648.0;0.0;6011.0;1182.0;8348.0;12850.0;134454.0;both;Itarema - CE;694591.0;659516.0;58161.0;8.82;both
2306553;Itarema - CE;2021;20118.0;19827.0;19827.0;0.0;6312.0;1123.0;8765.0;12208.0;130420.0;both;Itarema - CE;766786.0;723926.0;77678.0;10.73;both
2306553;Itarema - CE;2022;29967.0;19798.0;19798.0;0.0;6488.0;1106.0;8677.0;12024.0;129115.0;both;Itarema - CE;722769.0;;;;both
2306553;Itarema - CE;2023;21915.0;20185.0;20185.0;0.0;6617.0;1089.0;8590.0;11843.0;127824.0;both;Itarema - CE;711165.0;;;;both
2306553;Itarema - CE;2024;26604.0;19553.0;19553.0;0.0;6352.0;1078.0;8418.0;11606.0;126545.0;both;;;;;;left_only
2306603;Itatira - CE;2003;16481.0;14305.0;14305.0;0.0;8103.0;5703.0;8388.0;5520.0;39745.0;both;Itatira - CE;36135.0;35456.0;14380.0;40.56;both
2306603;Itatira - CE;2004;14488.0;14119.0;13154.0;0.06834761668673417;8427.0;5874.0;8639.0;5708.0;41251.0;both;Itatira - CE;42434.0;41691.0;17543.0;42.08;both
2306603;Itatira - CE;2005;7896.0;8963.0;8963.0;0.0;8637.0;6061.0;8811.0;5798.0;42240.0;both;Itatira - CE;38372.0;37480.0;11805.0;31.5;both
2306603;Itatira - CE;2006;14111.0;9141.0;9141.0;0.0;8853.0;6243.0;9075.0;5913.0;43254.0;both;Itatira - CE;53057.0;52149.0;21696.0;41.6;both
2306603;Itatira - CE;2007;13636.0;16660.0;16660.0;0.0;9030.0;6368.0;9256.0;6030.0;44118.0;both;Itatira - CE;50649.0;49684.0;17444.0;35.11;both
2306603;Itatira - CE;2008;24623.0;18083.0;17749.0;0.01847038655090416;9184.0;6473.0;9413.0;6103.0;45194.0;both;Itatira - CE;71750.0;70480.0;29657.0;42.08;both
2306603;Itatira - CE;2009;16052.0;18183.0;18183.0;0.0;9350.0;6596.0;9592.0;6177.0;46314.0;both;Itatira - CE;68793.0;67790.0;22676.0;33.45;both
2306603;Itatira - CE;2010;11919.0;12830.0;12830.0;0.0;9537.0;6793.0;9879.0;6300.0;47240.0;both;Itatira - CE;75951.0;74331.0;22674.0;30.5;both
2306603;Itatira - CE;2011;24989.0;13643.0;13643.0;0.0;9818.0;6963.0;10156.0;6604.0;49420.0;both;Itatira - CE;98480.0;96430.0;36720.0;38.08;both
2306603;Itatira - CE;2012;4302.0;7681.0;7681.0;0.0;8727.0;5988.0;8632.0;5802.0;41118.0;both;Itatira - CE;66495.0;64549.0;6810.0;10.55;both
2306603;Itatira - CE;2013;11611.0;8799.0;8795.0;0.0004545971133083082;9208.0;5868.0;8502.0;4962.0;40296.0;both;Itatira - CE;92720.0;90231.0;21786.0;24.15;both
2306603;Itatira - CE;2014;7202.0;8328.0;8328.0;0.0;9023.0;5920.0;8543.0;4645.0;39893.0;both;Itatira - CE;107405.0;104308.0;19369.0;18.57;both
2306603;Itatira - CE;2015;4283.0;7622.0;7622.0;0.0;7850.0;5980.0;8615.0;4315.0;39650.0;both;Itatira - CE;114214.0;110537.0;16127.0;14.59;both
2306603;Itatira - CE;2016;1034.0;7277.0;7277.0;0.0;7780.0;5735.0;8249.0;4220.0;39410.0;both;Itatira - CE;112348.0;107743.0;11374.0;10.56;both
2306603;Itatira - CE;2017;7823.0;14790.0;14790.0;0.0;6012.0;9512.0;15646.0;6127.0;29820.0;both;Itatira - CE;130468.0;125384.0;18751.0;14.95;both
2306603;Itatira - CE;2018;4187.0;15072.0;15072.0;0.0;6204.0;10125.0;15309.0;6414.0;31161.0;both;Itatira - CE;125100.0;120147.0;11528.0;9.6;both
2306603;Itatira - CE;2019;1889.0;8497.0;8497.0;0.0;6348.0;10562.0;15048.0;6610.0;32312.0;both;Itatira - CE;136853.0;130791.0;9054.0;6.92;both
2306603;Itatira - CE;2020;2489.0;9593.0;9593.0;0.0;6404.0;10405.0;14727.0;6728.0;31568.0;both;Itatira - CE;154347.0;147719.0;12804.0;8.67;both
2306603;Itatira - CE;2021;3108.0;10190.0;10190.0;0.0;6453.0;10278.0;15287.0;6624.0;30930.0;both;Itatira - CE;174029.0;166170.0;19478.0;11.72;both
2306603;Itatira - CE;2022;2266.0;7787.0;7787.0;0.0;6976.0;9512.0;14367.0;5790.0;32748.0;both;Itatira - CE;190135.0;;;;both
2306603;Itatira - CE;2023;3481.0;7806.0;7806.0;0.0;7394.0;7134.0;15600.0;5211.0;27473.0;both;Itatira - CE;236128.0;;;;both
2306603;Itatira - CE;2024;6539.0;6760.0;6760.0;0.0;7212.0;7026.0;15138.0;5040.0;27183.0;both;;;;;;left_only
2306702;Jaguaretama - CE;2003;9740.0;15213.0;15213.0;0.0;44791.0;15396.0;53365.0;7006.0;90699.0;both;Jaguaretama - CE;47049.0;45923.0;20687.0;45.05;both
2306702;Jaguaretama - CE;2004;3488.0;11718.0;11718.0;0.0;47165.0;16366.0;56834.0;7299.0;93561.0;both;Jaguaretama - CE;45501.0;44038.0;17969.0;40.8;both
2306702;Jaguaretama - CE;2005;2240.0;6488.0;6488.0;0.0;49287.0;17184.0;59676.0;7555.0;96368.0;both;Jaguaretama - CE;52448.0;50829.0;18113.0;35.63;both
2306702;Jaguaretama - CE;2006;7141.0;8470.0;8470.0;0.0;51258.0;17957.0;62361.0;7782.0;98777.0;both;Jaguaretama - CE;61805.0;59958.0;23703.0;39.53;both
2306702;Jaguaretama - CE;2007;2940.0;8290.0;8290.0;0.0;51771.0;18585.0;64232.0;7971.0;100752.0;both;Jaguaretama - CE;60757.0;58876.0;20221.0;34.34;both
2306702;Jaguaretama - CE;2008;7439.0;8870.0;8870.0;0.0;52548.0;19143.0;66159.0;8126.0;102523.0;both;Jaguaretama - CE;74787.0;72758.0;28158.0;38.7;both
2306702;Jaguaretama - CE;2009;4779.0;8868.0;8868.0;0.0;53336.0;19621.0;67813.0;8267.0;104326.0;both;Jaguaretama - CE;80312.0;78328.0;26663.0;34.04;both
2306702;Jaguaretama - CE;2010;593.0;3245.0;3245.0;0.0;50669.0;19817.0;68491.0;8386.0;105641.0;both;Jaguaretama - CE;82526.0;79055.0;19215.0;24.31;both
2306702;Jaguaretama - CE;2011;6295.0;8787.0;8787.0;0.0;50922.0;20015.0;69175.0;8465.0;106596.0;both;Jaguaretama - CE;101150.0;97545.0;30384.0;31.15;both
2306702;Jaguaretama - CE;2012;466.0;3408.0;3408.0;0.0;41756.0;19615.0;67721.0;8386.0;103953.0;both;Jaguaretama - CE;94279.0;89987.0;20260.0;22.51;both
2306702;Jaguaretama - CE;2013;552.0;3716.0;3716.0;0.0;40921.0;19602.0;67685.0;8344.0;101873.0;both;Jaguaretama - CE;107965.0;103283.0;22055.0;21.35;both
2306702;Jaguaretama - CE;2014;1950.0;3305.0;3305.0;0.0;42558.0;19994.0;68362.0;8427.0;103910.0;both;Jaguaretama - CE;129820.0;124590.0;26115.0;20.96;both
2306702;Jaguaretama - CE;2015;702.0;3606.0;3606.0;0.0;42133.0;18994.0;64844.0;8511.0;104949.0;both;Jaguaretama - CE;136631.0;129326.0;25819.0;19.96;both
2306702;Jaguaretama - CE;2016;553.0;4253.0;4253.0;0.0;41290.0;19944.0;61602.0;8341.0;105998.0;both;Jaguaretama - CE;141990.0;135001.0;28689.0;21.25;both
2306702;Jaguaretama - CE;2017;546.0;2081.0;2081.0;0.0;40877.0;20491.0;62218.0;8591.0;108118.0;both;Jaguaretama - CE;149931.0;142341.0;28014.0;19.68;both
2306702;Jaguaretama - CE;2018;1176.0;3588.0;3588.0;0.0;42931.0;21106.0;60974.0;8849.0;109199.0;both;Jaguaretama - CE;156217.0;148362.0;31040.0;20.92;both
2306702;Jaguaretama - CE;2019;2074.0;3457.0;3457.0;0.0;44219.0;21317.0;57925.0;9114.0;110291.0;both;Jaguaretama - CE;170403.0;161788.0;34190.0;21.13;both
2306702;Jaguaretama - CE;2020;2598.0;2865.0;2865.0;0.0;46430.0;21743.0;59083.0;9296.0;112496.0;both;Jaguaretama - CE;205399.0;196011.0;56099.0;28.62;both
2306702;Jaguaretama - CE;2021;1288.0;2594.0;2594.0;0.0;48752.0;22178.0;60855.0;9668.0;112990.0;both;Jaguaretama - CE;226644.0;215323.0;70782.0;32.87;both
2306702;Jaguaretama - CE;2022;2041.0;2893.0;2893.0;0.0;52650.0;22450.0;61450.0;9958.0;114119.0;both;Jaguaretama - CE;257163.0;;;;both
2306702;Jaguaretama - CE;2023;888.0;2955.0;2955.0;0.0;55282.0;22674.0;60221.0;10157.0;115260.0;both;Jaguaretama - CE;316967.0;;;;both
2306702;Jaguaretama - CE;2024;1848.0;2845.0;2845.0;0.0;58046.0;23127.0;62028.0;10461.0;117565.0;both;;;;;;left_only
2306801;Jaguaribara - CE;2003;1593.0;2683.0;2683.0;0.0;12877.0;2857.0;10706.0;1561.0;15741.0;both;Jaguaribara - CE;50314.0;48647.0;20985.0;43.14;both
2306801;Jaguaribara - CE;2004;1006.0;2493.0;2493.0;0.0;13135.0;2971.0;11134.0;1622.0;16258.0;both;Jaguaribara - CE;54195.0;52465.0;21909.0;41.76;both
2306801;Jaguaribara - CE;2005;643.0;1995.0;1995.0;0.0;13398.0;3075.0;11524.0;1670.0;16745.0;both;Jaguaribara - CE;41901.0;40510.0;21074.0;52.02;both
2306801;Jaguaribara - CE;2006;1894.0;2387.0;2387.0;0.0;13733.0;3182.0;11927.0;1719.0;17198.0;both;Jaguaribara - CE;48638.0;46510.0;24279.0;52.2;both
2306801;Jaguaribara - CE;2007;831.0;2317.0;2317.0;0.0;14007.0;3277.0;12344.0;1761.0;17578.0;both;Jaguaribara - CE;51679.0;50148.0;26716.0;53.28;both
2306801;Jaguaribara - CE;2008;1831.0;2306.0;2306.0;0.0;14287.0;3375.0;12838.0;1796.0;17930.0;both;Jaguaribara - CE;65479.0;63463.0;32561.0;51.31;both
2306801;Jaguaribara - CE;2009;1368.0;2310.0;2310.0;0.0;14572.0;3459.0;13223.0;1828.0;18268.0;both;Jaguaribara - CE;73557.0;71786.0;35370.0;49.27;both
2306801;Jaguaribara - CE;2010;218.0;1035.0;1035.0;0.0;14617.0;3511.0;13421.0;1840.0;18490.0;both;Jaguaribara - CE;75623.0;72354.0;28624.0;39.56;both
2306801;Jaguaribara - CE;2011;1477.0;2305.0;2305.0;0.0;14690.0;3564.0;13662.0;1859.0;18728.0;both;Jaguaribara - CE;88371.0;84677.0;36693.0;43.33;both
2306801;Jaguaribara - CE;2012;185.0;1083.0;1083.0;0.0;13955.0;3492.0;13652.0;1835.0;18449.0;both;Jaguaribara - CE;101346.0;95862.0;40942.0;42.71;both
2306801;Jaguaribara - CE;2013;216.0;835.0;835.0;0.0;13818.0;3485.0;13630.0;1817.0;18265.0;both;Jaguaribara - CE;121204.0;115786.0;55889.0;48.27;both
2306801;Jaguaribara - CE;2014;480.0;1012.0;1012.0;0.0;14370.0;3554.0;14038.0;1835.0;18630.0;both;Jaguaribara - CE;140557.0;134225.0;61697.0;45.97;both
2306801;Jaguaribara - CE;2015;462.0;723.0;723.0;0.0;14257.0;3660.0;14459.0;1872.0;19003.0;both;Jaguaribara - CE;140831.0;130690.0;50330.0;38.51;both
2306801;Jaguaribara - CE;2016;511.0;955.0;955.0;0.0;14114.0;3843.0;15327.0;1966.0;19573.0;both;Jaguaribara - CE;123111.0;110537.0;25754.0;23.3;both
2306801;Jaguaribara - CE;2017;1130.0;836.0;832.0;0.004784688995215336;13832.0;4035.0;16247.0;2064.0;20160.0;both;Jaguaribara - CE;130346.0;118342.0;23760.0;20.08;both
2306801;Jaguaribara - CE;2018;1094.0;713.0;713.0;0.0;14108.0;4236.0;17059.0;2126.0;20362.0;both;Jaguaribara - CE;133295.0;121140.0;27651.0;22.83;both
2306801;Jaguaribara - CE;2019;1296.0;707.0;707.0;0.0;14390.0;4363.0;16547.0;2168.0;20667.0;both;Jaguaribara - CE;126446.0;119091.0;19320.0;16.22;both
2306801;Jaguaribara - CE;2020;1324.0;1064.0;1064.0;0.0;15110.0;4581.0;17871.0;2276.0;21080.0;both;Jaguaribara - CE;140727.0;133838.0;29653.0;22.16;both
2306801;Jaguaribara - CE;2021;1531.0;1219.0;1219.0;0.0;15866.0;4627.0;18407.0;2344.0;21291.0;both;Jaguaribara - CE;154002.0;145244.0;31063.0;21.39;both
2306801;Jaguaribara - CE;2022;1870.0;1168.0;1168.0;0.0;16659.0;4858.0;18950.0;2461.0;21512.0;both;Jaguaribara - CE;165067.0;;;;both
2306801;Jaguaribara - CE;2023;1609.0;1221.0;1221.0;0.0;17325.0;5100.0;19897.0;2584.0;21727.0;both;Jaguaribara - CE;196533.0;;;;both
2306801;Jaguaribara - CE;2024;2037.0;1348.0;1348.0;0.0;18711.0;5202.0;20494.0;2661.0;22813.0;both;;;;;;left_only
2306900;Jaguaribe - CE;2003;6302.0;8754.0;8754.0;0.0;42811.0;11209.0;36760.0;7482.0;72149.0;both;Jaguaribe - CE;95300.0;87873.0;18873.0;21.48;both
2306900;Jaguaribe - CE;2004;4822.0;7302.0;7302.0;0.0;44523.0;11960.0;38414.0;7861.0;76292.0;both;Jaguaribe - CE;104122.0;96056.0;20673.0;21.52;both
2306900;Jaguaribe - CE;2005;2979.0;4987.0;4908.0;0.01584118708642468;45858.0;12678.0;39950.0;8220.0;80107.0;both;Jaguaribe - CE;114118.0;105984.0;20609.0;19.45;both
2306900;Jaguaribe - CE;2006;7001.0;6248.0;6248.0;0.0;47233.0;13312.0;41548.0;8585.0;84111.0;both;Jaguaribe - CE;135179.0;125627.0;24917.0;19.83;both
2306900;Jaguaribe - CE;2007;3775.0;5723.0;5723.0;0.0;48414.0;13778.0;42794.0;8879.0;86634.0;both;Jaguaribe - CE;148685.0;137670.0;23320.0;16.94;both
2306900;Jaguaribe - CE;2008;6355.0;6173.0;6173.0;0.0;49624.0;14191.0;44078.0;9139.0;89233.0;both;Jaguaribe - CE;188728.0;175089.0;28865.0;16.49;both
2306900;Jaguaribe - CE;2009;5152.0;6273.0;6273.0;0.0;50616.0;14613.0;45179.0;9407.0;91464.0;both;Jaguaribe - CE;209061.0;194137.0;30058.0;15.48;both
2306900;Jaguaribe - CE;2010;2048.0;2768.0;2768.0;0.0;49603.0;14832.0;45856.0;9635.0;92836.0;both;Jaguaribe - CE;235624.0;215125.0;25715.0;11.95;both
2306900;Jaguaribe - CE;2011;5606.0;6171.0;6171.0;0.0;49851.0;14980.0;46406.0;9816.0;93884.0;both;Jaguaribe - CE;280425.0;255678.0;33398.0;13.06;both
2306900;Jaguaribe - CE;2012;1226.0;2666.0;2666.0;0.0;50848.0;14830.0;45478.0;9547.0;92403.0;both;Jaguaribe - CE;309005.0;280080.0;28266.0;10.09;both
2306900;Jaguaribe - CE;2013;905.0;1817.0;1817.0;0.0;49831.0;14810.0;45345.0;9451.0;90555.0;both;Jaguaribe - CE;347615.0;314966.0;31559.0;10.02;both
2306900;Jaguaribe - CE;2014;1910.0;2718.0;2718.0;0.0;52323.0;15521.0;47159.0;9640.0;92366.0;both;Jaguaribe - CE;419278.0;380044.0;37626.0;9.9;both
2306900;Jaguaribe - CE;2015;924.0;3216.0;3216.0;0.0;49707.0;16297.0;49045.0;10026.0;93290.0;both;Jaguaribe - CE;485151.0;435585.0;37545.0;8.62;both
2306900;Jaguaribe - CE;2016;1008.0;3008.0;3008.0;0.0;48712.0;17112.0;51988.0;10527.0;94223.0;both;Jaguaribe - CE;451543.0;403079.0;45212.0;11.22;both
2306900;Jaguaribe - CE;2017;1268.0;2765.0;2765.0;0.0;47251.0;17796.0;57737.0;10843.0;95165.0;both;Jaguaribe - CE;511615.0;453805.0;45715.0;10.07;both
2306900;Jaguaribe - CE;2018;1798.0;3149.0;3149.0;0.0;49141.0;17973.0;58892.0;11277.0;96116.0;both;Jaguaribe - CE;590674.0;533514.0;52801.0;9.9;both
2306900;Jaguaribe - CE;2019;2361.0;3194.0;3194.0;0.0;50615.0;18512.0;60659.0;11503.0;97077.0;both;Jaguaribe - CE;510275.0;462009.0;58242.0;12.61;both
2306900;Jaguaribe - CE;2020;2723.0;3144.0;3144.0;0.0;52133.0;18882.0;62478.0;11848.0;99018.0;both;Jaguaribe - CE;555424.0;507748.0;78218.0;15.4;both
2306900;Jaguaribe - CE;2021;2642.0;3202.0;3202.0;0.0;54218.0;19259.0;63728.0;12085.0;100008.0;both;Jaguaribe - CE;561175.0;512384.0;89542.0;17.48;both
2306900;Jaguaribe - CE;2022;2899.0;3545.0;3545.0;0.0;56929.0;19455.0;64500.0;12326.0;100950.0;both;Jaguaribe - CE;637711.0;;;;both
2306900;Jaguaribe - CE;2023;1973.0;3758.0;3758.0;0.0;58067.0;19844.0;61275.0;12942.0;102969.0;both;Jaguaribe - CE;740827.0;;;;both
2306900;Jaguaribe - CE;2024;2302.0;3523.0;3523.0;0.0;60970.0;20240.0;61888.0;13459.0;106058.0;both;;;;;;left_only
2307007;Jaguaruana - CE;2003;7451.0;7997.0;7997.0;0.0;13157.0;16966.0;20546.0;3426.0;45708.0;both;Jaguaruana - CE;102867.0;87113.0;20829.0;23.91;both
2307007;Jaguaruana - CE;2004;5803.0;8447.0;8447.0;0.0;13460.0;17950.0;22046.0;3540.0;48010.0;both;Jaguaruana - CE;126996.0;109928.0;24211.0;22.02;both
2307007;Jaguaruana - CE;2005;7857.0;8585.0;8585.0;0.0;14012.0;19637.0;24824.0;3687.0;50664.0;both;Jaguaruana - CE;137652.0;116749.0;24201.0;20.73;both
2307007;Jaguaruana - CE;2006;9368.0;9172.0;9172.0;0.0;14418.0;20520.0;26189.0;3815.0;52750.0;both;Jaguaruana - CE;154178.0;125147.0;26327.0;21.04;both
2307007;Jaguaruana - CE;2007;7663.0;8730.0;8730.0;0.0;14850.0;21484.0;27551.0;3930.0;54583.0;both;Jaguaruana - CE;176462.0;141670.0;26592.0;18.77;both
2307007;Jaguaruana - CE;2008;53690.0;10381.0;10381.0;0.0;15335.0;22450.0;28915.0;4068.0;56445.0;both;Jaguaruana - CE;206409.0;158712.0;40246.0;25.36;both
2307007;Jaguaruana - CE;2009;95923.0;10952.0;10952.0;0.0;15718.0;23348.0;30216.0;4208.0;58387.0;both;Jaguaruana - CE;234624.0;179517.0;41076.0;22.88;both
2307007;Jaguaruana - CE;2010;78076.0;8284.0;8284.0;0.0;16142.0;24211.0;31515.0;4342.0;60273.0;both;Jaguaruana - CE;230189.0;199311.0;42640.0;21.39;both
2307007;Jaguaruana - CE;2011;121588.0;12702.0;12702.0;0.0;16610.0;25155.0;32965.0;4494.0;62410.0;both;Jaguaruana - CE;263215.0;227886.0;51016.0;22.39;both
2307007;Jaguaruana - CE;2012;112204.0;10373.0;10373.0;0.0;18864.0;26463.0;34778.0;4645.0;64040.0;both;Jaguaruana - CE;261369.0;229754.0;47310.0;20.59;both
2307007;Jaguaruana - CE;2013;112561.0;8292.0;8292.0;0.0;18298.0;27945.0;36934.0;4802.0;66729.0;both;Jaguaruana - CE;292202.0;260627.0;58421.0;22.42;both
2307007;Jaguaruana - CE;2014;113312.0;7540.0;7540.0;0.0;16897.0;28765.0;38682.0;4978.0;68236.0;both;Jaguaruana - CE;354774.0;317620.0;68587.0;21.59;both
2307007;Jaguaruana - CE;2015;121001.0;8470.0;8470.0;0.0;16587.0;30245.0;40632.0;5146.0;69876.0;both;Jaguaruana - CE;396821.0;356760.0;69476.0;19.47;both
2307007;Jaguaruana - CE;2016;138788.0;8529.0;8529.0;0.0;14873.0;30567.0;41172.0;5472.0;70374.0;both;Jaguaruana - CE;364368.0;321592.0;50530.0;15.71;both
2307007;Jaguaruana - CE;2017;52836.0;5993.0;5993.0;0.0;14026.0;10235.0;29236.0;5026.0;62154.0;both;Jaguaruana - CE;404008.0;363962.0;57669.0;15.84;both
2307007;Jaguaruana - CE;2018;5422.0;2718.0;2118.0;0.2207505518763797;14107.0;11345.0;29876.0;5176.0;64326.0;both;Jaguaruana - CE;404200.0;360677.0;49621.0;13.76;both
2307007;Jaguaruana - CE;2019;4490.0;2134.0;2134.0;0.0;14402.0;11876.0;30256.0;5376.0;65743.0;both;Jaguaruana - CE;477737.0;422478.0;51883.0;12.28;both
2307007;Jaguaruana - CE;2020;5865.0;2827.0;2827.0;0.0;14586.0;12023.0;30567.0;5456.0;67254.0;both;Jaguaruana - CE;481688.0;429595.0;63614.0;14.81;both
2307007;Jaguaruana - CE;2021;4579.0;2881.0;2881.0;0.0;14997.0;12860.0;33475.0;5750.0;72250.0;both;Jaguaruana - CE;566961.0;500437.0;86794.0;17.34;both
2307007;Jaguaruana - CE;2022;6633.0;3050.0;3050.0;0.0;15566.0;13464.0;35751.0;5997.0;76368.0;both;Jaguaruana - CE;598757.0;;;;both
2307007;Jaguaruana - CE;2023;4169.0;3115.0;3115.0;0.0;17387.0;14029.0;37213.0;6345.0;78986.0;both;Jaguaruana - CE;665090.0;;;;both
2307007;Jaguaruana - CE;2024;4077.0;3250.0;3250.0;0.0;18823.0;15234.0;40567.0;7396.0;84564.0;both;;;;;;left_only
2307106;Jardim - CE;2003;18922.0;8172.0;8172.0;0.0;12943.0;1644.0;1962.0;4787.0;86257.0;both;Jardim - CE;49140.0;47443.0;13238.0;27.9;both
2307106;Jardim - CE;2004;11994.0;6319.0;6319.0;0.0;13202.0;1690.0;2019.0;4920.0;88272.0;both;Jardim - CE;50487.0;48433.0;11448.0;23.64;both
2307106;Jardim - CE;2005;12734.0;2408.0;2408.0;0.0;13684.0;1758.0;2100.0;5114.0;91299.0;both;Jardim - CE;58767.0;56518.0;12257.0;21.69;both
2307106;Jardim - CE;2006;20301.0;5778.0;5778.0;0.0;14358.0;1846.0;2195.0;5298.0;95716.0;both;Jardim - CE;72907.0;70283.0;18705.0;26.61;both
2307106;Jardim - CE;2007;15744.0;6408.0;6408.0;0.0;14991.0;1931.0;2287.0;5485.0;99937.0;both;Jardim - CE;75527.0;73042.0;18452.0;25.26;both
2307106;Jardim - CE;2008;20856.0;6503.0;6503.0;0.0;15652.0;2020.0;2383.0;8781.0;104344.0;both;Jardim - CE;93463.0;90542.0;25351.0;28.0;both
2307106;Jardim - CE;2009;19177.0;6684.0;6684.0;0.0;16186.0;2093.0;2459.0;8999.0;107902.0;both;Jardim - CE;96525.0;93685.0;22134.0;23.63;both
2307106;Jardim - CE;2010;11882.0;5404.0;5404.0;0.0;16688.0;2166.0;2507.0;9254.0;112049.0;both;Jardim - CE;107867.0;104027.0;18185.0;17.48;both
2307106;Jardim - CE;2011;15264.0;6209.0;6209.0;0.0;17205.0;2242.0;2556.0;9516.0;116355.0;both;Jardim - CE;119976.0;116166.0;28303.0;24.36;both
2307106;Jardim - CE;2012;2518.0;6813.0;603.0;0.9114927344782034;13290.0;2320.0;2606.0;9786.0;120826.0;both;Jardim - CE;123441.0;118362.0;13929.0;11.77;both
2307106;Jardim - CE;2013;3816.0;3285.0;3285.0;0.0;12691.0;2420.0;2696.0;8893.0;121223.0;both;Jardim - CE;146767.0;141521.0;27354.0;19.33;both
2307106;Jardim - CE;2014;9269.0;4818.0;4818.0;0.0;12709.0;2284.0;3142.0;7717.0;113949.0;both;Jardim - CE;178308.0;172571.0;34921.0;20.24;both
2307106;Jardim - CE;2015;2452.0;4282.0;4282.0;0.0;13233.0;1853.0;3740.0;6191.0;114506.0;both;Jardim - CE;174486.0;167526.0;20039.0;11.96;both
2307106;Jardim - CE;2016;855.0;3052.0;3052.0;0.0;11910.0;2050.0;4150.0;5600.0;97340.0;both;Jardim - CE;177567.0;170469.0;20214.0;11.86;both
2307106;Jardim - CE;2017;812.0;2694.0;2694.0;0.0;8000.0;901.0;3960.0;3010.0;163500.0;both;Jardim - CE;194304.0;186658.0;24296.0;13.02;both
2307106;Jardim - CE;2018;5542.0;4557.0;4557.0;0.0;12000.0;1010.0;4300.0;3255.0;180000.0;both;Jardim - CE;210872.0;203765.0;38092.0;18.69;both
2307106;Jardim - CE;2019;2049.0;2337.0;2337.0;0.0;12100.0;1100.0;4500.0;2604.0;183600.0;both;Jardim - CE;230862.0;221668.0;38185.0;17.23;both
2307106;Jardim - CE;2020;6984.0;2444.0;2444.0;0.0;15100.0;1300.0;5000.0;2700.0;190000.0;both;Jardim - CE;260704.0;251493.0;51955.0;20.66;both
2307106;Jardim - CE;2021;8052.0;3142.0;3142.0;0.0;14900.0;1340.0;5080.0;2750.0;200000.0;both;Jardim - CE;294154.0;281657.0;67180.0;23.85;both
2307106;Jardim - CE;2022;5808.0;4070.0;4070.0;0.0;15040.0;1359.0;5154.0;2832.0;218000.0;both;Jardim - CE;310208.0;;;;both
2307106;Jardim - CE;2023;5059.0;4847.0;4847.0;0.0;15223.0;1375.0;5254.0;2900.0;188524.0;both;Jardim - CE;369628.0;;;;both
2307106;Jardim - CE;2024;8426.0;4007.0;4007.0;0.0;15984.0;1402.0;5430.0;3042.0;189550.0;both;;;;;;left_only
2307205;Jati - CE;2003;4653.0;4366.0;4366.0;0.0;4951.0;773.0;802.0;1352.0;17246.0;both;Jati - CE;14826.0;14381.0;4027.0;28.0;both
2307205;Jati - CE;2004;2118.0;4112.0;4112.0;0.0;5045.0;787.0;832.0;1400.0;17797.0;both;Jati - CE;13718.0;13168.0;2444.0;18.56;both
2307205;Jati - CE;2005;2210.0;2799.0;2799.0;0.0;5204.0;811.0;869.0;1449.0;18467.0;both;Jati - CE;16539.0;15859.0;2921.0;18.42;both
2307205;Jati - CE;2006;6155.0;3751.0;3751.0;0.0;5367.0;851.0;891.0;1480.0;19165.0;both;Jati - CE;21053.0;20312.0;5347.0;26.33;both
2307205;Jati - CE;2007;2349.0;4176.0;4176.0;0.0;5539.0;887.0;912.0;1512.0;18904.0;both;Jati - CE;20458.0;19727.0;3795.0;19.24;both
2307205;Jati - CE;2008;6439.0;4548.0;4548.0;0.0;5738.0;926.0;941.0;1554.0;20778.0;both;Jati - CE;26971.0;26178.0;8556.0;32.68;both
2307205;Jati - CE;2009;7263.0;4729.0;4729.0;0.0;5887.0;948.0;952.0;1582.0;21484.0;both;Jati - CE;29357.0;28264.0;8446.0;29.88;both
2307205;Jati - CE;2010;1239.0;2873.0;2873.0;0.0;6069.0;981.0;971.0;1625.0;22308.0;both;Jati - CE;28975.0;27591.0;4424.0;16.04;both
2307205;Jati - CE;2011;4289.0;3475.0;3475.0;0.0;6257.0;1015.0;990.0;1670.0;23163.0;both;Jati - CE;38678.0;36503.0;7166.0;19.63;both
2307205;Jati - CE;2012;534.0;2926.0;2926.0;0.0;6890.0;1051.0;1022.0;1716.0;24051.0;both;Jati - CE;34018.0;32289.0;3508.0;10.87;both
2307205;Jati - CE;2013;432.0;1292.0;1292.0;0.0;6053.0;1150.0;1120.0;1551.0;24190.0;both;Jati - CE;41041.0;37977.0;3573.0;9.41;both
2307205;Jati - CE;2014;5161.0;2110.0;2110.0;0.0;5933.0;990.0;1145.0;1393.0;25157.0;both;Jati - CE;66419.0;60453.0;10765.0;17.81;both
2307205;Jati - CE;2015;195.0;285.0;285.0;0.0;6056.0;894.0;1315.0;1351.0;25566.0;both;Jati - CE;75985.0;66617.0;4706.0;7.06;both
2307205;Jati - CE;2016;188.0;987.0;987.0;0.0;5468.0;802.0;1564.0;1313.0;23009.0;both;Jati - CE;79408.0;67846.0;4552.0;6.71;both
2307205;Jati - CE;2017;1439.0;1759.0;1759.0;0.0;3300.0;1170.0;1003.0;1200.0;5850.0;both;Jati - CE;90501.0;78069.0;5048.0;6.47;both
2307205;Jati - CE;2018;2861.0;2256.0;2256.0;0.0;5000.0;1200.0;1150.0;1000.0;6000.0;both;Jati - CE;94140.0;84276.0;6704.0;7.95;both
2307205;Jati - CE;2019;1613.0;1085.0;1085.0;0.0;7000.0;3000.0;2000.0;500.0;10000.0;both;Jati - CE;112635.0;100266.0;6576.0;6.56;both
2307205;Jati - CE;2020;4429.0;1808.0;1808.0;0.0;7070.0;3030.0;2200.0;630.0;10500.0;both;Jati - CE;119490.0;108522.0;12357.0;11.39;both
2307205;Jati - CE;2021;4008.0;1922.0;1922.0;0.0;7150.0;3100.0;2250.0;650.0;11000.0;both;Jati - CE;129729.0;115274.0;16466.0;14.28;both
2307205;Jati - CE;2022;2495.0;1902.0;1902.0;0.0;7746.0;3130.0;2270.0;670.0;11200.0;both;Jati - CE;140334.0;;;;both
2307205;Jati - CE;2023;1315.0;1175.0;1175.0;0.0;8084.0;2973.0;2497.0;703.0;11424.0;both;Jati - CE;129952.0;;;;both
2307205;Jati - CE;2024;2406.0;908.0;908.0;0.0;8407.0;3270.0;2546.0;773.0;12566.0;both;;;;;;left_only
2307254;Jijoca de Jericoacoara - CE;2003;12864.0;7478.0;7478.0;0.0;1386.0;1258.0;1826.0;3402.0;23509.0;both;Jijoca de Jericoacoara - CE;26760.0;25483.0;2806.0;11.01;both
2307254;Jijoca de Jericoacoara - CE;2004;11102.0;7264.0;7264.0;0.0;1199.0;1296.0;2282.0;3316.0;23904.0;both;Jijoca de Jericoacoara - CE;32565.0;30809.0;3312.0;10.75;both
2307254;Jijoca de Jericoacoara - CE;2005;9438.0;6770.0;6770.0;0.0;1210.0;1348.0;2385.0;3363.0;24183.0;both;Jijoca de Jericoacoara - CE;38866.0;36623.0;2861.0;7.81;both
2307254;Jijoca de Jericoacoara - CE;2006;11144.0;6605.0;6605.0;0.0;1220.0;1375.0;2456.0;3378.0;24466.0;both;Jijoca de Jericoacoara - CE;46439.0;43872.0;3644.0;8.31;both
2307254;Jijoca de Jericoacoara - CE;2007;5043.0;6358.0;6358.0;0.0;1232.0;1396.0;2493.0;3310.0;23982.0;both;Jijoca de Jericoacoara - CE;51895.0;49323.0;2748.0;5.57;both
2307254;Jijoca de Jericoacoara - CE;2008;10953.0;6690.0;6690.0;0.0;1263.0;1452.0;2615.0;3357.0;24501.0;both;Jijoca de Jericoacoara - CE;62698.0;59605.0;4212.0;7.07;both
2307254;Jijoca de Jericoacoara - CE;2009;5890.0;7055.0;6715.0;0.048192771084337394;1232.0;1520.0;2740.0;3373.0;24993.0;both;Jijoca de Jericoacoara - CE;71878.0;68412.0;3560.0;5.2;both
2307254;Jijoca de Jericoacoara - CE;2010;5619.0;6528.0;6528.0;0.0;1228.0;1578.0;2864.0;3350.0;25084.0;both;Jijoca de Jericoacoara - CE;96137.0;90475.0;3671.0;4.06;both
2307254;Jijoca de Jericoacoara - CE;2011;8441.0;6910.0;6910.0;0.0;1232.0;1642.0;2978.0;3409.0;25840.0;both;Jijoca de Jericoacoara - CE;108570.0;102168.0;6311.0;6.18;both
2307254;Jijoca de Jericoacoara - CE;2012;6524.0;6650.0;6650.0;0.0;1741.0;1695.0;3125.0;3270.0;24468.0;both;Jijoca de Jericoacoara - CE;124122.0;116548.0;4839.0;4.15;both
2307254;Jijoca de Jericoacoara - CE;2013;490.0;5352.0;5352.0;0.0;1420.0;1745.0;3220.0;3091.0;24545.0;both;Jijoca de Jericoacoara - CE;138753.0;130874.0;4088.0;3.12;both
2307254;Jijoca de Jericoacoara - CE;2014;5837.0;6038.0;6038.0;0.0;1421.0;1780.0;3285.0;2934.0;25036.0;both;Jijoca de Jericoacoara - CE;185465.0;174891.0;5581.0;3.19;both
2307254;Jijoca de Jericoacoara - CE;2015;3134.0;4968.0;4968.0;0.0;1208.0;1727.0;3186.0;2347.0;23784.0;both;Jijoca de Jericoacoara - CE;216640.0;202884.0;5416.0;2.67;both
2307254;Jijoca de Jericoacoara - CE;2016;2789.0;5307.0;5307.0;0.0;1074.0;1730.0;3188.0;2338.0;23785.0;both;Jijoca de Jericoacoara - CE;268007.0;248481.0;4722.0;1.9;both
2307254;Jijoca de Jericoacoara - CE;2017;7594.0;5622.0;5622.0;0.0;1072.0;1695.0;3162.0;2350.0;23790.0;both;Jijoca de Jericoacoara - CE;310187.0;287857.0;9235.0;3.21;both
2307254;Jijoca de Jericoacoara - CE;2018;7767.0;5872.0;5872.0;0.0;1116.0;1356.0;2372.0;2800.0;23082.0;both;Jijoca de Jericoacoara - CE;383001.0;356520.0;6430.0;1.8;both
2307254;Jijoca de Jericoacoara - CE;2019;9626.0;5966.0;5872.0;0.015755950385517914;1127.0;1342.0;2348.0;2856.0;22620.0;both;Jijoca de Jericoacoara - CE;493501.0;458733.0;5735.0;1.25;both
2307254;Jijoca de Jericoacoara - CE;2020;9230.0;5913.0;5913.0;0.0;1121.0;1335.0;2336.0;2870.0;22846.0;both;Jijoca de Jericoacoara - CE;379029.0;351346.0;7406.0;2.11;both
2307254;Jijoca de Jericoacoara - CE;2021;7073.0;6266.0;6266.0;0.0;729.0;1268.0;2453.0;2726.0;23074.0;both;Jijoca de Jericoacoara - CE;551638.0;504031.0;9075.0;1.8;both
2307254;Jijoca de Jericoacoara - CE;2022;8581.0;6288.0;6288.0;0.0;693.0;1243.0;2429.0;2862.0;22843.0;both;Jijoca de Jericoacoara - CE;696532.0;;;;both
2307254;Jijoca de Jericoacoara - CE;2023;6141.0;6001.0;6001.0;0.0;763.0;1224.0;2405.0;2905.0;22614.0;both;Jijoca de Jericoacoara - CE;711193.0;;;;both
2307254;Jijoca de Jericoacoara - CE;2024;3952.0;6271.0;6271.0;0.0;760.0;1195.0;2369.0;2934.0;22387.0;both;;;;;;left_only
2307304;Juazeiro do Norte - CE;2003;5920.0;1659.0;1659.0;0.0;7700.0;388.0;1863.0;474.0;77824.0;both;Juazeiro do Norte - CE;720985.0;631502.0;6463.0;1.02;both
2307304;Juazeiro do Norte - CE;2004;5065.0;2548.0;2465.0;0.03257456828885397;7777.0;392.0;1904.0;482.0;79657.0;both;Juazeiro do Norte - CE;812130.0;713174.0;6912.0;0.97;both
2307304;Juazeiro do Norte - CE;2005;1852.0;1158.0;1158.0;0.0;8144.0;410.0;1980.0;505.0;83562.0;both;Juazeiro do Norte - CE;907642.0;808630.0;6799.0;0.84;both
2307304;Juazeiro do Norte - CE;2006;2820.0;1326.0;1326.0;0.0;8545.0;430.0;2070.0;523.0;87649.0;both;Juazeiro do Norte - CE;1116498.0;988587.0;9077.0;0.92;both
2307304;Juazeiro do Norte - CE;2007;1890.0;1926.0;1926.0;0.0;8921.0;449.0;2164.0;541.0;91716.0;both;Juazeiro do Norte - CE;1246312.0;1118209.0;8938.0;0.8;both
2307304;Juazeiro do Norte - CE;2008;3113.0;2022.0;2022.0;0.0;9224.0;465.0;2240.0;555.0;95054.0;both;Juazeiro do Norte - CE;1423758.0;1273914.0;11933.0;0.94;both
2307304;Juazeiro do Norte - CE;2009;2994.0;1957.0;1957.0;0.0;9445.0;476.0;2296.0;564.0;97563.0;both;Juazeiro do Norte - CE;1649601.0;1485444.0;11244.0;0.76;both
2307304;Juazeiro do Norte - CE;2010;1364.0;2132.0;2132.0;0.0;9738.0;500.0;2350.0;584.0;102010.0;both;Juazeiro do Norte - CE;2151335.0;1922091.0;9783.0;0.51;both
2307304;Juazeiro do Norte - CE;2011;3238.0;2280.0;2280.0;0.0;10040.0;548.0;2405.0;604.0;106661.0;both;Juazeiro do Norte - CE;2475504.0;2210242.0;12982.0;0.59;both
2307304;Juazeiro do Norte - CE;2012;1080.0;1588.0;1588.0;0.0;14693.0;583.0;2606.0;625.0;111523.0;both;Juazeiro do Norte - CE;2829796.0;2511496.0;10814.0;0.43;both
2307304;Juazeiro do Norte - CE;2013;1341.0;1342.0;1342.0;0.0;14284.0;657.0;2696.0;566.0;111893.0;both;Juazeiro do Norte - CE;3232446.0;2865169.0;13717.0;0.48;both
2307304;Juazeiro do Norte - CE;2014;3791.0;1304.0;1304.0;0.0;13133.0;721.0;3062.0;636.0;123647.0;both;Juazeiro do Norte - CE;3819082.0;3416392.0;18927.0;0.55;both
2307304;Juazeiro do Norte - CE;2015;1186.0;1294.0;1294.0;0.0;13052.0;926.0;3950.0;1021.0;123804.0;both;Juazeiro do Norte - CE;3921616.0;3517213.0;14571.0;0.41;both
2307304;Juazeiro do Norte - CE;2016;963.0;1222.0;1222.0;0.0;11230.0;853.0;3182.0;1102.0;121432.0;both;Juazeiro do Norte - CE;4183987.0;3745117.0;16227.0;0.43;both
2307304;Juazeiro do Norte - CE;2017;2258.0;1389.0;1389.0;0.0;11130.0;831.0;2853.0;1550.0;24300.0;both;Juazeiro do Norte - CE;4428414.0;3963877.0;19701.0;0.5;both
2307304;Juazeiro do Norte - CE;2018;2566.0;1312.0;1312.0;0.0;11000.0;850.0;2880.0;1650.0;24600.0;both;Juazeiro do Norte - CE;4815935.0;4297340.0;22467.0;0.52;both
2307304;Juazeiro do Norte - CE;2019;2355.0;1326.0;1326.0;0.0;12000.0;900.0;2930.0;2000.0;24970.0;both;Juazeiro do Norte - CE;4868984.0;4344281.0;23300.0;0.54;both
2307304;Juazeiro do Norte - CE;2020;2933.0;1334.0;1334.0;0.0;12120.0;910.0;2960.0;2020.0;25220.0;both;Juazeiro do Norte - CE;4827915.0;4336412.0;30386.0;0.7;both
2307304;Juazeiro do Norte - CE;2021;2351.0;1336.0;1336.0;0.0;11265.0;928.0;3037.0;2060.0;25851.0;both;Juazeiro do Norte - CE;5114786.0;4492875.0;31925.0;0.71;both
2307304;Juazeiro do Norte - CE;2022;2138.0;1273.0;1273.0;0.0;11920.0;952.0;3130.0;2140.0;26105.0;both;Juazeiro do Norte - CE;5783730.0;;;;both
2307304;Juazeiro do Norte - CE;2023;1217.0;1287.0;1287.0;0.0;12320.0;898.0;3110.0;2172.0;24000.0;both;Juazeiro do Norte - CE;6457543.0;;;;both
2307304;Juazeiro do Norte - CE;2024;2166.0;1280.0;1280.0;0.0;12800.0;1032.0;3576.0;2345.0;26678.0;both;;;;;;left_only
2307403;Jucás - CE;2003;8748.0;6361.0;6361.0;0.0;14860.0;2380.0;4590.0;5868.0;50085.0;both;Jucás - CE;42964.0;41272.0;9715.0;23.54;both
2307403;Jucás - CE;2004;8035.0;5734.0;5242.0;0.08580397628182768;15098.0;2350.0;4600.0;5910.0;50326.0;both;Jucás - CE;47075.0;44968.0;8977.0;19.96;both
2307403;Jucás - CE;2005;1850.0;4268.0;4268.0;0.0;15100.0;2205.0;4500.0;5851.0;49318.0;both;Jucás - CE;47354.0;44873.0;5645.0;12.58;both
2307403;Jucás - CE;2006;6354.0;4709.0;4709.0;0.0;15251.0;2190.0;4520.0;5791.0;48943.0;both;Jucás - CE;55609.0;52911.0;8278.0;15.65;both
2307403;Jucás - CE;2007;3668.0;5752.0;5752.0;0.0;15950.0;2168.0;4474.0;5501.0;46495.0;both;Jucás - CE;62640.0;59671.0;8256.0;13.84;both
2307403;Jucás - CE;2008;5833.0;5730.0;5730.0;0.0;15997.0;2146.0;4429.0;5225.0;44170.0;both;Jucás - CE;73313.0;69908.0;10403.0;14.88;both
2307403;Jucás - CE;2009;6045.0;5884.0;5884.0;0.0;16156.0;2124.0;4384.0;4963.0;41961.0;both;Jucás - CE;92863.0;89165.0;9767.0;10.95;both
2307403;Jucás - CE;2010;3284.0;5063.0;5063.0;0.0;20951.0;2102.0;4341.0;4915.0;41542.0;both;Jucás - CE;103169.0;97929.0;10021.0;10.23;both
2307403;Jucás - CE;2011;7760.0;5853.0;5853.0;0.0;24566.0;2100.0;4338.0;4921.0;41333.0;both;Jucás - CE;121840.0;115830.0;14802.0;12.78;both
2307403;Jucás - CE;2012;2612.0;5820.0;5818.0;0.0003436426116838476;28824.0;2058.0;4121.0;4823.0;40507.0;both;Jucás - CE;117542.0;110766.0;12031.0;10.86;both
2307403;Jucás - CE;2013;1796.0;2296.0;2294.0;0.0008710801393728707;28675.0;1852.0;3709.0;4100.0;34430.0;both;Jucás - CE;140205.0;132554.0;10518.0;7.93;both
2307403;Jucás - CE;2014;9049.0;5897.0;5897.0;0.0;29456.0;2120.0;6475.0;4100.0;34500.0;both;Jucás - CE;176396.0;167855.0;25423.0;15.15;both
2307403;Jucás - CE;2015;1892.0;4714.0;4712.0;0.00042426813746287984;29174.0;2226.0;6799.0;3075.0;36175.0;both;Jucás - CE;172725.0;162313.0;15484.0;9.54;both
2307403;Jucás - CE;2016;1128.0;3638.0;3638.0;0.0;28024.0;2430.0;7516.0;4683.0;35451.0;both;Jucás - CE;176488.0;164584.0;16492.0;10.02;both
2307403;Jucás - CE;2017;1435.0;3454.0;3454.0;0.0;23000.0;1775.0;5389.0;3000.0;33674.0;both;Jucás - CE;187388.0;174307.0;19809.0;11.36;both
2307403;Jucás - CE;2018;5370.0;4019.0;4019.0;0.0;24150.0;1863.0;5658.0;2970.0;37041.0;both;Jucás - CE;225459.0;211284.0;29931.0;14.17;both
2307403;Jucás - CE;2019;2416.0;2925.0;2925.0;0.0;30600.0;2000.0;5800.0;5000.0;40000.0;both;Jucás - CE;244408.0;224543.0;23985.0;10.68;both
2307403;Jucás - CE;2020;8645.0;5009.0;5007.0;0.0003992812936713941;31000.0;2200.0;6000.0;5100.0;40500.0;both;Jucás - CE;275713.0;257795.0;43010.0;16.68;both
2307403;Jucás - CE;2021;5337.0;5248.0;5248.0;0.0;33976.0;2250.0;9200.0;5600.0;48000.0;both;Jucás - CE;319373.0;297962.0;54654.0;18.34;both
2307403;Jucás - CE;2022;4399.0;5628.0;5628.0;0.0;35675.0;2750.0;9380.0;5040.0;48960.0;both;Jucás - CE;347057.0;;;;both
2307403;Jucás - CE;2023;5643.0;5603.0;5603.0;0.0;43634.0;2909.0;9568.0;4551.0;46658.0;both;Jucás - CE;390390.0;;;;both
2307403;Jucás - CE;2024;5708.0;4831.0;4831.0;0.0;46208.0;2769.0;8630.0;4096.0;48104.0;both;;;;;;left_only
2307502;Lavras da Mangabeira - CE;2003;18083.0;8687.0;8687.0;0.0;25297.0;1867.0;6837.0;8000.0;91639.0;both;Lavras da Mangabeira - CE;60854.0;59056.0;17976.0;30.44;both
2307502;Lavras da Mangabeira - CE;2004;11023.0;5063.0;4297.0;0.15129369938771475;26308.0;1979.0;7247.0;8329.0;94735.0;both;Lavras da Mangabeira - CE;57507.0;55274.0;11271.0;20.39;both
2307502;Lavras da Mangabeira - CE;2005;10302.0;6638.0;6638.0;0.0;27097.0;2077.0;7609.0;8589.0;96989.0;both;Lavras da Mangabeira - CE;64756.0;62163.0;12335.0;19.84;both
2307502;Lavras da Mangabeira - CE;2006;15824.0;7621.0;7621.0;0.0;27909.0;2181.0;7967.0;8851.0;99300.0;both;Lavras da Mangabeira - CE;80229.0;77411.0;20447.0;26.41;both
2307502;Lavras da Mangabeira - CE;2007;11151.0;7822.0;7822.0;0.0;28467.0;2290.0;8285.0;9038.0;100675.0;both;Lavras da Mangabeira - CE;81262.0;78448.0;15453.0;19.7;both
2307502;Lavras da Mangabeira - CE;2008;10868.0;7936.0;3380.0;0.5740927419354839;29036.0;2382.0;8616.0;9231.0;102072.0;both;Lavras da Mangabeira - CE;90999.0;87901.0;15924.0;18.12;both
2307502;Lavras da Mangabeira - CE;2009;13382.0;7896.0;7896.0;0.0;29616.0;2465.0;8917.0;9406.0;103291.0;both;Lavras da Mangabeira - CE;103512.0;100436.0;19743.0;19.66;both
2307502;Lavras da Mangabeira - CE;2010;8244.0;4925.0;4925.0;0.0;28727.0;2514.0;9095.0;9541.0;104324.0;both;Lavras da Mangabeira - CE;111666.0;106294.0;13865.0;13.04;both
2307502;Lavras da Mangabeira - CE;2011;12553.0;4983.0;4983.0;0.0;28871.0;2552.0;9231.0;9658.0;105200.0;both;Lavras da Mangabeira - CE;133456.0;128374.0;22343.0;17.4;both
2307502;Lavras da Mangabeira - CE;2012;8578.0;5275.0;5275.0;0.0;29448.0;2526.0;9046.0;9478.0;104674.0;both;Lavras da Mangabeira - CE;136970.0;131351.0;18309.0;13.94;both
2307502;Lavras da Mangabeira - CE;2013;6080.0;1764.0;1764.0;0.0;27976.0;2485.0;8995.0;9383.0;103627.0;both;Lavras da Mangabeira - CE;157668.0;151406.0;17180.0;11.35;both
2307502;Lavras da Mangabeira - CE;2014;9456.0;2614.0;2614.0;0.0;27416.0;2535.0;9265.0;9477.0;105700.0;both;Lavras da Mangabeira - CE;190143.0;183743.0;23209.0;12.63;both
2307502;Lavras da Mangabeira - CE;2015;7065.0;3553.0;3553.0;0.0;26594.0;2586.0;9543.0;9572.0;107814.0;both;Lavras da Mangabeira - CE;232094.0;220688.0;35576.0;16.12;both
2307502;Lavras da Mangabeira - CE;2016;4140.0;3399.0;3399.0;0.0;25796.0;2715.0;10115.0;9763.0;109970.0;both;Lavras da Mangabeira - CE;219964.0;210089.0;27168.0;12.93;both
2307502;Lavras da Mangabeira - CE;2017;11817.0;4020.0;4020.0;0.0;24764.0;2851.0;10924.0;9860.0;111070.0;both;Lavras da Mangabeira - CE;249151.0;238574.0;43572.0;18.26;both
2307502;Lavras da Mangabeira - CE;2018;14360.0;4355.0;4355.0;0.0;24882.0;3651.0;11470.0;10150.0;105516.0;both;Lavras da Mangabeira - CE;260743.0;250142.0;48893.0;19.55;both
2307502;Lavras da Mangabeira - CE;2019;14368.0;3522.0;3522.0;0.0;25600.0;6500.0;12100.0;10657.0;110792.0;both;Lavras da Mangabeira - CE;272567.0;259627.0;38956.0;15.0;both
2307502;Lavras da Mangabeira - CE;2020;16886.0;3692.0;3692.0;0.0;25700.0;7000.0;12400.0;11000.0;124087.0;both;Lavras da Mangabeira - CE;285660.0;272621.0;47721.0;17.5;both
2307502;Lavras da Mangabeira - CE;2021;16141.0;3766.0;3766.0;0.0;25900.0;7200.0;12500.0;11300.0;124800.0;both;Lavras da Mangabeira - CE;343304.0;328423.0;89546.0;27.27;both
2307502;Lavras da Mangabeira - CE;2022;14619.0;3939.0;3939.0;0.0;26000.0;7333.0;12725.0;11526.0;127296.0;both;Lavras da Mangabeira - CE;390628.0;;;;both
2307502;Lavras da Mangabeira - CE;2023;13496.0;4103.0;4103.0;0.0;27735.0;7406.0;12852.0;11774.0;129841.0;both;Lavras da Mangabeira - CE;445000.0;;;;both
2307502;Lavras da Mangabeira - CE;2024;12198.0;4160.0;4160.0;0.0;29120.0;7750.0;13495.0;15000.0;142825.0;both;;;;;;left_only
2307601;Limoeiro do Norte - CE;2003;33524.0;6070.0;6070.0;0.0;16071.0;5400.0;13970.0;4006.0;35795.0;both;Limoeiro do Norte - CE;212958.0;198201.0;60148.0;30.35;both
2307601;Limoeiro do Norte - CE;2004;29345.0;5627.0;5627.0;0.0;16076.0;5475.0;14210.0;4085.0;35090.0;both;Limoeiro do Norte - CE;243220.0;225561.0;65569.0;29.07;both
2307601;Limoeiro do Norte - CE;2005;35565.0;6475.0;6475.0;0.0;16156.0;5585.0;14636.0;4185.0;35804.0;both;Limoeiro do Norte - CE;262062.0;241576.0;64054.0;26.52;both
2307601;Limoeiro do Norte - CE;2006;40012.0;6580.0;6580.0;0.0;19321.0;5641.0;14856.0;4266.0;36350.0;both;Limoeiro do Norte - CE;321847.0;299478.0;90342.0;30.17;both
2307601;Limoeiro do Norte - CE;2007;41062.0;6661.0;6661.0;0.0;19027.0;5690.0;15000.0;4838.0;24419.0;both;Limoeiro do Norte - CE;337324.0;314952.0;88868.0;28.22;both
2307601;Limoeiro do Norte - CE;2008;34324.0;5060.0;4950.0;0.021739130434782594;19503.0;5775.0;15300.0;4884.0;24849.0;both;Limoeiro do Norte - CE;400853.0;373589.0;96371.0;25.8;both
2307601;Limoeiro do Norte - CE;2009;41656.0;6985.0;6985.0;0.0;20576.0;5833.0;15455.0;4975.0;25167.0;both;Limoeiro do Norte - CE;407333.0;382185.0;103531.0;27.09;both
2307601;Limoeiro do Norte - CE;2010;51341.0;7156.0;7156.0;0.0;22634.0;5891.0;15610.0;4875.0;24915.0;both;Limoeiro do Norte - CE;505778.0;473249.0;139056.0;29.38;both
2307601;Limoeiro do Norte - CE;2011;56281.0;8067.0;8067.0;0.0;23992.0;5915.0;15641.0;4890.0;25164.0;both;Limoeiro do Norte - CE;537356.0;503746.0;138014.0;27.4;both
2307601;Limoeiro do Norte - CE;2012;55513.0;7198.0;6568.0;0.08752431230897473;28700.0;5868.0;15453.0;4860.0;24836.0;both;Limoeiro do Norte - CE;575849.0;532262.0;135786.0;25.51;both
2307601;Limoeiro do Norte - CE;2013;50708.0;7912.0;7882.0;0.0037917087967643814;32890.0;5809.0;15221.0;4836.0;24587.0;both;Limoeiro do Norte - CE;782694.0;734417.0;250180.0;34.07;both
2307601;Limoeiro do Norte - CE;2014;83851.0;9051.0;7551.0;0.1657275439177991;29812.0;8746.0;25207.0;12159.0;28275.0;both;Limoeiro do Norte - CE;809847.0;756789.0;211283.0;27.92;both
2307601;Limoeiro do Norte - CE;2015;49394.0;10524.0;10524.0;0.0;28275.0;9545.0;26603.0;12712.0;28300.0;both;Limoeiro do Norte - CE;817926.0;756074.0;196463.0;25.98;both
2307601;Limoeiro do Norte - CE;2016;89760.0;6765.0;5757.0;0.14900221729490026;27680.0;9600.0;25900.0;11660.0;28250.0;both;Limoeiro do Norte - CE;924249.0;859256.0;277600.0;32.31;both
2307601;Limoeiro do Norte - CE;2017;62118.0;7712.0;7712.0;0.0;24912.0;9760.0;29881.0;11777.0;28377.0;both;Limoeiro do Norte - CE;916986.0;848058.0;227127.0;26.78;both
2307601;Limoeiro do Norte - CE;2018;74414.0;12991.0;12991.0;0.0;26300.0;10150.0;29850.0;16480.0;29512.0;both;Limoeiro do Norte - CE;949609.0;872718.0;216006.0;24.75;both
2307601;Limoeiro do Norte - CE;2019;62243.0;7769.0;7769.0;0.0;27970.0;10500.0;29750.0;17800.0;30692.0;both;Limoeiro do Norte - CE;1046182.0;955494.0;250247.0;26.19;both
2307601;Limoeiro do Norte - CE;2020;59112.0;8284.0;8284.0;0.0;29927.0;10815.0;30048.0;18690.0;31919.0;both;Limoeiro do Norte - CE;1226770.0;1115479.0;302410.0;27.11;both
2307601;Limoeiro do Norte - CE;2021;61000.0;6693.0;6693.0;0.0;34416.0;10977.0;30649.0;19064.0;32238.0;both;Limoeiro do Norte - CE;1423366.0;1254617.0;329454.0;26.26;both
2307601;Limoeiro do Norte - CE;2022;61106.0;7478.0;7428.0;0.006686279753944868;34760.0;10647.0;30036.0;19400.0;32560.0;both;Limoeiro do Norte - CE;1651936.0;;;;both
2307601;Limoeiro do Norte - CE;2023;64991.0;6920.0;6920.0;0.0;30041.0;10602.0;30608.0;19185.0;34188.0;both;Limoeiro do Norte - CE;1854065.0;;;;both
2307601;Limoeiro do Norte - CE;2024;86138.0;5484.0;5484.0;0.0;30191.0;10708.0;30914.0;18993.0;35897.0;both;;;;;;left_only
2307635;Madalena - CE;2003;17548.0;12701.0;12701.0;0.0;18392.0;4736.0;12130.0;6530.0;61569.0;both;Madalena - CE;37698.0;36882.0;16732.0;45.37;both
2307635;Madalena - CE;2004;4644.0;9303.0;9303.0;0.0;14308.0;4878.0;12493.0;6850.0;64144.0;both;Madalena - CE;34465.0;33346.0;10873.0;32.61;both
2307635;Madalena - CE;2005;3247.0;12320.0;12320.0;0.0;14522.0;4999.0;12867.0;6960.0;65809.0;both;Madalena - CE;39664.0;37263.0;10618.0;28.49;both
2307635;Madalena - CE;2006;12087.0;10256.0;10256.0;0.0;14812.0;5149.0;13253.0;7238.0;68572.0;both;Madalena - CE;52181.0;50622.0;17934.0;35.43;both
2307635;Madalena - CE;2007;5426.0;8418.0;8418.0;0.0;15108.0;5251.0;13518.0;7382.0;69942.0;both;Madalena - CE;50159.0;48715.0;11857.0;24.34;both
2307635;Madalena - CE;2008;13260.0;10852.0;10852.0;0.0;15334.0;5330.0;13720.0;7457.0;71551.0;both;Madalena - CE;68429.0;66705.0;22428.0;33.62;both
2307635;Madalena - CE;2009;6897.0;10571.0;10571.0;0.0;15533.0;5421.0;13940.0;7546.0;72754.0;both;Madalena - CE;63573.0;61920.0;13860.0;22.38;both
2307635;Madalena - CE;2010;6919.0;12555.0;12555.0;0.0;15843.0;5583.0;14358.0;7783.0;74496.0;both;Madalena - CE;74830.0;72319.0;14688.0;20.31;both
2307635;Madalena - CE;2011;14350.0;12697.0;12697.0;0.0;16277.0;5721.0;14744.0;7964.0;77740.0;both;Madalena - CE;93310.0;90590.0;26407.0;29.15;both
2307635;Madalena - CE;2012;5400.0;9131.0;9131.0;0.0;14974.0;5434.0;13564.0;7547.0;72925.0;both;Madalena - CE;86303.0;83113.0;14092.0;16.95;both
2307635;Madalena - CE;2013;936.0;4262.0;2237.0;0.4751290473955889;15054.0;5379.0;13428.0;6906.0;71467.0;both;Madalena - CE;90255.0;87201.0;15787.0;18.1;both
2307635;Madalena - CE;2014;2787.0;6767.0;6767.0;0.0;15279.0;5485.0;13790.0;6975.0;70752.0;both;Madalena - CE;113448.0;109970.0;19919.0;18.11;both
2307635;Madalena - CE;2015;2800.0;15926.0;15926.0;0.0;15584.0;5610.0;13850.0;6835.0;70812.0;both;Madalena - CE;126213.0;121734.0;22401.0;18.4;both
2307635;Madalena - CE;2016;1359.0;7053.0;7053.0;0.0;14480.0;5390.0;13700.0;6790.0;70690.0;both;Madalena - CE;127340.0;122466.0;20413.0;16.67;both
2307635;Madalena - CE;2017;9492.0;9633.0;9633.0;0.0;16604.0;3880.0;18689.0;2417.0;28145.0;both;Madalena - CE;139510.0;134657.0;23846.0;17.71;both
2307635;Madalena - CE;2018;3849.0;9506.0;9506.0;0.0;17434.0;4039.0;19526.0;2447.0;28495.0;both;Madalena - CE;131492.0;126586.0;15269.0;12.06;both
2307635;Madalena - CE;2019;4307.0;11055.0;11055.0;0.0;16884.0;3974.0;19067.0;2354.0;28203.0;both;Madalena - CE;141443.0;135407.0;16039.0;11.85;both
2307635;Madalena - CE;2020;4888.0;11685.0;11685.0;0.0;16478.0;3900.0;18779.0;2283.0;27356.0;both;Madalena - CE;161611.0;154107.0;19187.0;12.45;both
2307635;Madalena - CE;2021;2511.0;7999.0;7999.0;0.0;15574.0;3818.0;19474.0;2231.0;26617.0;both;Madalena - CE;174831.0;165666.0;21177.0;12.78;both
2307635;Madalena - CE;2022;9672.0;8941.0;8941.0;0.0;14605.0;3612.0;19321.0;2302.0;25817.0;both;Madalena - CE;208238.0;;;;both
2307635;Madalena - CE;2023;5485.0;8040.0;8040.0;0.0;13874.0;2709.0;14490.0;2071.0;23235.0;both;Madalena - CE;215696.0;;;;both
2307635;Madalena - CE;2024;10328.0;13847.0;13847.0;0.0;13527.0;2628.0;14287.0;2142.0;23625.0;both;;;;;;left_only
2307650;Maracanaú - CE;2003;21784.0;936.0;936.0;0.0;1432.0;249.0;143.0;5612.0;42450.0;both;Maracanaú - CE;1802231.0;1471364.0;2545.0;0.17;both
2307650;Maracanaú - CE;2004;23640.0;736.0;736.0;0.0;1455.0;253.0;145.0;5536.0;43009.0;both;Maracanaú - CE;2152460.0;1811440.0;3125.0;0.17;both
2307650;Maracanaú - CE;2005;17249.0;623.0;623.0;0.0;1405.0;243.0;138.0;5646.0;48140.0;both;Maracanaú - CE;2319339.0;1965577.0;3256.0;0.17;both
2307650;Maracanaú - CE;2006;17739.0;665.0;665.0;0.0;1450.0;246.0;142.0;5794.0;48687.0;both;Maracanaú - CE;2411696.0;1986692.0;3862.0;0.19;both
2307650;Maracanaú - CE;2007;22478.0;790.0;790.0;0.0;1488.0;268.0;148.0;5937.0;50808.0;both;Maracanaú - CE;2748986.0;2290859.0;4259.0;0.19;both
2307650;Maracanaú - CE;2008;22785.0;806.0;806.0;0.0;1520.0;291.0;155.0;5756.0;50943.0;both;Maracanaú - CE;3387386.0;2833565.0;4794.0;0.17;both
2307650;Maracanaú - CE;2009;20541.0;752.0;752.0;0.0;1592.0;289.0;173.0;3466.0;54973.0;both;Maracanaú - CE;3702590.0;3071015.0;3848.0;0.13;both
2307650;Maracanaú - CE;2010;20606.0;800.0;800.0;0.0;1512.0;297.0;176.0;3589.0;58256.0;both;Maracanaú - CE;4499790.0;3646296.0;3841.0;0.11;both
2307650;Maracanaú - CE;2011;815.0;383.0;383.0;0.0;1501.0;301.0;178.0;3530.0;59228.0;both;Maracanaú - CE;5005885.0;4066919.0;3869.0;0.1;both
2307650;Maracanaú - CE;2012;366.0;330.0;330.0;0.0;1553.0;330.0;190.0;3651.0;61055.0;both;Maracanaú - CE;5321236.0;4241273.0;3243.0;0.08;both
2307650;Maracanaú - CE;2013;197.0;306.0;305.0;0.0032679738562091387;2596.0;305.0;175.0;3383.0;56504.0;both;Maracanaú - CE;6291122.0;5046288.0;4551.0;0.09;both
2307650;Maracanaú - CE;2014;319.0;303.0;303.0;0.0;2517.0;299.0;166.0;3289.0;56889.0;both;Maracanaú - CE;7029386.0;5700938.0;5571.0;0.1;both
2307650;Maracanaú - CE;2015;199.0;341.0;338.0;0.008797653958944274;2633.0;295.0;163.0;3301.0;56233.0;both;Maracanaú - CE;7896114.0;6404481.0;5137.0;0.08;both
2307650;Maracanaú - CE;2016;228.0;342.0;339.0;0.00877192982456143;2257.0;915.0;557.0;2739.0;48965.0;both;Maracanaú - CE;8100726.0;6584975.0;6910.0;0.1;both
2307650;Maracanaú - CE;2017;975.0;361.0;361.0;0.0;2189.0;939.0;1097.0;2923.0;605900.0;both;Maracanaú - CE;8540212.0;6927887.0;14062.0;0.2;both
2307650;Maracanaú - CE;2018;434.0;261.0;261.0;0.0;1987.0;923.0;911.0;2150.0;619521.0;both;Maracanaú - CE;10330813.0;8433683.0;16571.0;0.2;both
2307650;Maracanaú - CE;2019;1355.0;442.0;442.0;0.0;2041.0;951.0;935.0;2210.0;637815.0;both;Maracanaú - CE;9746884.0;7903761.0;19878.0;0.25;both
2307650;Maracanaú - CE;2020;1800.0;519.0;519.0;0.0;1623.0;987.0;918.0;2187.0;659897.0;both;Maracanaú - CE;10031432.0;8093497.0;20848.0;0.26;both
2307650;Maracanaú - CE;2021;889.0;203.0;203.0;0.0;1470.0;1026.0;953.0;2248.0;674100.0;both;Maracanaú - CE;12336717.0;9676491.0;19854.0;0.21;both
2307650;Maracanaú - CE;2022;851.0;167.0;167.0;0.0;1337.0;1044.0;970.0;2306.0;698100.0;both;Maracanaú - CE;14004934.0;;;;both
2307650;Maracanaú - CE;2023;647.0;163.0;163.0;0.0;1294.0;894.0;870.0;11936.0;628100.0;both;Maracanaú - CE;13540094.0;;;;both
2307650;Maracanaú - CE;2024;432.0;189.0;189.0;0.0;1320.0;849.0;865.0;12533.0;640662.0;both;;;;;;left_only
2307700;Maranguape - CE;2003;27327.0;6231.0;6231.0;0.0;18215.0;822.0;3585.0;6266.0;467560.0;both;Maranguape - CE;300638.0;260310.0;21971.0;8.44;both
2307700;Maranguape - CE;2004;29861.0;6086.0;6086.0;0.0;17978.0;830.0;3621.0;6324.0;472236.0;both;Maranguape - CE;394789.0;345230.0;26260.0;7.61;both
2307700;Maranguape - CE;2005;22495.0;5373.0;5373.0;0.0;18335.0;865.0;4021.0;6508.0;564491.0;both;Maranguape - CE;496794.0;438735.0;24808.0;5.65;both
2307700;Maranguape - CE;2006;25089.0;5496.0;5496.0;0.0;18761.0;891.0;4198.0;6806.0;481951.0;both;Maranguape - CE;562958.0;495032.0;28586.0;5.77;both
2307700;Maranguape - CE;2007;30128.0;7509.0;7509.0;0.0;20103.0;912.0;4221.0;7110.0;619457.0;both;Maranguape - CE;629053.0;547216.0;27615.0;5.05;both
2307700;Maranguape - CE;2008;37190.0;7246.0;7246.0;0.0;21032.0;948.0;4388.0;7309.0;632637.0;both;Maranguape - CE;726042.0;630164.0;32398.0;5.14;both
2307700;Maranguape - CE;2009;35027.0;7195.0;7195.0;0.0;17656.0;1018.0;4422.0;4037.0;644724.0;both;Maranguape - CE;719003.0;626329.0;32861.0;5.25;both
2307700;Maranguape - CE;2010;34405.0;7567.0;7567.0;0.0;18186.0;1055.0;4570.0;4171.0;663972.0;both;Maranguape - CE;820090.0;706679.0;37104.0;5.25;both
2307700;Maranguape - CE;2011;40969.0;8197.0;8197.0;0.0;18000.0;1100.0;4600.0;4013.0;683982.0;both;Maranguape - CE;865979.0;748616.0;44153.0;5.9;both
2307700;Maranguape - CE;2012;10209.0;5375.0;5375.0;0.0;16500.0;1210.0;4720.0;4195.0;710581.0;both;Maranguape - CE;913070.0;787239.0;29419.0;3.74;both
2307700;Maranguape - CE;2013;9341.0;4888.0;4117.0;0.15773322422258595;18999.0;1310.0;5147.0;3965.0;651052.0;both;Maranguape - CE;944514.0;812679.0;30703.0;3.78;both
2307700;Maranguape - CE;2014;4304.0;3967.0;3967.0;0.0;20332.0;1335.0;5255.0;3699.0;672085.0;both;Maranguape - CE;1059587.0;926607.0;39080.0;4.22;both
2307700;Maranguape - CE;2015;5003.0;4234.0;4234.0;0.0;20307.0;1345.0;5356.0;3712.0;673515.0;both;Maranguape - CE;1140316.0;995580.0;39480.0;3.97;both
2307700;Maranguape - CE;2016;2989.0;3000.0;3000.0;0.0;18672.0;5353.0;18542.0;53825.0;674098.0;both;Maranguape - CE;1259097.0;1104761.0;42921.0;3.89;both
2307700;Maranguape - CE;2017;8172.0;3982.0;3982.0;0.0;18315.0;5609.0;18890.0;35180.0;898256.0;both;Maranguape - CE;1368102.0;1191640.0;54361.0;4.56;both
2307700;Maranguape - CE;2018;7013.0;4421.0;4421.0;0.0;18515.0;5935.0;18715.0;36200.0;926551.0;both;Maranguape - CE;1495052.0;1309813.0;58995.0;4.5;both
2307700;Maranguape - CE;2019;6862.0;3006.0;3006.0;0.0;18997.0;5998.0;19115.0;37081.0;951992.0;both;Maranguape - CE;1534351.0;1346464.0;50265.0;3.73;both
2307700;Maranguape - CE;2020;6643.0;1804.0;1804.0;0.0;17477.0;5676.0;18088.0;36098.0;876098.0;both;Maranguape - CE;1504587.0;1311859.0;60372.0;4.6;both
2307700;Maranguape - CE;2021;5074.0;1800.0;1800.0;0.0;16079.0;5835.0;18580.0;14659.0;900400.0;both;Maranguape - CE;1649528.0;1411529.0;64265.0;4.55;both
2307700;Maranguape - CE;2022;4973.0;1630.0;1630.0;0.0;15171.0;5975.0;18831.0;15157.0;919758.0;both;Maranguape - CE;1793354.0;;;;both
2307700;Maranguape - CE;2023;5696.0;1665.0;1665.0;0.0;14955.0;5730.0;17930.0;14343.0;879758.0;both;Maranguape - CE;2011194.0;;;;both
2307700;Maranguape - CE;2024;5705.0;1510.0;1510.0;0.0;15852.0;5444.0;21697.0;15055.0;1139455.0;both;;;;;;left_only
2307809;Marco - CE;2003;19073.0;11494.0;11494.0;0.0;9296.0;4078.0;5048.0;7725.0;25110.0;both;Marco - CE;53631.0;49698.0;7676.0;15.45;both
2307809;Marco - CE;2004;15483.0;11975.0;11975.0;0.0;9620.0;4180.0;5510.0;7373.0;25114.0;both;Marco - CE;60236.0;55426.0;7300.0;13.17;both
2307809;Marco - CE;2005;11758.0;11810.0;11810.0;0.0;9523.0;4348.0;5758.0;7446.0;25490.0;both;Marco - CE;66278.0;61045.0;6855.0;11.23;both
2307809;Marco - CE;2006;17823.0;11904.0;11904.0;0.0;9475.0;4392.0;5875.0;7402.0;25524.0;both;Marco - CE;72359.0;66341.0;7818.0;11.78;both
2307809;Marco - CE;2007;11080.0;11872.0;11872.0;0.0;9238.0;4436.0;5935.0;7218.0;25663.0;both;Marco - CE;82849.0;76120.0;7256.0;9.53;both
2307809;Marco - CE;2008;16778.0;12373.0;12373.0;0.0;9148.0;4592.0;6215.0;7109.0;25859.0;both;Marco - CE;100376.0;92055.0;8432.0;9.16;both
2307809;Marco - CE;2009;12370.0;13114.0;12334.0;0.05947842000915049;8775.0;4775.0;6476.0;7292.0;26576.0;both;Marco - CE;102219.0;93737.0;7568.0;8.07;both
2307809;Marco - CE;2010;8715.0;13278.0;13278.0;0.0;8730.0;5012.0;6787.0;7045.0;26640.0;both;Marco - CE;149580.0;135929.0;6922.0;5.09;both
2307809;Marco - CE;2011;19162.0;13591.0;13591.0;0.0;8752.0;5215.0;7058.0;7215.0;91890.0;both;Marco - CE;160880.0;146409.0;11889.0;8.12;both
2307809;Marco - CE;2012;13637.0;14882.0;14882.0;0.0;10890.0;5375.0;7270.0;6588.0;93267.0;both;Marco - CE;196904.0;179146.0;14115.0;7.88;both
2307809;Marco - CE;2013;8250.0;13283.0;13283.0;0.0;11216.0;5402.0;7420.0;6615.0;93265.0;both;Marco - CE;207680.0;189145.0;12034.0;6.36;both
2307809;Marco - CE;2014;14028.0;12797.0;12797.0;0.0;10277.0;5429.0;7460.0;6285.0;93731.0;both;Marco - CE;248602.0;226451.0;11277.0;4.98;both
2307809;Marco - CE;2015;10119.0;12535.0;12535.0;0.0;9723.0;5158.0;7087.0;4714.0;92794.0;both;Marco - CE;261287.0;236178.0;13487.0;5.71;both
2307809;Marco - CE;2016;12430.0;12438.0;12438.0;0.0;9786.0;5313.0;7193.0;4809.0;94549.0;both;Marco - CE;272481.0;245928.0;12043.0;4.9;both
2307809;Marco - CE;2017;15251.0;13066.0;13066.0;0.0;9711.0;5271.0;7083.0;4851.0;94831.0;both;Marco - CE;312089.0;277782.0;14163.0;5.1;both
2307809;Marco - CE;2018;20777.0;12507.0;12507.0;0.0;7283.0;3425.0;4250.0;3882.0;85348.0;both;Marco - CE;321070.0;285672.0;16389.0;5.74;both
2307809;Marco - CE;2019;15512.0;11265.0;11265.0;0.0;7920.0;3600.0;4550.0;3795.0;87550.0;both;Marco - CE;333499.0;291074.0;15613.0;5.36;both
2307809;Marco - CE;2020;12685.0;11085.0;11085.0;0.0;7480.0;3470.0;4380.0;3975.0;90150.0;both;Marco - CE;346445.0;310985.0;20359.0;6.55;both
2307809;Marco - CE;2021;12224.0;11250.0;11250.0;0.0;7260.0;3120.0;4120.0;3590.0;85560.0;both;Marco - CE;390969.0;345809.0;25369.0;7.34;both
2307809;Marco - CE;2022;14186.0;11324.0;11324.0;0.0;6888.0;2874.0;3899.0;3970.0;88786.0;both;Marco - CE;410771.0;;;;both
2307809;Marco - CE;2023;11872.0;11388.0;11388.0;0.0;6755.0;2556.0;3584.0;4015.0;89842.0;both;Marco - CE;453537.0;;;;both
2307809;Marco - CE;2024;15356.0;11374.0;11374.0;0.0;5957.0;2329.0;3256.0;3533.0;91638.0;both;;;;;;left_only
2307908;Martinópole - CE;2003;1803.0;3434.0;3434.0;0.0;2468.0;2581.0;1803.0;2418.0;7190.0;both;Martinópole - CE;13772.0;13344.0;1313.0;9.84;both
2307908;Martinópole - CE;2004;1757.0;3444.0;3444.0;0.0;2505.0;2687.0;1895.0;2456.0;7334.0;both;Martinópole - CE;14865.0;14357.0;1339.0;9.33;both
2307908;Martinópole - CE;2005;1505.0;3800.0;3800.0;0.0;2551.0;2727.0;1931.0;2479.0;7411.0;both;Martinópole - CE;16782.0;16165.0;1617.0;10.0;both
2307908;Martinópole - CE;2006;1865.0;4007.0;4007.0;0.0;2583.0;2735.0;1947.0;2478.0;7438.0;both;Martinópole - CE;18765.0;18109.0;1705.0;9.42;both
2307908;Martinópole - CE;2007;1847.0;4018.0;4018.0;0.0;2609.0;2738.0;1951.0;2489.0;7471.0;both;Martinópole - CE;19395.0;18671.0;1796.0;9.62;both
2307908;Martinópole - CE;2008;1773.0;4004.0;4004.0;0.0;2646.0;2756.0;2048.0;2645.0;7460.0;both;Martinópole - CE;25202.0;24263.0;2233.0;9.2;both
2307908;Martinópole - CE;2009;1517.0;4056.0;4056.0;0.0;2492.0;4833.0;2068.0;4494.0;7609.0;both;Martinópole - CE;28292.0;27464.0;2085.0;7.59;both
2307908;Martinópole - CE;2010;1405.0;4856.0;4856.0;0.0;2566.0;5074.0;2171.0;4584.0;7990.0;both;Martinópole - CE;32796.0;31652.0;1933.0;6.11;both
2307908;Martinópole - CE;2011;6569.0;5236.0;5236.0;0.0;2617.0;5124.0;2279.0;4781.0;7974.0;both;Martinópole - CE;37011.0;35757.0;4465.0;12.49;both
2307908;Martinópole - CE;2012;2578.0;6236.0;6236.0;0.0;2538.0;5021.0;2233.0;4533.0;7893.0;both;Martinópole - CE;35652.0;34401.0;3579.0;10.4;both
2307908;Martinópole - CE;2013;4548.0;6208.0;6208.0;0.0;2682.0;5378.0;2096.0;4845.0;8290.0;both;Martinópole - CE;49960.0;48069.0;4234.0;8.81;both
2307908;Martinópole - CE;2014;5064.0;5832.0;5832.0;0.0;2810.0;5592.0;2050.0;5076.0;8157.0;both;Martinópole - CE;56520.0;54935.0;5105.0;9.29;both
2307908;Martinópole - CE;2015;5255.0;5755.0;5755.0;0.0;3320.0;8200.0;4110.0;7500.0;10000.0;both;Martinópole - CE;62843.0;60742.0;5090.0;8.38;both
2307908;Martinópole - CE;2016;6050.0;5601.0;5601.0;0.0;2915.0;6853.0;1780.0;6405.0;9500.0;both;Martinópole - CE;70372.0;68023.0;7680.0;11.29;both
2307908;Martinópole - CE;2017;4995.0;5332.0;5332.0;0.0;3123.0;7324.0;1762.0;6846.0;10549.0;both;Martinópole - CE;77394.0;74723.0;7505.0;10.04;both
2307908;Martinópole - CE;2018;4934.0;5546.0;5546.0;0.0;2342.0;6446.0;2114.0;7668.0;11076.0;both;Martinópole - CE;77764.0;74856.0;6732.0;8.99;both
2307908;Martinópole - CE;2019;4505.0;5597.0;5597.0;0.0;2108.0;5157.0;2325.0;6134.0;8861.0;both;Martinópole - CE;80276.0;77108.0;4840.0;6.28;both
2307908;Martinópole - CE;2020;5483.0;5634.0;5634.0;0.0;2000.0;4899.0;2208.0;5520.0;8418.0;both;Martinópole - CE;89836.0;86579.0;6788.0;7.84;both
2307908;Martinópole - CE;2021;5084.0;5655.0;5655.0;0.0;2200.0;2500.0;1200.0;3864.0;6061.0;both;Martinópole - CE;96327.0;92290.0;7437.0;8.06;both
2307908;Martinópole - CE;2022;5539.0;5655.0;5655.0;0.0;2368.0;2455.0;1140.0;4440.0;5758.0;both;Martinópole - CE;109552.0;;;;both
2307908;Martinópole - CE;2023;5466.0;5616.0;5616.0;0.0;2178.0;2309.0;1023.0;4415.0;5498.0;both;Martinópole - CE;125472.0;;;;both
2307908;Martinópole - CE;2024;5568.0;5621.0;5621.0;0.0;2090.0;2078.0;1043.0;3973.0;5334.0;both;;;;;;left_only
2308005;Massapê - CE;2003;18598.0;10270.0;10270.0;0.0;9268.0;3285.0;3466.0;16323.0;163821.0;both;Massapê - CE;58481.0;55999.0;14663.0;26.18;both
2308005;Massapê - CE;2004;17335.0;12156.0;12156.0;0.0;9550.0;3680.0;3820.0;16878.0;168400.0;both;Massapê - CE;60925.0;58401.0;11210.0;19.19;both
2308005;Massapê - CE;2005;21050.0;10391.0;10391.0;0.0;9646.0;3735.0;3886.0;17217.0;169554.0;both;Massapê - CE;66048.0;63363.0;11814.0;18.64;both
2308005;Massapê - CE;2006;21890.0;10242.0;10242.0;0.0;9680.0;3788.0;3921.0;17338.0;170171.0;both;Massapê - CE;73514.0;70623.0;12069.0;17.09;both
2308005;Massapê - CE;2007;21495.0;10264.0;10264.0;0.0;9702.0;3810.0;3967.0;17439.0;170441.0;both;Massapê - CE;82844.0;79544.0;11720.0;14.73;both
2308005;Massapê - CE;2008;19720.0;10034.0;10034.0;0.0;9726.0;3890.0;4026.0;17606.0;168060.0;both;Massapê - CE;98982.0;94831.0;13036.0;13.75;both
2308005;Massapê - CE;2009;13484.0;10214.0;10214.0;0.0;7803.0;3966.0;4103.0;17431.0;169957.0;both;Massapê - CE;107516.0;103421.0;11524.0;11.14;both
2308005;Massapê - CE;2010;7848.0;7484.0;7484.0;0.0;7935.0;3871.0;4173.0;17601.0;174254.0;both;Massapê - CE;120691.0;115365.0;10630.0;9.21;both
2308005;Massapê - CE;2011;19669.0;7772.0;7772.0;0.0;8077.0;3879.0;4239.0;17777.0;178842.0;both;Massapê - CE;137364.0;131895.0;15863.0;12.03;both
2308005;Massapê - CE;2012;13146.0;7389.0;7389.0;0.0;9611.0;4500.0;4535.0;16850.0;179170.0;both;Massapê - CE;143290.0;136944.0;13520.0;9.87;both
2308005;Massapê - CE;2013;4624.0;5699.0;5699.0;0.0;10757.0;4871.0;4952.0;18218.0;168204.0;both;Massapê - CE;165867.0;159486.0;12573.0;7.88;both
2308005;Massapê - CE;2014;2945.0;5265.0;5265.0;0.0;11403.0;5112.0;5192.0;19038.0;193434.0;both;Massapê - CE;196023.0;188106.0;12201.0;6.49;both
2308005;Massapê - CE;2015;1612.0;5256.0;5256.0;0.0;10833.0;5500.0;4900.0;22000.0;80000.0;both;Massapê - CE;207039.0;196889.0;13088.0;6.65;both
2308005;Massapê - CE;2016;1135.0;4677.0;4677.0;0.0;9245.0;7505.0;6458.0;25500.0;221000.0;both;Massapê - CE;227628.0;216335.0;13516.0;6.25;both
2308005;Massapê - CE;2017;2115.0;5053.0;5051.0;0.0003958044725905774;9707.0;7350.0;6250.0;27790.0;229870.0;both;Massapê - CE;255896.0;243852.0;15990.0;6.56;both
2308005;Massapê - CE;2018;2689.0;4184.0;4184.0;0.0;10871.0;6982.0;6875.0;30569.0;275584.0;both;Massapê - CE;278607.0;265858.0;20012.0;7.53;both
2308005;Massapê - CE;2019;2274.0;4092.0;4092.0;0.0;8696.0;6633.0;7219.0;33626.0;358259.0;both;Massapê - CE;295095.0;279646.0;17357.0;6.21;both
2308005;Massapê - CE;2020;1696.0;3898.0;3898.0;0.0;8480.0;6458.0;6995.0;37000.0;365424.0;both;Massapê - CE;320552.0;305041.0;24533.0;8.04;both
2308005;Massapê - CE;2021;2316.0;3905.0;3905.0;0.0;8000.0;6558.0;7095.0;38000.0;365524.0;both;Massapê - CE;378718.0;358131.0;27082.0;7.56;both
2308005;Massapê - CE;2022;2153.0;3914.0;3914.0;0.0;7892.0;6886.0;6771.0;41700.0;356030.0;both;Massapê - CE;441702.0;;;;both
2308005;Massapê - CE;2023;2156.0;3784.0;3784.0;0.0;7790.0;6550.0;6678.0;42120.0;352230.0;both;Massapê - CE;483230.0;;;;both
2308005;Massapê - CE;2024;2354.0;3782.0;3782.0;0.0;7735.0;5936.0;5953.0;43379.0;288470.0;both;;;;;;left_only
2308104;Mauriti - CE;2003;44192.0;35348.0;35348.0;0.0;26246.0;3399.0;5428.0;9801.0;141573.0;both;Mauriti - CE;93763.0;89965.0;31954.0;35.52;both
2308104;Mauriti - CE;2004;34761.0;32666.0;30750.0;0.058654258250168345;26876.0;3463.0;5612.0;10072.0;144679.0;both;Mauriti - CE;95093.0;90488.0;27753.0;30.67;both
2308104;Mauriti - CE;2005;20755.0;25318.0;25318.0;0.0;27830.0;3600.0;5865.0;10400.0;149478.0;both;Mauriti - CE;96297.0;91300.0;21355.0;23.39;both
2308104;Mauriti - CE;2006;72641.0;33958.0;33958.0;0.0;29200.0;3780.0;6131.0;10774.0;156669.0;both;Mauriti - CE;139054.0;133601.0;50138.0;37.53;both
2308104;Mauriti - CE;2007;71320.0;36253.0;36253.0;0.0;30467.0;3936.0;6389.0;11148.0;163469.0;both;Mauriti - CE;151529.0;146326.0;54455.0;37.21;both
2308104;Mauriti - CE;2008;57393.0;37637.0;37637.0;0.0;31686.0;4093.0;6645.0;11497.0;170008.0;both;Mauriti - CE;183292.0;177010.0;63346.0;35.79;both
2308104;Mauriti - CE;2009;69081.0;38830.0;38830.0;0.0;32320.0;4175.0;6778.0;11627.0;173408.0;both;Mauriti - CE;196029.0;189759.0;67382.0;35.51;both
2308104;Mauriti - CE;2010;18769.0;27116.0;27116.0;0.0;33322.0;4321.0;6910.0;11952.0;180041.0;both;Mauriti - CE;187164.0;179429.0;41520.0;23.14;both
2308104;Mauriti - CE;2011;58415.0;30784.0;30784.0;0.0;34355.0;4472.0;7045.0;12286.0;186928.0;both;Mauriti - CE;286138.0;275957.0;76347.0;27.67;both
2308104;Mauriti - CE;2012;18314.0;22188.0;22188.0;0.0;35364.0;4629.0;7182.0;12629.0;194078.0;both;Mauriti - CE;249374.0;237705.0;49914.0;21.0;both
2308104;Mauriti - CE;2013;8996.0;8624.0;8624.0;0.0;33160.0;4517.0;7198.0;11452.0;195230.0;both;Mauriti - CE;251363.0;238617.0;37595.0;15.76;both
2308104;Mauriti - CE;2014;15575.0;6320.0;6320.0;0.0;33171.0;4381.0;7054.0;11108.0;206943.0;both;Mauriti - CE;316347.0;297836.0;55207.0;18.54;both
2308104;Mauriti - CE;2015;5222.0;10184.0;10184.0;0.0;33432.0;5641.0;9874.0;10146.0;207345.0;both;Mauriti - CE;316619.0;292888.0;32970.0;11.26;both
2308104;Mauriti - CE;2016;7458.0;12080.0;12080.0;0.0;33054.0;5620.0;9792.0;10132.0;154250.0;both;Mauriti - CE;336676.0;315121.0;47122.0;14.95;both
2308104;Mauriti - CE;2017;19842.0;19698.0;19698.0;0.0;32600.0;5700.0;9400.0;6400.0;228000.0;both;Mauriti - CE;371102.0;352460.0;76230.0;21.63;both
2308104;Mauriti - CE;2018;42133.0;20429.0;20429.0;0.0;32000.0;5740.0;9450.0;6408.0;230000.0;both;Mauriti - CE;411896.0;394440.0;102997.0;26.11;both
2308104;Mauriti - CE;2019;18350.0;12628.0;12628.0;0.0;35000.0;5900.0;11800.0;7010.0;268000.0;both;Mauriti - CE;420912.0;399723.0;87231.0;21.82;both
2308104;Mauriti - CE;2020;34006.0;12330.0;12330.0;0.0;40300.0;6300.0;12500.0;7600.0;290000.0;both;Mauriti - CE;474650.0;452306.0;115787.0;25.6;both
2308104;Mauriti - CE;2021;23236.0;15844.0;15844.0;0.0;45000.0;6500.0;13250.0;7720.0;310000.0;both;Mauriti - CE;517496.0;490672.0;128284.0;26.14;both
2308104;Mauriti - CE;2022;60346.0;20748.0;20748.0;0.0;45900.0;6630.0;13515.0;7874.0;319000.0;both;Mauriti - CE;640789.0;;;;both
2308104;Mauriti - CE;2023;36434.0;22778.0;22778.0;0.0;46139.0;6205.0;13785.0;7992.0;469270.0;both;Mauriti - CE;707667.0;;;;both
2308104;Mauriti - CE;2024;26761.0;14958.0;14958.0;0.0;48445.0;6329.0;14060.0;8791.0;526821.0;both;;;;;;left_only
2308203;Meruoca - CE;2003;15263.0;4504.0;4504.0;0.0;1435.0;473.0;53.0;1356.0;25829.0;both;Meruoca - CE;22485.0;21889.0;5535.0;25.29;both
2308203;Meruoca - CE;2004;15003.0;4540.0;4540.0;0.0;1452.0;470.0;51.0;1397.0;25700.0;both;Meruoca - CE;24373.0;23523.0;5242.0;22.28;both
2308203;Meruoca - CE;2005;14997.0;3980.0;3980.0;0.0;1470.0;476.0;60.0;1473.0;25518.0;both;Meruoca - CE;25386.0;24386.0;4709.0;19.31;both
2308203;Meruoca - CE;2006;14516.0;3995.0;3995.0;0.0;1482.0;481.0;65.0;1532.0;25585.0;both;Meruoca - CE;28971.0;27939.0;5344.0;19.13;both
2308203;Meruoca - CE;2007;15194.0;4090.0;4090.0;0.0;1480.0;478.0;59.0;1530.0;25646.0;both;Meruoca - CE;31850.0;30863.0;4771.0;15.46;both
2308203;Meruoca - CE;2008;15696.0;4109.0;4109.0;0.0;1484.0;480.0;63.0;1532.0;25617.0;both;Meruoca - CE;36338.0;35272.0;5473.0;15.52;both
2308203;Meruoca - CE;2009;14053.0;4133.0;4075.0;0.014033389789499195;1492.0;498.0;67.0;1560.0;25927.0;both;Meruoca - CE;38599.0;37467.0;4723.0;12.6;both
2308203;Meruoca - CE;2010;14913.0;4634.0;4634.0;0.0;1640.0;507.0;77.0;1600.0;27809.0;both;Meruoca - CE;47779.0;45998.0;5659.0;12.3;both
2308203;Meruoca - CE;2011;16258.0;4477.0;4477.0;0.0;1247.0;539.0;84.0;1610.0;27566.0;both;Meruoca - CE;56522.0;54629.0;7562.0;13.84;both
2308203;Meruoca - CE;2012;15542.0;4188.0;4188.0;0.0;1376.0;510.0;75.0;1449.0;27014.0;both;Meruoca - CE;59196.0;57520.0;6977.0;12.13;both
2308203;Meruoca - CE;2013;14889.0;3703.0;3703.0;0.0;1227.0;462.0;79.0;1529.0;28432.0;both;Meruoca - CE;66688.0;64867.0;5972.0;9.21;both
2308203;Meruoca - CE;2014;848.0;745.0;745.0;0.0;1171.0;439.0;82.0;1496.0;29340.0;both;Meruoca - CE;72441.0;70079.0;3492.0;4.98;both
2308203;Meruoca - CE;2015;731.0;567.0;567.0;0.0;1181.0;467.0;79.0;1562.0;30770.0;both;Meruoca - CE;79926.0;77152.0;3558.0;4.61;both
2308203;Meruoca - CE;2016;1266.0;611.0;611.0;0.0;1204.0;420.0;67.0;1700.0;33847.0;both;Meruoca - CE;88144.0;84907.0;4857.0;5.72;both
2308203;Meruoca - CE;2017;1466.0;823.0;823.0;0.0;1300.0;450.0;81.0;1740.0;35000.0;both;Meruoca - CE;96490.0;92897.0;6201.0;6.67;both
2308203;Meruoca - CE;2018;1733.0;894.0;894.0;0.0;1345.0;467.0;390.0;1784.0;35945.0;both;Meruoca - CE;102225.0;98702.0;7179.0;7.27;both
2308203;Meruoca - CE;2019;1729.0;905.0;905.0;0.0;1278.0;421.0;359.0;1517.0;28756.0;both;Meruoca - CE;110791.0;106726.0;7457.0;6.99;both
2308203;Meruoca - CE;2020;1773.0;904.0;904.0;0.0;960.0;380.0;345.0;1365.0;27605.0;both;Meruoca - CE;122359.0;118053.0;8916.0;7.55;both
2308203;Meruoca - CE;2021;1754.0;905.0;905.0;0.0;680.0;340.0;305.0;1200.0;26600.0;both;Meruoca - CE;129293.0;124084.0;8694.0;7.01;both
2308203;Meruoca - CE;2022;1785.0;924.0;924.0;0.0;598.0;210.0;230.0;1260.0;23900.0;both;Meruoca - CE;143855.0;;;;both
2308203;Meruoca - CE;2023;1702.0;926.0;926.0;0.0;523.0;189.0;235.0;1415.0;22547.0;both;Meruoca - CE;166664.0;;;;both
2308203;Meruoca - CE;2024;1749.0;935.0;935.0;0.0;496.0;181.0;221.0;1281.0;22040.0;both;;;;;;left_only
2308302;Milagres - CE;2003;30838.0;24060.0;24060.0;0.0;13707.0;836.0;1815.0;3696.0;182006.0;both;Milagres - CE;69407.0;67186.0;20003.0;29.77;both
2308302;Milagres - CE;2004;10845.0;8365.0;8235.0;0.015540944411237323;13967.0;859.0;1886.0;3800.0;188049.0;both;Milagres - CE;55186.0;52538.0;9563.0;18.2;both
2308302;Milagres - CE;2005;7190.0;5850.0;5850.0;0.0;14393.0;889.0;1973.0;3950.0;195267.0;both;Milagres - CE;61899.0;58913.0;8016.0;13.61;both
2308302;Milagres - CE;2006;30675.0;15035.0;15035.0;0.0;14814.0;916.0;2023.0;4023.0;204787.0;both;Milagres - CE;81820.0;78564.0;20248.0;25.77;both
2308302;Milagres - CE;2007;9979.0;9380.0;9380.0;0.0;15141.0;937.0;2070.0;4071.0;213408.0;both;Milagres - CE;80504.0;77293.0;11930.0;15.43;both
2308302;Milagres - CE;2008;12623.0;9695.0;8070.0;0.16761217122227956;15459.0;956.0;2111.0;4116.0;222158.0;both;Milagres - CE;94739.0;90848.0;17648.0;19.43;both
2308302;Milagres - CE;2009;17204.0;10061.0;10061.0;0.0;15629.0;966.0;2132.0;4157.0;226824.0;both;Milagres - CE;109879.0;105842.0;20261.0;19.14;both
2308302;Milagres - CE;2010;6479.0;8080.0;8080.0;0.0;16113.0;1000.0;2174.0;4275.0;235598.0;both;Milagres - CE;121563.0;114623.0;14330.0;12.5;both
2308302;Milagres - CE;2011;17853.0;9336.0;9336.0;0.0;16613.0;1035.0;2216.0;4396.0;244711.0;both;Milagres - CE;142915.0;135595.0;24697.0;18.21;both
2308302;Milagres - CE;2012;3762.0;6586.0;6586.0;0.0;21644.0;1071.0;2326.0;4521.0;254176.0;both;Milagres - CE;139412.0;131714.0;13834.0;10.5;both
2308302;Milagres - CE;2013;5147.0;4083.0;4083.0;0.0;19098.0;1168.0;2397.0;4080.0;258803.0;both;Milagres - CE;160552.0;151467.0;16364.0;10.8;both
2308302;Milagres - CE;2014;7978.0;3842.0;3842.0;0.0;18566.0;1132.0;2301.0;3957.0;248450.0;both;Milagres - CE;196253.0;186143.0;23517.0;12.63;both
2308302;Milagres - CE;2015;2462.0;3351.0;3351.0;0.0;18912.0;1422.0;2714.0;4230.0;250332.0;both;Milagres - CE;192052.0;180163.0;16041.0;8.9;both
2308302;Milagres - CE;2016;2628.0;3049.0;3049.0;0.0;18320.0;1400.0;2400.0;4120.0;202035.0;both;Milagres - CE;199219.0;187906.0;18074.0;9.62;both
2308302;Milagres - CE;2017;8555.0;4296.0;4296.0;0.0;18170.0;700.0;1500.0;1200.0;65000.0;both;Milagres - CE;222861.0;211112.0;26464.0;12.54;both
2308302;Milagres - CE;2018;11232.0;4596.0;4596.0;0.0;18000.0;753.0;1800.0;1500.0;80000.0;both;Milagres - CE;231515.0;219190.0;28364.0;12.94;both
2308302;Milagres - CE;2019;3744.0;3047.0;3047.0;0.0;19000.0;800.0;1854.0;3000.0;81000.0;both;Milagres - CE;240821.0;226594.0;23031.0;10.16;both
2308302;Milagres - CE;2020;8039.0;2938.0;2938.0;0.0;19200.0;824.0;1900.0;3100.0;114100.0;both;Milagres - CE;276828.0;262842.0;33546.0;12.76;both
2308302;Milagres - CE;2021;5070.0;3094.0;3094.0;0.0;20700.0;849.0;1958.0;3200.0;121510.0;both;Milagres - CE;287223.0;268776.0;34876.0;12.98;both
2308302;Milagres - CE;2022;6807.0;3344.0;3344.0;0.0;20750.0;866.0;1998.0;4500.0;126370.0;both;Milagres - CE;317938.0;;;;both
2308302;Milagres - CE;2023;4985.0;3854.0;3854.0;0.0;20900.0;875.0;2040.0;4940.0;129297.0;both;Milagres - CE;335239.0;;;;both
2308302;Milagres - CE;2024;4411.0;3362.0;3362.0;0.0;21527.0;901.0;2101.0;5236.0;198006.0;both;;;;;;left_only
2308351;Milhã - CE;2003;5795.0;9575.0;9575.0;0.0;15400.0;2700.0;13630.0;3130.0;44670.0;both;Milhã - CE;27717.0;26912.0;10193.0;37.87;both
2308351;Milhã - CE;2004;2627.0;8171.0;8051.0;0.014686084934524501;16600.0;2930.0;14780.0;3220.0;46000.0;both;Milhã - CE;29276.0;28254.0;9830.0;34.79;both
2308351;Milhã - CE;2005;4734.0;6771.0;6771.0;0.0;17300.0;3070.0;15450.0;3260.0;46500.0;both;Milhã - CE;38797.0;37480.0;13592.0;36.26;both
2308351;Milhã - CE;2006;4957.0;7318.0;7318.0;0.0;17500.0;3130.0;15600.0;3190.0;46950.0;both;Milhã - CE;43363.0;41950.0;15185.0;36.2;both
2308351;Milhã - CE;2007;5174.0;11130.0;11127.0;0.00026954177897575704;18000.0;3220.0;16060.0;3260.0;47800.0;both;Milhã - CE;47179.0;45752.0;16492.0;36.05;both
2308351;Milhã - CE;2008;15242.0;11605.0;11605.0;0.0;18540.0;3350.0;16620.0;3000.0;46350.0;both;Milhã - CE;66263.0;64570.0;27660.0;42.84;both
2308351;Milhã - CE;2009;3263.0;10839.0;7864.0;0.2744718147430575;18750.0;3450.0;16980.0;2770.0;46000.0;both;Milhã - CE;55025.0;53445.0;14317.0;26.79;both
2308351;Milhã - CE;2010;2729.0;7655.0;7655.0;0.0;19400.0;3570.0;17560.0;2690.0;46750.0;both;Milhã - CE;61613.0;59155.0;14176.0;23.96;both
2308351;Milhã - CE;2011;8965.0;9297.0;9297.0;0.0;20020.0;3680.0;18170.0;2615.0;46250.0;both;Milhã - CE;81242.0;78776.0;28343.0;35.98;both
2308351;Milhã - CE;2012;505.0;2736.0;2719.0;0.006213450292397615;27800.0;3400.0;16900.0;2410.0;42700.0;both;Milhã - CE;70552.0;66972.0;12779.0;19.08;both
2308351;Milhã - CE;2013;1147.0;4876.0;4876.0;0.0;28150.0;3290.0;16393.0;2260.0;39284.0;both;Milhã - CE;75322.0;71600.0;14700.0;20.53;both
2308351;Milhã - CE;2014;1538.0;5013.0;5013.0;0.0;29260.0;3350.0;16500.0;2290.0;39300.0;both;Milhã - CE;90979.0;86398.0;16694.0;19.32;both
2308351;Milhã - CE;2015;714.0;6425.0;6422.0;0.00046692607003895326;26800.0;3100.0;15510.0;2105.0;36500.0;both;Milhã - CE;90187.0;85956.0;15819.0;18.4;both
2308351;Milhã - CE;2016;2015.0;6362.0;6360.0;0.0003143665513989369;26818.0;1430.0;14995.0;3938.0;39420.0;both;Milhã - CE;111637.0;106689.0;28894.0;27.08;both
2308351;Milhã - CE;2017;1943.0;6469.0;6469.0;0.0;25445.0;1599.0;13841.0;5431.0;43024.0;both;Milhã - CE;126516.0;120948.0;35907.0;29.69;both
2308351;Milhã - CE;2018;2396.0;9021.0;9021.0;0.0;28540.0;1852.0;15985.0;6258.0;48502.0;both;Milhã - CE;131295.0;125297.0;36785.0;29.36;both
2308351;Milhã - CE;2019;4999.0;8445.0;8445.0;0.0;29520.0;1956.0;16850.0;6750.0;50650.0;both;Milhã - CE;140528.0;133930.0;39662.0;29.61;both
2308351;Milhã - CE;2020;5785.0;6388.0;6388.0;0.0;30668.0;2005.0;17850.0;6845.0;52650.0;both;Milhã - CE;168456.0;162009.0;58801.0;36.3;both
2308351;Milhã - CE;2021;5358.0;6599.0;6599.0;0.0;32542.0;1998.0;18452.0;6952.0;53652.0;both;Milhã - CE;195290.0;187861.0;80564.0;42.88;both
2308351;Milhã - CE;2022;8485.0;6385.0;6385.0;0.0;35648.0;2210.0;19540.0;6850.0;54810.0;both;Milhã - CE;226109.0;;;;both
2308351;Milhã - CE;2023;4128.0;6021.0;5245.0;0.1288822454741737;34465.0;2399.0;20925.0;7323.0;55320.0;both;Milhã - CE;250241.0;;;;both
2308351;Milhã - CE;2024;3649.0;7861.0;7861.0;0.0;36323.0;2451.0;21548.0;7541.0;57412.0;both;;;;;;left_only
2308377;Miraíma - CE;2003;1631.0;3673.0;3673.0;0.0;13406.0;4516.0;10957.0;10841.0;30123.0;both;Miraíma - CE;17321.0;16979.0;4747.0;27.96;both
2308377;Miraíma - CE;2004;1088.0;3748.0;3748.0;0.0;9920.0;4630.0;11122.0;11954.0;30362.0;both;Miraíma - CE;19305.0;18844.0;4868.0;25.83;both
2308377;Miraíma - CE;2005;1312.0;3697.0;3697.0;0.0;10020.0;4820.0;11566.0;12018.0;30605.0;both;Miraíma - CE;21722.0;21166.0;5561.0;26.27;both
2308377;Miraíma - CE;2006;3298.0;3809.0;3809.0;0.0;10075.0;4945.0;11798.0;12052.0;30720.0;both;Miraíma - CE;24996.0;24376.0;6711.0;27.53;both
2308377;Miraíma - CE;2007;1049.0;3891.0;3891.0;0.0;9590.0;4953.0;11812.0;11616.0;31057.0;both;Miraíma - CE;27206.0;26509.0;7071.0;26.68;both
2308377;Miraíma - CE;2008;3084.0;3845.0;3845.0;0.0;9495.0;5181.0;12285.0;11465.0;31389.0;both;Miraíma - CE;36038.0;35231.0;10543.0;29.93;both
2308377;Miraíma - CE;2009;614.0;3847.0;3010.0;0.21757213413049126;9420.0;5362.0;12775.0;11558.0;32106.0;both;Miraíma - CE;39668.0;38851.0;8128.0;20.92;both
2308377;Miraíma - CE;2010;303.0;2510.0;2510.0;0.0;9468.0;5552.0;13340.0;7308.0;32462.0;both;Miraíma - CE;46417.0;44743.0;9195.0;20.55;both
2308377;Miraíma - CE;2011;1980.0;2828.0;2828.0;0.0;9515.0;5774.0;13874.0;7419.0;33436.0;both;Miraíma - CE;53170.0;51475.0;11609.0;22.55;both
2308377;Miraíma - CE;2012;332.0;2917.0;2916.0;0.0003428179636613127;8456.0;5485.0;12780.0;6562.0;30788.0;both;Miraíma - CE;58245.0;56502.0;10781.0;19.08;both
2308377;Miraíma - CE;2013;603.0;1933.0;1933.0;0.0;7695.0;5565.0;11502.0;6235.0;30720.0;both;Miraíma - CE;58155.0;56547.0;7454.0;13.18;both
2308377;Miraíma - CE;2014;67.0;1400.0;700.0;0.5;7081.0;5259.0;10927.0;3582.0;29184.0;both;Miraíma - CE;67366.0;65827.0;7344.0;11.16;both
2308377;Miraíma - CE;2015;509.0;1343.0;1342.0;0.0007446016381236209;6726.0;4996.0;10381.0;3045.0;28308.0;both;Miraíma - CE;73043.0;70988.0;9048.0;12.75;both
2308377;Miraíma - CE;2016;317.0;1511.0;1505.0;0.00397088021178027;7286.0;5120.0;10568.0;2995.0;25310.0;both;Miraíma - CE;77371.0;74745.0;8741.0;11.69;both
2308377;Miraíma - CE;2017;674.0;1622.0;1622.0;0.0;7298.0;5126.0;10560.0;2983.0;25280.0;both;Miraíma - CE;86790.0;83972.0;9379.0;11.17;both
2308377;Miraíma - CE;2018;863.0;1728.0;1728.0;0.0;7350.0;5520.0;8850.0;2460.0;18450.0;both;Miraíma - CE;86346.0;83481.0;9415.0;11.28;both
2308377;Miraíma - CE;2019;612.0;1710.0;1710.0;0.0;7500.0;5410.0;8762.0;2436.0;18357.0;both;Miraíma - CE;91734.0;89008.0;8633.0;9.7;both
2308377;Miraíma - CE;2020;516.0;1541.0;1541.0;0.0;7475.0;5383.0;8718.0;2429.0;18541.0;both;Miraíma - CE;100754.0;98089.0;10506.0;10.71;both
2308377;Miraíma - CE;2021;689.0;2008.0;2008.0;0.0;7849.0;5114.0;8282.0;2308.0;17614.0;both;Miraíma - CE;112599.0;108812.0;14084.0;12.94;both
2308377;Miraíma - CE;2022;873.0;2108.0;2106.0;0.000948766603415585;8005.0;5011.0;8116.0;2273.0;17261.0;both;Miraíma - CE;127318.0;;;;both
2308377;Miraíma - CE;2023;407.0;2414.0;1928.0;0.20132560066280036;8045.0;4911.0;7954.0;2227.0;17088.0;both;Miraíma - CE;141462.0;;;;both
2308377;Miraíma - CE;2024;620.0;2533.0;2533.0;0.0;8021.0;4818.0;7795.0;2182.0;16917.0;both;;;;;;left_only
2308401;Missão Velha - CE;2003;88307.0;10725.0;10725.0;0.0;15404.0;1590.0;1534.0;5467.0;78353.0;both;Missão Velha - CE;62613.0;59602.0;17133.0;28.75;both
2308401;Missão Velha - CE;2004;79109.0;10639.0;10283.0;0.03346179152175954;15620.0;1636.0;1563.0;5615.0;79315.0;both;Missão Velha - CE;62932.0;59269.0;13664.0;23.05;both
2308401;Missão Velha - CE;2005;60431.0;5066.0;5066.0;0.0;16018.0;1701.0;1602.0;5794.0;81759.0;both;Missão Velha - CE;72439.0;68361.0;14601.0;21.36;both
2308401;Missão Velha - CE;2006;74598.0;10740.0;10740.0;0.0;16873.0;1786.0;1675.0;6002.0;85701.0;both;Missão Velha - CE;118603.0;113819.0;37586.0;33.02;both
2308401;Missão Velha - CE;2007;49545.0;10608.0;10608.0;0.0;17210.0;1822.0;1709.0;6123.0;87415.0;both;Missão Velha - CE;125491.0;120601.0;32843.0;27.23;both
2308401;Missão Velha - CE;2008;49348.0;10981.0;8556.0;0.220835989436299;17382.0;1858.0;1743.0;6186.0;88897.0;both;Missão Velha - CE;152723.0;147143.0;42524.0;28.9;both
2308401;Missão Velha - CE;2009;59380.0;11160.0;11160.0;0.0;17556.0;1877.0;1760.0;6248.0;89728.0;both;Missão Velha - CE;185975.0;180595.0;51585.0;28.56;both
2308401;Missão Velha - CE;2010;50282.0;9076.0;9076.0;0.0;18141.0;1949.0;1797.0;6425.0;93252.0;both;Missão Velha - CE;165701.0;158023.0;35590.0;22.52;both
2308401;Missão Velha - CE;2011;55106.0;10669.0;10669.0;0.0;18745.0;2024.0;1835.0;6607.0;96914.0;both;Missão Velha - CE;211897.0;201475.0;43541.0;21.61;both
2308401;Missão Velha - CE;2012;30208.0;8328.0;8328.0;0.0;16292.0;2162.0;1947.0;6794.0;100721.0;both;Missão Velha - CE;197752.0;187060.0;35723.0;19.1;both
2308401;Missão Velha - CE;2013;30847.0;6454.0;6454.0;0.0;15296.0;2234.0;1986.0;6125.0;101763.0;both;Missão Velha - CE;204972.0;194178.0;40868.0;21.05;both
2308401;Missão Velha - CE;2014;41888.0;7689.0;7689.0;0.0;14969.0;1982.0;2220.0;5825.0;105763.0;both;Missão Velha - CE;297139.0;283624.0;62731.0;22.12;both
2308401;Missão Velha - CE;2015;101821.0;9938.0;9938.0;0.0;14831.0;2154.0;2689.0;5257.0;106224.0;both;Missão Velha - CE;502539.0;486575.0;264472.0;54.35;both
2308401;Missão Velha - CE;2016;31207.0;8490.0;8490.0;0.0;14375.0;2374.0;4066.0;5594.0;97726.0;both;Missão Velha - CE;330808.0;315866.0;106337.0;33.67;both
2308401;Missão Velha - CE;2017;52423.0;8609.0;8609.0;0.0;13000.0;1500.0;3500.0;4700.0;117000.0;both;Missão Velha - CE;616402.0;594571.0;315134.0;53.0;both
2308401;Missão Velha - CE;2018;38680.0;6632.0;6632.0;0.0;14000.0;1780.0;4025.0;4000.0;118000.0;both;Missão Velha - CE;490944.0;469550.0;213714.0;45.51;both
2308401;Missão Velha - CE;2019;55268.0;5764.0;5764.0;0.0;14500.0;1810.0;4050.0;3950.0;120000.0;both;Missão Velha - CE;471495.0;449421.0;181482.0;40.38;both
2308401;Missão Velha - CE;2020;62520.0;6774.0;6774.0;0.0;14800.0;1822.0;4078.0;3981.0;60000.0;both;Missão Velha - CE;458148.0;440072.0;170668.0;38.78;both
2308401;Missão Velha - CE;2021;57216.0;6696.0;6696.0;0.0;15900.0;1858.0;4159.0;4060.0;61200.0;both;Missão Velha - CE;515937.0;495645.0;198476.0;40.04;both
2308401;Missão Velha - CE;2022;54288.0;6830.0;6830.0;0.0;16000.0;1876.0;4200.0;4100.0;69000.0;both;Missão Velha - CE;586551.0;;;;both
2308401;Missão Velha - CE;2023;40707.0;7725.0;7725.0;0.0;16269.0;1804.0;4130.0;4182.0;70200.0;both;Missão Velha - CE;598261.0;;;;both
2308401;Missão Velha - CE;2024;56676.0;7908.0;7908.0;0.0;16918.0;1760.0;4220.0;4432.0;73359.0;both;;;;;;left_only
2308500;Mombaça - CE;2003;17865.0;16786.0;16786.0;0.0;39926.0;14230.0;30028.0;21308.0;121972.0;both;Mombaça - CE;75743.0;72574.0;17269.0;23.8;both
2308500;Mombaça - CE;2004;14872.0;16563.0;16563.0;0.0;40525.0;14310.0;30050.0;21455.0;123558.0;both;Mombaça - CE;78381.0;74435.0;15689.0;21.08;both
2308500;Mombaça - CE;2005;7520.0;10130.0;10130.0;0.0;38498.0;14210.0;29750.0;20597.0;118889.0;both;Mombaça - CE;91961.0;87492.0;15404.0;17.61;both
2308500;Mombaça - CE;2006;20147.0;16125.0;16125.0;0.0;38729.0;14920.0;31237.0;20184.0;118228.0;both;Mombaça - CE;105127.0;100000.0;21195.0;21.2;both
2308500;Mombaça - CE;2007;12916.0;16965.0;16965.0;0.0;37090.0;14771.0;30925.0;19174.0;112316.0;both;Mombaça - CE;117666.0;113231.0;26251.0;23.18;both
2308500;Mombaça - CE;2008;20520.0;15512.0;15512.0;0.0;35606.0;14623.0;28903.0;18214.0;106700.0;both;Mombaça - CE;142879.0;137032.0;29624.0;21.62;both
2308500;Mombaça - CE;2009;13303.0;15861.0;15861.0;0.0;35616.0;14476.0;28614.0;17302.0;101365.0;both;Mombaça - CE;141210.0;135489.0;19634.0;14.49;both
2308500;Mombaça - CE;2010;13054.0;14213.0;14213.0;0.0;33835.0;14332.0;28328.0;17130.0;100352.0;both;Mombaça - CE;158758.0;152077.0;24266.0;15.96;both
2308500;Mombaça - CE;2011;21354.0;16342.0;16342.0;0.0;31059.0;14320.0;28300.0;16958.0;99348.0;both;Mombaça - CE;182363.0;174235.0;33560.0;19.26;both
2308500;Mombaça - CE;2012;6730.0;13956.0;13952.0;0.0002866150759529562;30658.0;12900.0;25760.0;16450.0;96868.0;both;Mombaça - CE;177151.0;168169.0;19950.0;11.86;both
2308500;Mombaça - CE;2013;7601.0;9846.0;9846.0;0.0;29921.0;11610.0;23187.0;12982.0;82336.0;both;Mombaça - CE;205153.0;195067.0;20951.0;10.74;both
2308500;Mombaça - CE;2014;6369.0;13091.0;13091.0;0.0;30805.0;8463.0;28830.0;18613.0;100000.0;both;Mombaça - CE;243906.0;231568.0;20484.0;8.85;both
2308500;Mombaça - CE;2015;1887.0;12053.0;12049.0;0.0003318675848336117;31149.0;9855.0;32960.0;20947.0;95000.0;both;Mombaça - CE;258940.0;244822.0;20255.0;8.27;both
2308500;Mombaça - CE;2016;2973.0;12983.0;12979.0;0.00030809520141728;30532.0;10066.0;33368.0;14663.0;94050.0;both;Mombaça - CE;306144.0;290464.0;25654.0;8.83;both
2308500;Mombaça - CE;2017;4078.0;14070.0;14070.0;0.0;31360.0;6358.0;27599.0;12610.0;108467.0;both;Mombaça - CE;318434.0;302546.0;31112.0;10.28;both
2308500;Mombaça - CE;2018;4281.0;14601.0;14601.0;0.0;32928.0;6400.0;27650.0;12862.0;109551.0;both;Mombaça - CE;332608.0;316133.0;27616.0;8.74;both
2308500;Mombaça - CE;2019;9664.0;17193.0;17193.0;0.0;31000.0;6200.0;25000.0;10000.0;105000.0;both;Mombaça - CE;342724.0;322707.0;35158.0;10.89;both
2308500;Mombaça - CE;2020;18518.0;17690.0;17690.0;0.0;32817.0;5000.0;20000.0;5000.0;100000.0;both;Mombaça - CE;413851.0;392256.0;60192.0;15.35;both
2308500;Mombaça - CE;2021;12719.0;21882.0;21882.0;0.0;32517.0;5500.0;20400.0;7000.0;130000.0;both;Mombaça - CE;446847.0;420311.0;74484.0;17.72;both
2308500;Mombaça - CE;2022;38799.0;25600.0;25600.0;0.0;33493.0;5115.0;19380.0;6300.0;136500.0;both;Mombaça - CE;531262.0;;;;both
2308500;Mombaça - CE;2023;13796.0;28228.0;28228.0;0.0;35358.0;4000.0;15000.0;5714.0;142779.0;both;Mombaça - CE;551794.0;;;;both
2308500;Mombaça - CE;2024;15282.0;28429.0;28429.0;0.0;35888.0;3788.0;14295.0;6051.0;149918.0;both;;;;;;left_only
2308609;Monsenhor Tabosa - CE;2003;7936.0;8220.0;8220.0;0.0;13136.0;5096.0;8635.0;5255.0;30617.0;both;Monsenhor Tabosa - CE;31771.0;29290.0;8459.0;28.88;both
2308609;Monsenhor Tabosa - CE;2004;5891.0;8199.0;8199.0;0.0;12938.0;5167.0;8781.0;5175.0;29851.0;both;Monsenhor Tabosa - CE;34892.0;31967.0;6922.0;21.65;both
2308609;Monsenhor Tabosa - CE;2005;3005.0;8342.0;8342.0;0.0;12679.0;5244.0;8956.0;5071.0;29253.0;both;Monsenhor Tabosa - CE;35271.0;32382.0;6192.0;19.12;both
2308609;Monsenhor Tabosa - CE;2006;7427.0;9089.0;9089.0;0.0;12907.0;5317.0;9117.0;5168.0;29806.0;both;Monsenhor Tabosa - CE;41632.0;37796.0;8885.0;23.51;both
2308609;Monsenhor Tabosa - CE;2007;3229.0;9059.0;9059.0;0.0;13100.0;5370.0;9299.0;5218.0;30453.0;both;Monsenhor Tabosa - CE;42531.0;40819.0;7541.0;18.47;both
2308609;Monsenhor Tabosa - CE;2008;9317.0;9009.0;9009.0;0.0;12830.0;5423.0;9397.0;5296.0;30775.0;both;Monsenhor Tabosa - CE;55816.0;54021.0;14370.0;26.6;both
2308609;Monsenhor Tabosa - CE;2009;3013.0;5272.0;5272.0;0.0;12573.0;5477.0;9519.0;5348.0;31205.0;both;Monsenhor Tabosa - CE;55798.0;53930.0;7187.0;13.33;both
2308609;Monsenhor Tabosa - CE;2010;616.0;4831.0;4826.0;0.0010349824052990897;12258.0;5365.0;9328.0;5290.0;30736.0;both;Monsenhor Tabosa - CE;62577.0;59919.0;5812.0;9.7;both
2308609;Monsenhor Tabosa - CE;2011;13374.0;11204.0;11204.0;0.0;12625.0;5418.0;9467.0;5344.0;31196.0;both;Monsenhor Tabosa - CE;89662.0;85737.0;20102.0;23.45;both
2308609;Monsenhor Tabosa - CE;2012;752.0;6039.0;6011.0;0.004636529226693109;14127.0;5336.0;9324.0;5237.0;30571.0;both;Monsenhor Tabosa - CE;75250.0;71720.0;6654.0;9.28;both
2308609;Monsenhor Tabosa - CE;2013;1345.0;5579.0;5579.0;0.0;12927.0;5175.0;9044.0;5160.0;29800.0;both;Monsenhor Tabosa - CE;83661.0;80063.0;7419.0;9.27;both
2308609;Monsenhor Tabosa - CE;2014;2979.0;9735.0;9735.0;0.0;12410.0;5149.0;8998.0;5134.0;29353.0;both;Monsenhor Tabosa - CE;100418.0;96423.0;10452.0;10.84;both
2308609;Monsenhor Tabosa - CE;2015;1374.0;9261.0;9248.0;0.0014037360976136837;12350.0;5231.0;8944.0;5098.0;29646.0;both;Monsenhor Tabosa - CE;106164.0;101676.0;9096.0;8.95;both
2308609;Monsenhor Tabosa - CE;2016;2624.0;9026.0;9013.0;0.001440283625083083;11856.0;5330.0;9033.0;5149.0;30090.0;both;Monsenhor Tabosa - CE;121232.0;115861.0;14455.0;12.48;both
2308609;Monsenhor Tabosa - CE;2017;2026.0;8351.0;8338.0;0.001556699796431582;11440.0;5458.0;9285.0;5200.0;30993.0;both;Monsenhor Tabosa - CE;126566.0;120801.0;10999.0;9.11;both
2308609;Monsenhor Tabosa - CE;2018;6126.0;8507.0;8507.0;0.0;11783.0;5610.0;9554.0;5304.0;31426.0;both;Monsenhor Tabosa - CE;130693.0;125037.0;14627.0;11.7;both
2308609;Monsenhor Tabosa - CE;2019;4908.0;7037.0;7037.0;0.0;12000.0;5865.0;10000.0;5358.0;31960.0;both;Monsenhor Tabosa - CE;141197.0;134331.0;13595.0;10.12;both
2308609;Monsenhor Tabosa - CE;2020;5776.0;7463.0;7463.0;0.0;12240.0;6117.0;10450.0;5430.0;32407.0;both;Monsenhor Tabosa - CE;149162.0;142200.0;18496.0;13.01;both
2308609;Monsenhor Tabosa - CE;2021;3323.0;7188.0;7186.0;0.00027824151363387006;11016.0;6545.0;10972.0;5158.0;33380.0;both;Monsenhor Tabosa - CE;160699.0;151854.0;20111.0;13.24;both
2308609;Monsenhor Tabosa - CE;2022;3642.0;7980.0;7980.0;0.0;10906.0;7069.0;12070.0;4668.0;33046.0;both;Monsenhor Tabosa - CE;179307.0;;;;both
2308609;Monsenhor Tabosa - CE;2023;3355.0;8765.0;8765.0;0.0;10796.0;7563.0;13156.0;4201.0;33475.0;both;Monsenhor Tabosa - CE;210938.0;;;;both
2308609;Monsenhor Tabosa - CE;2024;2324.0;8805.0;8805.0;0.0;11066.0;7865.0;14208.0;3865.0;34312.0;both;;;;;;left_only
2308708;Morada Nova - CE;2003;11909.0;19627.0;19627.0;0.0;46891.0;14658.0;44003.0;10721.0;69506.0;both;Morada Nova - CE;183978.0;171620.0;37635.0;21.93;both
2308708;Morada Nova - CE;2004;8503.0;19660.0;15910.0;0.19074262461851477;47454.0;14877.0;44663.0;10861.0;69711.0;both;Morada Nova - CE;190130.0;178211.0;36042.0;20.22;both
2308708;Morada Nova - CE;2005;8377.0;16815.0;16815.0;0.0;47691.0;15249.0;46003.0;11072.0;71477.0;both;Morada Nova - CE;210908.0;198952.0;35408.0;17.8;both
2308708;Morada Nova - CE;2006;14637.0;20815.0;20815.0;0.0;48168.0;15554.0;47153.0;11392.0;72931.0;both;Morada Nova - CE;238924.0;224208.0;49136.0;21.92;both
2308708;Morada Nova - CE;2007;12147.0;15376.0;15376.0;0.0;53436.0;16121.0;47624.0;10578.0;76779.0;both;Morada Nova - CE;314478.0;296398.0;46174.0;15.58;both
2308708;Morada Nova - CE;2008;14071.0;18667.0;18667.0;0.0;53970.0;16282.0;48815.0;11080.0;78718.0;both;Morada Nova - CE;319842.0;299171.0;67107.0;22.43;both
2308708;Morada Nova - CE;2009;8219.0;21532.0;21532.0;0.0;55211.0;16445.0;49547.0;11398.0;79920.0;both;Morada Nova - CE;326062.0;304689.0;57594.0;18.9;both
2308708;Morada Nova - CE;2010;4315.0;14649.0;14649.0;0.0;60732.0;16609.0;50042.0;11284.0;79121.0;both;Morada Nova - CE;409293.0;382326.0;68822.0;18.0;both
2308708;Morada Nova - CE;2011;18372.0;23487.0;23487.0;0.0;61339.0;16659.0;50342.0;11318.0;78884.0;both;Morada Nova - CE;436830.0;404668.0;68580.0;16.95;both
2308708;Morada Nova - CE;2012;1913.0;11561.0;10311.0;0.1081221347634288;64030.0;16459.0;49688.0;11171.0;77938.0;both;Morada Nova - CE;479291.0;444612.0;78381.0;17.63;both
2308708;Morada Nova - CE;2013;6334.0;19030.0;19030.0;0.0;65500.0;16261.0;49042.0;11037.0;77158.0;both;Morada Nova - CE;629723.0;586287.0;117017.0;19.96;both
2308708;Morada Nova - CE;2014;6374.0;19957.0;19957.0;0.0;70713.0;17200.0;49105.0;26647.0;85158.0;both;Morada Nova - CE;639399.0;586942.0;64722.0;11.03;both
2308708;Morada Nova - CE;2015;3742.0;15986.0;15986.0;0.0;71707.0;27881.0;50578.0;28270.0;95377.0;both;Morada Nova - CE;692613.0;636025.0;76131.0;11.97;both
2308708;Morada Nova - CE;2016;7902.0;14143.0;14143.0;0.0;66100.0;27323.0;49566.0;26050.0;90608.0;both;Morada Nova - CE;753413.0;686464.0;89778.0;13.08;both
2308708;Morada Nova - CE;2017;3940.0;14039.0;14039.0;0.0;64778.0;29678.0;59479.0;29928.0;93559.0;both;Morada Nova - CE;842433.0;768852.0;80132.0;10.42;both
2308708;Morada Nova - CE;2018;6616.0;11625.0;11625.0;0.0;73700.0;30568.0;60668.0;32100.0;92623.0;both;Morada Nova - CE;962455.0;878411.0;84397.0;9.61;both
2308708;Morada Nova - CE;2019;6260.0;11258.0;11258.0;0.0;81350.0;31179.0;61881.0;32742.0;94475.0;both;Morada Nova - CE;1009530.0;917769.0;103090.0;11.23;both
2308708;Morada Nova - CE;2020;9765.0;10878.0;10878.0;0.0;86231.0;31491.0;63737.0;34706.0;98254.0;both;Morada Nova - CE;1167792.0;1062857.0;186878.0;17.58;both
2308708;Morada Nova - CE;2021;7418.0;11328.0;11328.0;0.0;90940.0;32436.0;70111.0;36880.0;103167.0;both;Morada Nova - CE;1276864.0;1156121.0;205851.0;17.81;both
2308708;Morada Nova - CE;2022;5371.0;7511.0;7511.0;0.0;98000.0;31787.0;68709.0;38724.0;104200.0;both;Morada Nova - CE;1570710.0;;;;both
2308708;Morada Nova - CE;2023;5759.0;10480.0;10480.0;0.0;101048.0;32104.0;80260.0;40660.0;109410.0;both;Morada Nova - CE;1877982.0;;;;both
2308708;Morada Nova - CE;2024;4567.0;8708.0;8708.0;0.0;104079.0;32425.0;84273.0;41473.0;114881.0;both;;;;;;left_only
2308807;Moraújo - CE;2003;3238.0;2200.0;2200.0;0.0;5238.0;4110.0;11546.0;3612.0;11960.0;both;Moraújo - CE;13057.0;12716.0;3605.0;28.35;both
2308807;Moraújo - CE;2004;2699.0;2279.0;2279.0;0.0;5280.0;4410.0;12160.0;3685.0;12630.0;both;Moraújo - CE;13973.0;13529.0;3344.0;24.72;both
2308807;Moraújo - CE;2005;2730.0;1646.0;1646.0;0.0;5312.0;4650.0;12600.0;3750.0;13295.0;both;Moraújo - CE;18558.0;17984.0;5187.0;28.84;both
2308807;Moraújo - CE;2006;3227.0;1387.0;1387.0;0.0;5328.0;4710.0;12820.0;3792.0;13560.0;both;Moraújo - CE;20284.0;19670.0;5103.0;25.94;both
2308807;Moraújo - CE;2007;3405.0;1310.0;1310.0;0.0;5335.0;4750.0;12895.0;3817.0;13710.0;both;Moraújo - CE;19842.0;19203.0;2960.0;15.41;both
2308807;Moraújo - CE;2008;3735.0;1349.0;1349.0;0.0;5442.0;4845.0;13152.0;3893.0;13984.0;both;Moraújo - CE;23132.0;22414.0;3499.0;15.61;both
2308807;Moraújo - CE;2009;2750.0;1340.0;1210.0;0.09701492537313428;5224.0;4990.0;13810.0;3699.0;14124.0;both;Moraújo - CE;25632.0;24815.0;3433.0;13.83;both
2308807;Moraújo - CE;2010;3179.0;1399.0;1399.0;0.0;5252.0;4950.0;13680.0;3726.0;14180.0;both;Moraújo - CE;29869.0;28818.0;3577.0;12.41;both
2308807;Moraújo - CE;2011;3170.0;1345.0;1345.0;0.0;5273.0;4974.0;13762.0;3746.0;14255.0;both;Moraújo - CE;33520.0;32342.0;4492.0;13.89;both
2308807;Moraújo - CE;2012;2666.0;1291.0;1291.0;0.0;3961.0;3073.0;5600.0;2898.0;13880.0;both;Moraújo - CE;34867.0;33470.0;3773.0;11.27;both
2308807;Moraújo - CE;2013;1112.0;873.0;873.0;0.0;4654.0;3207.0;5277.0;3229.0;14732.0;both;Moraújo - CE;40079.0;38757.0;5528.0;14.26;both
2308807;Moraújo - CE;2014;189.0;1033.0;1033.0;0.0;4472.0;3311.0;5084.0;3124.0;15436.0;both;Moraújo - CE;67799.0;66138.0;23419.0;35.41;both
2308807;Moraújo - CE;2015;433.0;1161.0;1161.0;0.0;4390.0;3303.0;5065.0;3112.0;15456.0;both;Moraújo - CE;73751.0;71477.0;22018.0;30.8;both
2308807;Moraújo - CE;2016;237.0;915.0;915.0;0.0;3802.0;2807.0;2234.0;3140.0;15765.0;both;Moraújo - CE;60819.0;58850.0;11812.0;20.07;both
2308807;Moraújo - CE;2017;607.0;1296.0;1294.0;0.0015432098765432167;3883.0;2860.0;1780.0;3179.0;15684.0;both;Moraújo - CE;62690.0;60653.0;11465.0;18.9;both
2308807;Moraújo - CE;2018;758.0;1398.0;1398.0;0.0;3980.0;2940.0;1798.0;3147.0;17046.0;both;Moraújo - CE;63118.0;60903.0;11599.0;19.04;both
2308807;Moraújo - CE;2019;573.0;1522.0;1522.0;0.0;4179.0;2998.0;1834.0;3053.0;17557.0;both;Moraújo - CE;68677.0;65970.0;12001.0;18.19;both
2308807;Moraújo - CE;2020;587.0;1524.0;1524.0;0.0;3900.0;3200.0;1920.0;2900.0;18850.0;both;Moraújo - CE;72451.0;70411.0;13163.0;18.69;both
2308807;Moraújo - CE;2021;777.0;1428.0;1428.0;0.0;3550.0;3400.0;2320.0;3200.0;22400.0;both;Moraújo - CE;75575.0;72988.0;13677.0;18.74;both
2308807;Moraújo - CE;2022;851.0;1493.0;1493.0;0.0;3479.0;3100.0;1972.0;3040.0;20160.0;both;Moraújo - CE;80172.0;;;;both
2308807;Moraújo - CE;2023;732.0;1496.0;1496.0;0.0;3295.0;2800.0;1735.0;2808.0;18255.0;both;Moraújo - CE;86070.0;;;;both
2308807;Moraújo - CE;2024;700.0;1516.0;1516.0;0.0;3520.0;2555.0;1975.0;2705.0;19303.0;both;;;;;;left_only
2308906;Morrinhos - CE;2003;17523.0;14772.0;14772.0;0.0;5528.0;3182.0;4167.0;3819.0;28158.0;both;Morrinhos - CE;31804.0;30527.0;5156.0;16.89;both
2308906;Morrinhos - CE;2004;13500.0;12478.0;12478.0;0.0;6411.0;3245.0;4335.0;3800.0;28440.0;both;Morrinhos - CE;34097.0;32547.0;3654.0;11.23;both
2308906;Morrinhos - CE;2005;9186.0;12770.0;12770.0;0.0;6443.0;3375.0;4530.0;3840.0;28769.0;both;Morrinhos - CE;37619.0;35933.0;3618.0;10.07;both
2308906;Morrinhos - CE;2006;12772.0;13193.0;13193.0;0.0;6420.0;3445.0;4645.0;3853.0;28809.0;both;Morrinhos - CE;43702.0;41675.0;4931.0;11.83;both
2308906;Morrinhos - CE;2007;6849.0;13830.0;13830.0;0.0;6292.0;3480.0;4720.0;3834.0;28955.0;both;Morrinhos - CE;46166.0;43944.0;3462.0;7.88;both
2308906;Morrinhos - CE;2008;14307.0;14137.0;14137.0;0.0;6264.0;3620.0;4909.0;3819.0;29223.0;both;Morrinhos - CE;56318.0;53787.0;5667.0;10.54;both
2308906;Morrinhos - CE;2009;9829.0;15332.0;14426.0;0.05909209496477952;6428.0;3765.0;5130.0;3880.0;29994.0;both;Morrinhos - CE;66239.0;63272.0;4810.0;7.6;both
2308906;Morrinhos - CE;2010;9508.0;15319.0;15319.0;0.0;6332.0;3916.0;5335.0;3905.0;30458.0;both;Morrinhos - CE;75629.0;71657.0;4684.0;6.54;both
2308906;Morrinhos - CE;2011;19779.0;15569.0;15569.0;0.0;6348.0;4072.0;5548.0;3943.0;31373.0;both;Morrinhos - CE;84264.0;80617.0;10307.0;12.78;both
2308906;Morrinhos - CE;2012;13979.0;17003.0;17003.0;0.0;8485.0;3868.0;5158.0;3628.0;28866.0;both;Morrinhos - CE;87787.0;83928.0;7892.0;9.4;both
2308906;Morrinhos - CE;2013;5465.0;15096.0;15096.0;0.0;8510.0;3885.0;5225.0;3627.0;29003.0;both;Morrinhos - CE;93610.0;89870.0;6635.0;7.38;both
2308906;Morrinhos - CE;2014;4654.0;13240.0;13240.0;0.0;8504.0;3924.0;5225.0;3444.0;29148.0;both;Morrinhos - CE;113073.0;108942.0;7768.0;7.13;both
2308906;Morrinhos - CE;2015;6228.0;13310.0;13310.0;0.0;8079.0;3728.0;4964.0;2755.0;29915.0;both;Morrinhos - CE;125801.0;120663.0;11712.0;9.71;both
2308906;Morrinhos - CE;2016;9328.0;13916.0;13916.0;0.0;7483.0;3795.0;5079.0;2742.0;30401.0;both;Morrinhos - CE;134692.0;127963.0;9017.0;7.05;both
2308906;Morrinhos - CE;2017;9674.0;13650.0;13650.0;0.0;7291.0;3767.0;4972.0;2732.0;30413.0;both;Morrinhos - CE;147899.0;140807.0;14555.0;10.34;both
2308906;Morrinhos - CE;2018;5999.0;8347.0;8347.0;0.0;6708.0;3315.0;4228.0;2595.0;25851.0;both;Morrinhos - CE;140940.0;133102.0;10428.0;7.83;both
2308906;Morrinhos - CE;2019;5019.0;8519.0;8519.0;0.0;7282.0;3389.0;4334.0;2310.0;27500.0;both;Morrinhos - CE;162042.0;152886.0;8964.0;5.86;both
2308906;Morrinhos - CE;2020;5214.0;8332.0;8332.0;0.0;6320.0;3270.0;4235.0;2265.0;27184.0;both;Morrinhos - CE;174138.0;164505.0;11427.0;6.95;both
2308906;Morrinhos - CE;2021;4483.0;8129.0;8129.0;0.0;5498.0;2779.0;3811.0;1993.0;25009.0;both;Morrinhos - CE;193204.0;180541.0;14053.0;7.78;both
2308906;Morrinhos - CE;2022;8235.0;8265.0;8265.0;0.0;5178.0;2563.0;3541.0;2256.0;26875.0;both;Morrinhos - CE;220951.0;;;;both
2308906;Morrinhos - CE;2023;6951.0;8342.0;8342.0;0.0;5116.0;2158.0;3387.0;2413.0;27856.0;both;Morrinhos - CE;239995.0;;;;both
2308906;Morrinhos - CE;2024;7813.0;8277.0;8277.0;0.0;5378.0;1995.0;2950.0;2120.0;29250.0;both;;;;;;left_only
2309003;Mucambo - CE;2003;17592.0;5696.0;5696.0;0.0;3598.0;1125.0;756.0;3060.0;11912.0;both;Mucambo - CE;24048.0;23186.0;3705.0;15.98;both
2309003;Mucambo - CE;2004;15179.0;6216.0;6216.0;0.0;3642.0;1148.0;786.0;3126.0;12257.0;both;Mucambo - CE;26182.0;25005.0;3914.0;15.65;both
2309003;Mucambo - CE;2005;7944.0;3488.0;3488.0;0.0;3529.0;1215.0;831.0;3141.0;12285.0;both;Mucambo - CE;27974.0;26589.0;2826.0;10.63;both
2309003;Mucambo - CE;2006;5896.0;5289.0;5289.0;0.0;3597.0;1249.0;851.0;3194.0;12453.0;both;Mucambo - CE;32061.0;30572.0;4100.0;13.41;both
2309003;Mucambo - CE;2007;5772.0;5470.0;5470.0;0.0;3585.0;1275.0;843.0;3199.0;12455.0;both;Mucambo - CE;35502.0;34076.0;4238.0;12.44;both
2309003;Mucambo - CE;2008;5946.0;5490.0;5490.0;0.0;3436.0;1305.0;812.0;3069.0;12302.0;both;Mucambo - CE;42489.0;40744.0;3913.0;9.61;both
2309003;Mucambo - CE;2009;4364.0;5541.0;5541.0;0.0;3539.0;1331.0;828.0;3161.0;12425.0;both;Mucambo - CE;47257.0;45517.0;3859.0;8.48;both
2309003;Mucambo - CE;2010;4347.0;5463.0;5463.0;0.0;3585.0;1359.0;853.0;3189.0;12500.0;both;Mucambo - CE;51447.0;49234.0;3959.0;8.04;both
2309003;Mucambo - CE;2011;7629.0;5545.0;5545.0;0.0;3692.0;1380.0;871.0;3240.0;12558.0;both;Mucambo - CE;62872.0;60383.0;6646.0;11.01;both
2309003;Mucambo - CE;2012;5532.0;5767.0;5767.0;0.0;3395.0;1318.0;845.0;3588.0;12330.0;both;Mucambo - CE;61778.0;59020.0;3903.0;6.61;both
2309003;Mucambo - CE;2013;697.0;5156.0;4841.0;0.061093871217998474;3260.0;2622.0;1154.0;3781.0;11957.0;both;Mucambo - CE;68813.0;65858.0;3187.0;4.84;both
2309003;Mucambo - CE;2014;818.0;3190.0;3190.0;0.0;2978.0;2744.0;1206.0;4081.0;12550.0;both;Mucambo - CE;77239.0;74123.0;2937.0;3.96;both
2309003;Mucambo - CE;2015;866.0;3225.0;3225.0;0.0;2975.0;2928.0;1187.0;4020.0;12387.0;both;Mucambo - CE;83003.0;78936.0;2784.0;3.53;both
2309003;Mucambo - CE;2016;874.0;4607.0;4607.0;0.0;3235.0;3426.0;1603.0;4353.0;12682.0;both;Mucambo - CE;93881.0;89140.0;4575.0;5.13;both
2309003;Mucambo - CE;2017;2058.0;4527.0;4527.0;0.0;3493.0;3700.0;1715.0;4440.0;13230.0;both;Mucambo - CE;96768.0;92220.0;6051.0;6.56;both
2309003;Mucambo - CE;2018;2784.0;4582.0;4582.0;0.0;3770.0;3885.0;1972.0;4795.0;15214.0;both;Mucambo - CE;101369.0;97084.0;6433.0;6.63;both
2309003;Mucambo - CE;2019;1706.0;3576.0;3576.0;0.0;4157.0;4286.0;2187.0;4590.0;14570.0;both;Mucambo - CE;107417.0;102417.0;5355.0;5.23;both
2309003;Mucambo - CE;2020;1930.0;3552.0;3552.0;0.0;4090.0;4567.0;2312.0;4820.0;15496.0;both;Mucambo - CE;117329.0;112288.0;8890.0;7.92;both
2309003;Mucambo - CE;2021;1979.0;3605.0;3605.0;0.0;3517.0;3196.0;2774.0;6025.0;14892.0;both;Mucambo - CE;131292.0;124087.0;10837.0;8.73;both
2309003;Mucambo - CE;2022;1253.0;3726.0;3726.0;0.0;3464.0;2870.0;2480.0;5904.0;14150.0;both;Mucambo - CE;144254.0;;;;both
2309003;Mucambo - CE;2023;1184.0;3769.0;3769.0;0.0;3325.0;2730.0;2380.0;6015.0;14800.0;both;Mucambo - CE;172104.0;;;;both
2309003;Mucambo - CE;2024;1338.0;3514.0;3514.0;0.0;3714.0;2450.0;2470.0;5780.0;15690.0;both;;;;;;left_only
2309102;Mulungu - CE;2003;11991.0;4064.0;4064.0;0.0;907.0;79.0;25.0;245.0;8241.0;both;Mulungu - CE;27544.0;27091.0;14197.0;52.4;both
2309102;Mulungu - CE;2004;15332.0;4162.0;4162.0;0.0;909.0;82.0;28.0;250.0;8315.0;both;Mulungu - CE;32748.0;32149.0;17478.0;54.37;both
2309102;Mulungu - CE;2005;16280.0;4036.0;4036.0;0.0;911.0;85.0;31.0;257.0;8395.0;both;Mulungu - CE;35287.0;34649.0;16487.0;47.58;both
2309102;Mulungu - CE;2006;18933.0;4045.0;4045.0;0.0;914.0;88.0;33.0;366.0;8438.0;both;Mulungu - CE;46710.0;45946.0;24514.0;53.35;both
2309102;Mulungu - CE;2007;19451.0;4089.0;4089.0;0.0;914.0;92.0;36.0;275.0;8522.0;both;Mulungu - CE;46269.0;45552.0;21341.0;46.85;both
2309102;Mulungu - CE;2008;19813.0;4128.0;4128.0;0.0;917.0;97.0;39.0;284.0;8613.0;both;Mulungu - CE;62283.0;61257.0;26864.0;43.86;both
2309102;Mulungu - CE;2009;19969.0;4250.0;4250.0;0.0;921.0;103.0;43.0;296.0;9613.0;both;Mulungu - CE;61148.0;60450.0;27418.0;45.36;both
2309102;Mulungu - CE;2010;19167.0;3745.0;3745.0;0.0;925.0;109.0;46.0;310.0;9795.0;both;Mulungu - CE;73185.0;73137.0;32207.0;44.04;both
2309102;Mulungu - CE;2011;20262.0;4343.0;4343.0;0.0;930.0;116.0;50.0;326.0;9990.0;both;Mulungu - CE;84793.0;84068.0;39686.0;47.21;both
2309102;Mulungu - CE;2012;14965.0;4372.0;4372.0;0.0;1905.0;114.0;48.0;3068.0;10027.0;both;Mulungu - CE;74671.0;73587.0;26560.0;36.09;both
2309102;Mulungu - CE;2013;9997.0;3907.0;3907.0;0.0;1759.0;120.0;53.0;3374.0;11227.0;both;Mulungu - CE;70613.0;69023.0;17980.0;26.05;both
2309102;Mulungu - CE;2014;8046.0;3911.0;3911.0;0.0;1802.0;124.0;155.0;3624.0;12238.0;both;Mulungu - CE;77877.0;75439.0;14955.0;19.82;both
2309102;Mulungu - CE;2015;9394.0;3929.0;3929.0;0.0;1794.0;128.0;158.0;3524.0;13300.0;both;Mulungu - CE;87881.0;87018.0;21694.0;24.93;both
2309102;Mulungu - CE;2016;5447.0;3379.0;3379.0;0.0;1750.0;130.0;162.0;3494.0;13600.0;both;Mulungu - CE;84996.0;83927.0;17528.0;20.88;both
2309102;Mulungu - CE;2017;9984.0;3365.0;3365.0;0.0;671.0;155.0;183.0;1172.0;15770.0;both;Mulungu - CE;125254.0;121991.0;45020.0;36.9;both
2309102;Mulungu - CE;2018;7224.0;2776.0;2776.0;0.0;695.0;580.0;195.0;1202.0;16390.0;both;Mulungu - CE;118694.0;117629.0;28553.0;24.27;both
2309102;Mulungu - CE;2019;6980.0;2803.0;2803.0;0.0;716.0;597.0;213.0;1322.0;17210.0;both;Mulungu - CE;106654.0;102976.0;22774.0;22.12;both
2309102;Mulungu - CE;2020;6699.0;2700.0;2700.0;0.0;730.0;615.0;223.0;1124.0;15833.0;both;Mulungu - CE;125686.0;122155.0;36607.0;29.97;both
2309102;Mulungu - CE;2021;6172.0;2760.0;2760.0;0.0;710.0;507.0;180.0;1012.0;15037.0;both;Mulungu - CE;123801.0;119560.0;31128.0;26.04;both
2309102;Mulungu - CE;2022;5869.0;2666.0;2666.0;0.0;680.0;480.0;170.0;980.0;15600.0;both;Mulungu - CE;134732.0;;;;both
2309102;Mulungu - CE;2023;5817.0;2619.0;2619.0;0.0;809.0;408.0;144.0;1150.0;12500.0;both;Mulungu - CE;146503.0;;;;both
2309102;Mulungu - CE;2024;6305.0;2603.0;2603.0;0.0;768.0;250.0;260.0;800.0;13000.0;both;;;;;;left_only
2309201;Nova Olinda - CE;2003;3956.0;2360.0;2360.0;0.0;4679.0;401.0;382.0;1436.0;26344.0;both;Nova Olinda - CE;26198.0;24793.0;3276.0;13.21;both
2309201;Nova Olinda - CE;2004;3078.0;2277.0;2277.0;0.0;4798.0;385.0;413.0;1431.0;26522.0;both;Nova Olinda - CE;32353.0;30484.0;2579.0;8.46;both
2309201;Nova Olinda - CE;2005;2380.0;2510.0;2510.0;0.0;4831.0;399.0;437.0;1442.0;26813.0;both;Nova Olinda - CE;31981.0;29964.0;2848.0;9.5;both
2309201;Nova Olinda - CE;2006;5847.0;2359.0;2359.0;0.0;5016.0;409.0;454.0;1455.0;26898.0;both;Nova Olinda - CE;39205.0;36952.0;5398.0;14.61;both
2309201;Nova Olinda - CE;2007;3919.0;3831.0;3831.0;0.0;5092.0;447.0;796.0;1525.0;26963.0;both;Nova Olinda - CE;40527.0;38237.0;3642.0;9.52;both
2309201;Nova Olinda - CE;2008;5692.0;4091.0;4091.0;0.0;5157.0;469.0;874.0;1552.0;27045.0;both;Nova Olinda - CE;49022.0;46371.0;5937.0;12.8;both
2309201;Nova Olinda - CE;2009;6686.0;4096.0;4096.0;0.0;5342.0;493.0;937.0;1637.0;27477.0;both;Nova Olinda - CE;57532.0;54486.0;6230.0;11.43;both
2309201;Nova Olinda - CE;2010;2011.0;6905.0;6905.0;0.0;5293.0;502.0;954.0;1596.0;27526.0;both;Nova Olinda - CE;68469.0;64320.0;6344.0;9.86;both
2309201;Nova Olinda - CE;2011;13704.0;6548.0;6548.0;0.0;5391.0;537.0;992.0;1678.0;27598.0;both;Nova Olinda - CE;81430.0;76899.0;11991.0;15.59;both
2309201;Nova Olinda - CE;2012;2438.0;3622.0;3617.0;0.001380452788514619;10849.0;698.0;1145.0;1652.0;26695.0;both;Nova Olinda - CE;81422.0;76262.0;8699.0;11.41;both
2309201;Nova Olinda - CE;2013;3016.0;3852.0;3852.0;0.0;11187.0;1047.0;1718.0;1833.0;28830.0;both;Nova Olinda - CE;96906.0;91510.0;11143.0;12.18;both
2309201;Nova Olinda - CE;2014;5810.0;2630.0;2630.0;0.0;11550.0;1259.0;2106.0;2187.0;35987.0;both;Nova Olinda - CE;121364.0;115449.0;19218.0;16.65;both
2309201;Nova Olinda - CE;2015;2386.0;2709.0;2704.0;0.0018456995201181492;11327.0;1300.0;2310.0;2406.0;38505.0;both;Nova Olinda - CE;123904.0;116367.0;13164.0;11.31;both
2309201;Nova Olinda - CE;2016;615.0;1823.0;1823.0;0.0;9800.0;1135.0;1740.0;2483.0;35000.0;both;Nova Olinda - CE;117841.0;110484.0;7001.0;6.34;both
2309201;Nova Olinda - CE;2017;6434.0;3315.0;3315.0;0.0;10000.0;1200.0;1800.0;2500.0;43000.0;both;Nova Olinda - CE;141025.0;132265.0;22175.0;16.77;both
2309201;Nova Olinda - CE;2018;2180.0;2029.0;2029.0;0.0;9500.0;1500.0;2500.0;3000.0;46000.0;both;Nova Olinda - CE;134092.0;126155.0;8987.0;7.12;both
2309201;Nova Olinda - CE;2019;2121.0;2527.0;2527.0;0.0;9000.0;1600.0;2700.0;2850.0;41400.0;both;Nova Olinda - CE;145556.0;135840.0;9783.0;7.2;both
2309201;Nova Olinda - CE;2020;5591.0;2668.0;2668.0;0.0;10530.0;1680.0;2800.0;2750.0;40200.0;both;Nova Olinda - CE;157789.0;149845.0;20970.0;13.99;both
2309201;Nova Olinda - CE;2021;2265.0;2053.0;2053.0;0.0;11000.0;1760.0;2940.0;3000.0;60000.0;both;Nova Olinda - CE;163381.0;154268.0;16968.0;11.0;both
2309201;Nova Olinda - CE;2022;2834.0;2150.0;2150.0;0.0;11100.0;1580.0;2700.0;2700.0;35000.0;both;Nova Olinda - CE;179077.0;;;;both
2309201;Nova Olinda - CE;2023;1881.0;1781.0;1781.0;0.0;12000.0;1640.0;2900.0;2754.0;38500.0;both;Nova Olinda - CE;206839.0;;;;both
2309201;Nova Olinda - CE;2024;2505.0;1627.0;1627.0;0.0;11500.0;2000.0;3000.0;3520.0;50000.0;both;;;;;;left_only
2309300;Nova Russas - CE;2003;5967.0;7056.0;7056.0;0.0;10961.0;4747.0;15420.0;5195.0;33447.0;both;Nova Russas - CE;62740.0;58693.0;6644.0;11.32;both
2309300;Nova Russas - CE;2004;3729.0;6547.0;6547.0;0.0;10741.0;4841.0;15882.0;5106.0;32945.0;both;Nova Russas - CE;65249.0;60554.0;5662.0;9.35;both
2309300;Nova Russas - CE;2005;3100.0;5714.0;5714.0;0.0;10547.0;4913.0;16199.0;5007.0;32450.0;both;Nova Russas - CE;73981.0;68893.0;5728.0;8.31;both
2309300;Nova Russas - CE;2006;5444.0;5649.0;5649.0;0.0;10757.0;4991.0;16555.0;5077.0;33098.0;both;Nova Russas - CE;80171.0;74356.0;6625.0;8.91;both
2309300;Nova Russas - CE;2007;1780.0;5317.0;5317.0;0.0;11025.0;5040.0;16803.0;5179.0;33916.0;both;Nova Russas - CE;86304.0;80460.0;6748.0;8.39;both
2309300;Nova Russas - CE;2008;5101.0;5188.0;5188.0;0.0;10914.0;5100.0;17000.0;5230.0;34270.0;both;Nova Russas - CE;110381.0;103416.0;9283.0;8.98;both
2309300;Nova Russas - CE;2009;2879.0;5002.0;5002.0;0.0;10804.0;5176.0;17340.0;5286.0;34784.0;both;Nova Russas - CE;117994.0;110851.0;7150.0;6.45;both
2309300;Nova Russas - CE;2010;694.0;2458.0;2458.0;0.0;10695.0;5098.0;16990.0;5229.0;34410.0;both;Nova Russas - CE;140458.0;130110.0;6405.0;4.92;both
2309300;Nova Russas - CE;2011;4650.0;4623.0;4623.0;0.0;10962.0;5174.0;17244.0;5307.0;34925.0;both;Nova Russas - CE;161893.0;150088.0;10880.0;7.25;both
2309300;Nova Russas - CE;2012;1142.0;4060.0;4030.0;0.007389162561576401;12416.0;5096.0;16985.0;5230.0;34051.0;both;Nova Russas - CE;175885.0;162121.0;8619.0;5.32;both
2309300;Nova Russas - CE;2013;638.0;2421.0;2421.0;0.0;11919.0;5020.0;16740.0;5125.0;33165.0;both;Nova Russas - CE;197935.0;181768.0;8639.0;4.75;both
2309300;Nova Russas - CE;2014;1134.0;2077.0;2077.0;0.0;11380.0;4989.0;16639.0;5073.0;32667.0;both;Nova Russas - CE;235284.0;216424.0;10119.0;4.68;both
2309300;Nova Russas - CE;2015;1016.0;2053.0;2053.0;0.0;11038.0;5064.0;16523.0;5048.0;32994.0;both;Nova Russas - CE;247084.0;226036.0;10088.0;4.46;both
2309300;Nova Russas - CE;2016;919.0;1956.0;1930.0;0.013292433537832271;10762.0;5135.0;16721.0;5134.0;33390.0;both;Nova Russas - CE;261717.0;238698.0;10272.0;4.3;both
2309300;Nova Russas - CE;2017;1930.0;2547.0;2521.0;0.010208087946603883;10330.0;5212.0;16938.0;5175.0;33730.0;both;Nova Russas - CE;272470.0;249040.0;10998.0;4.42;both
2309300;Nova Russas - CE;2018;1351.0;1929.0;1929.0;0.0;10433.0;5342.0;17277.0;5237.0;34135.0;both;Nova Russas - CE;275667.0;252099.0;9757.0;3.87;both
2309300;Nova Russas - CE;2019;1463.0;1775.0;1775.0;0.0;10700.0;5530.0;17710.0;5345.0;34650.0;both;Nova Russas - CE;299307.0;273841.0;9995.0;3.65;both
2309300;Nova Russas - CE;2020;1636.0;2116.0;2116.0;0.0;10870.0;5700.0;18060.0;5446.0;35065.0;both;Nova Russas - CE;310869.0;286616.0;12231.0;4.27;both
2309300;Nova Russas - CE;2021;1207.0;1928.0;1928.0;0.0;10324.0;5840.0;17150.0;5010.0;31909.0;both;Nova Russas - CE;336930.0;308038.0;15980.0;5.19;both
2309300;Nova Russas - CE;2022;1143.0;1947.0;1947.0;0.0;9292.0;5752.0;15950.0;4760.0;29994.0;both;Nova Russas - CE;381139.0;;;;both
2309300;Nova Russas - CE;2023;995.0;2028.0;2028.0;0.0;9013.0;5700.0;14993.0;4380.0;30505.0;both;Nova Russas - CE;432948.0;;;;both
2309300;Nova Russas - CE;2024;1075.0;2089.0;2089.0;0.0;8923.0;5614.0;13794.0;4270.0;30810.0;both;;;;;;left_only
2309409;Novo Oriente - CE;2003;20648.0;25645.0;25645.0;0.0;16967.0;4099.0;21958.0;12262.0;79703.0;both;Novo Oriente - CE;51502.0;49931.0;16784.0;33.61;both
2309409;Novo Oriente - CE;2004;8638.0;16570.0;16570.0;0.0;16678.0;4176.0;22397.0;12041.0;78427.0;both;Novo Oriente - CE;54378.0;52414.0;9897.0;18.88;both
2309409;Novo Oriente - CE;2005;7091.0;16450.0;16450.0;0.0;16427.0;4230.0;22688.0;11919.0;77642.0;both;Novo Oriente - CE;59187.0;56922.0;11173.0;19.63;both
2309409;Novo Oriente - CE;2006;24128.0;16640.0;16640.0;0.0;16755.0;4314.0;23368.0;12103.0;79129.0;both;Novo Oriente - CE;78688.0;76100.0;18642.0;24.5;both
2309409;Novo Oriente - CE;2007;5342.0;16007.0;16007.0;0.0;17040.0;4365.0;23741.0;12283.0;80710.0;both;Novo Oriente - CE;72844.0;70097.0;11028.0;15.73;both
2309409;Novo Oriente - CE;2008;12223.0;16420.0;11020.0;0.3288672350791717;16605.0;4400.0;23978.0;12380.0;81480.0;both;Novo Oriente - CE;93368.0;89748.0;15710.0;17.5;both
2309409;Novo Oriente - CE;2009;9871.0;17310.0;17310.0;0.0;16355.0;4444.0;24217.0;12565.0;82294.0;both;Novo Oriente - CE;84458.0;80881.0;13619.0;16.84;both
2309409;Novo Oriente - CE;2010;462.0;13473.0;13473.0;0.0;15950.0;4350.0;23732.0;12399.0;81060.0;both;Novo Oriente - CE;97049.0;92270.0;8281.0;8.97;both
2309409;Novo Oriente - CE;2011;40338.0;30733.0;30733.0;0.0;16029.0;4393.0;23969.0;12522.0;81869.0;both;Novo Oriente - CE;152331.0;147872.0;48610.0;32.87;both
2309409;Novo Oriente - CE;2012;895.0;22771.0;8764.0;0.6151245004611128;15790.0;4349.0;23729.0;12395.0;80230.0;both;Novo Oriente - CE;116712.0;111218.0;11918.0;10.72;both
2309409;Novo Oriente - CE;2013;1002.0;11550.0;11550.0;0.0;14605.0;4283.0;23374.0;12150.0;77830.0;both;Novo Oriente - CE;136549.0;130268.0;11370.0;8.73;both
2309409;Novo Oriente - CE;2014;11112.0;19240.0;19240.0;0.0;13946.0;4257.0;23234.0;12052.0;77050.0;both;Novo Oriente - CE;170447.0;164293.0;26229.0;15.96;both
2309409;Novo Oriente - CE;2015;6560.0;18910.0;18910.0;0.0;13876.0;4300.0;23000.0;11930.0;77820.0;both;Novo Oriente - CE;174654.0;167168.0;22018.0;13.17;both
2309409;Novo Oriente - CE;2016;3754.0;19161.0;19161.0;0.0;13840.0;4382.0;23300.0;12073.0;78832.0;both;Novo Oriente - CE;176828.0;169386.0;20736.0;12.24;both
2309409;Novo Oriente - CE;2017;19556.0;20195.0;20195.0;0.0;13500.0;4513.0;24000.0;12242.0;79620.0;both;Novo Oriente - CE;212351.0;203058.0;39903.0;19.65;both
2309409;Novo Oriente - CE;2018;15604.0;19382.0;19382.0;0.0;13700.0;4662.0;24672.0;12364.0;80018.0;both;Novo Oriente - CE;204976.0;195780.0;26500.0;13.54;both
2309409;Novo Oriente - CE;2019;21840.0;18088.0;18088.0;0.0;13950.0;4802.0;25510.0;12512.0;80818.0;both;Novo Oriente - CE;240486.0;229127.0;38367.0;16.75;both
2309409;Novo Oriente - CE;2020;15079.0;15501.0;15501.0;0.0;14130.0;4898.0;26530.0;12637.0;81707.0;both;Novo Oriente - CE;256639.0;245354.0;39842.0;16.24;both
2309409;Novo Oriente - CE;2021;11138.0;16462.0;16462.0;0.0;13800.0;4970.0;27060.0;12000.0;75170.0;both;Novo Oriente - CE;283185.0;269072.0;44097.0;16.39;both
2309409;Novo Oriente - CE;2022;13768.0;15582.0;15582.0;0.0;14628.0;5020.0;27493.0;10920.0;72915.0;both;Novo Oriente - CE;302450.0;;;;both
2309409;Novo Oriente - CE;2023;10786.0;15720.0;15720.0;0.0;14920.0;5095.0;27823.0;9828.0;73279.0;both;Novo Oriente - CE;343682.0;;;;both
2309409;Novo Oriente - CE;2024;14606.0;15608.0;15608.0;0.0;15144.0;5126.0;28101.0;9330.0;72913.0;both;;;;;;left_only
2309458;Ocara - CE;2003;10748.0;22670.0;22670.0;0.0;8412.0;1564.0;4963.0;3261.0;39934.0;both;Ocara - CE;38887.0;36558.0;8586.0;23.49;both
2309458;Ocara - CE;2004;8471.0;19085.0;19085.0;0.0;8430.0;1578.0;5018.0;3340.0;40055.0;both;Ocara - CE;38539.0;36941.0;6962.0;18.85;both
2309458;Ocara - CE;2005;9698.0;21096.0;21096.0;0.0;8455.0;1578.0;5046.0;3425.0;40196.0;both;Ocara - CE;44652.0;43100.0;8556.0;19.85;both
2309458;Ocara - CE;2006;13067.0;20958.0;20958.0;0.0;8482.0;1581.0;5052.0;3532.0;40365.0;both;Ocara - CE;49621.0;47859.0;9416.0;19.68;both
2309458;Ocara - CE;2007;9331.0;21673.0;21673.0;0.0;8513.0;1583.0;5059.0;3604.0;40459.0;both;Ocara - CE;53087.0;51116.0;8428.0;16.49;both
2309458;Ocara - CE;2008;14035.0;22206.0;22206.0;0.0;8548.0;1588.0;5068.0;3807.0;40599.0;both;Ocara - CE;68327.0;66245.0;14716.0;22.22;both
2309458;Ocara - CE;2009;10787.0;25627.0;25627.0;0.0;8586.0;1596.0;5080.0;4011.0;40753.0;both;Ocara - CE;71187.0;68955.0;8505.0;12.33;both
2309458;Ocara - CE;2010;5100.0;22567.0;22567.0;0.0;8628.0;1605.0;5091.0;4222.0;40921.0;both;Ocara - CE;81931.0;78873.0;8187.0;10.38;both
2309458;Ocara - CE;2011;12465.0;25896.0;25896.0;0.0;8673.0;1616.0;5104.0;4443.0;41096.0;both;Ocara - CE;96180.0;93343.0;16162.0;17.31;both
2309458;Ocara - CE;2012;3122.0;22533.0;22533.0;0.0;9292.0;1551.0;4600.0;4279.0;39461.0;both;Ocara - CE;94733.0;91189.0;9130.0;10.01;both
2309458;Ocara - CE;2013;2801.0;22234.0;22106.0;0.005756948817126961;8907.0;1559.0;4610.0;4706.0;43407.0;both;Ocara - CE;104261.0;100506.0;9104.0;9.06;both
2309458;Ocara - CE;2014;8835.0;25027.0;25027.0;0.0;9124.0;1683.0;4968.0;5047.0;47307.0;both;Ocara - CE;136287.0;131562.0;18643.0;14.17;both
2309458;Ocara - CE;2015;3911.0;22855.0;22855.0;0.0;8496.0;1811.0;5218.0;5226.0;47908.0;both;Ocara - CE;140712.0;135037.0;13660.0;10.12;both
2309458;Ocara - CE;2016;4255.0;22883.0;22883.0;0.0;8128.0;1878.0;5422.0;5649.0;48103.0;both;Ocara - CE;150231.0;143761.0;16886.0;11.75;both
2309458;Ocara - CE;2017;8424.0;23031.0;23031.0;0.0;8540.0;2559.0;12840.0;5084.0;91418.0;both;Ocara - CE;172265.0;164220.0;25266.0;15.39;both
2309458;Ocara - CE;2018;13691.0;22927.0;22927.0;0.0;7205.0;1080.0;5634.0;3102.0;92690.0;both;Ocara - CE;180596.0;172060.0;25266.0;14.68;both
2309458;Ocara - CE;2019;14488.0;23759.0;23759.0;0.0;8236.0;1134.0;5916.0;3257.0;93524.0;both;Ocara - CE;199013.0;188668.0;27306.0;14.47;both
2309458;Ocara - CE;2020;16333.0;23627.0;23627.0;0.0;8648.0;1168.0;6093.0;3420.0;94366.0;both;Ocara - CE;231683.0;220968.0;45524.0;20.6;both
2309458;Ocara - CE;2021;11875.0;24712.0;24712.0;0.0;10118.0;1156.0;6032.0;4070.0;103802.0;both;Ocara - CE;284836.0;266741.0;48855.0;18.32;both
2309458;Ocara - CE;2022;12570.0;27124.0;27124.0;0.0;10540.0;1080.0;6100.0;4080.0;110900.0;both;Ocara - CE;304032.0;;;;both
2309458;Ocara - CE;2023;13511.0;29778.0;29778.0;0.0;12121.0;940.0;6400.0;4815.0;127000.0;both;Ocara - CE;322686.0;;;;both
2309458;Ocara - CE;2024;20511.0;31583.0;31583.0;0.0;11515.0;752.0;5760.0;5297.0;139700.0;both;;;;;;left_only
2309508;Orós - CE;2003;4787.0;3514.0;3514.0;0.0;16294.0;2560.0;5288.0;3669.0;36194.0;both;Orós - CE;55148.0;51716.0;13617.0;26.33;both
2309508;Orós - CE;2004;2217.0;3329.0;3329.0;0.0;17223.0;2765.0;5764.0;3845.0;37727.0;both;Orós - CE;58420.0;54534.0;14430.0;26.46;both
2309508;Orós - CE;2005;2007.0;3474.0;3474.0;0.0;17912.0;2931.0;6167.0;3993.0;39048.0;both;Orós - CE;65603.0;61696.0;14342.0;23.25;both
2309508;Orós - CE;2006;5531.0;4084.0;4084.0;0.0;18539.0;3077.0;6475.0;4127.0;40346.0;both;Orós - CE;74291.0;69498.0;16431.0;23.64;both
2309508;Orós - CE;2007;2048.0;4159.0;4159.0;0.0;19095.0;3184.0;6702.0;4226.0;41283.0;both;Orós - CE;78395.0;73641.0;15857.0;21.53;both
2309508;Orós - CE;2008;2611.0;4679.0;4679.0;0.0;19572.0;3280.0;6903.0;4309.0;42109.0;both;Orós - CE;92527.0;86673.0;18755.0;21.64;both
2309508;Orós - CE;2009;5239.0;5262.0;5262.0;0.0;19963.0;3362.0;7076.0;4389.0;42867.0;both;Orós - CE;104665.0;99074.0;22444.0;22.65;both
2309508;Orós - CE;2010;2218.0;4328.0;4328.0;0.0;19464.0;3412.0;7213.0;4424.0;43494.0;both;Orós - CE;115554.0;108728.0;20361.0;18.73;both
2309508;Orós - CE;2011;5003.0;3313.0;3313.0;0.0;19658.0;3460.0;7321.0;4456.0;44087.0;both;Orós - CE;125710.0;118351.0;24181.0;20.43;both
2309508;Orós - CE;2012;2081.0;3256.0;3256.0;0.0;18675.0;3443.0;7175.0;4249.0;43358.0;both;Orós - CE;139393.0;130621.0;26550.0;20.33;both
2309508;Orós - CE;2013;772.0;2500.0;2500.0;0.0;17741.0;3435.0;7150.0;4207.0;42924.0;both;Orós - CE;144142.0;136668.0;29481.0;21.57;both
2309508;Orós - CE;2014;5133.0;3014.0;3014.0;0.0;18096.0;3504.0;7365.0;4249.0;43782.0;both;Orós - CE;171995.0;164591.0;39990.0;24.3;both
2309508;Orós - CE;2015;638.0;2437.0;2437.0;0.0;17753.0;3574.0;7586.0;4334.0;44658.0;both;Orós - CE;170348.0;161460.0;29938.0;18.54;both
2309508;Orós - CE;2016;1196.0;2477.0;2477.0;0.0;17398.0;3681.0;7965.0;4507.0;45551.0;both;Orós - CE;191487.0;182423.0;44067.0;24.16;both
2309508;Orós - CE;2017;1835.0;2254.0;2254.0;0.0;17224.0;3755.0;8363.0;4574.0;46007.0;both;Orós - CE;181332.0;171826.0;28130.0;16.37;both
2309508;Orós - CE;2018;2112.0;2530.0;2530.0;0.0;18025.0;3830.0;8613.0;4711.0;46927.0;both;Orós - CE;175539.0;166508.0;22263.0;13.37;both
2309508;Orós - CE;2019;3689.0;2519.0;2519.0;0.0;18566.0;3945.0;8958.0;4805.0;47396.0;both;Orós - CE;184955.0;175374.0;21981.0;12.53;both
2309508;Orós - CE;2020;2560.0;2684.0;2684.0;0.0;18937.0;4063.0;9405.0;4853.0;48344.0;both;Orós - CE;199602.0;190123.0;27548.0;14.49;both
2309508;Orós - CE;2021;2599.0;3120.0;3120.0;0.0;19884.0;3657.0;8465.0;4950.0;49794.0;both;Orós - CE;218899.0;207794.0;33614.0;16.18;both
2309508;Orós - CE;2022;2711.0;2820.0;2820.0;0.0;18293.0;3730.0;8888.0;5099.0;50292.0;both;Orós - CE;234968.0;;;;both
2309508;Orós - CE;2023;2270.0;3970.0;3970.0;0.0;16463.0;3618.0;8710.0;5252.0;50800.0;both;Orós - CE;267791.0;;;;both
2309508;Orós - CE;2024;3163.0;2630.0;2630.0;0.0;17286.0;3328.0;7839.0;5357.0;51816.0;both;;;;;;left_only
2309607;Pacajus - CE;2003;48493.0;15332.0;15332.0;0.0;6970.0;390.0;1110.0;738.0;685552.0;both;Pacajus - CE;357802.0;311052.0;15989.0;5.14;both
2309607;Pacajus - CE;2004;38810.0;14857.0;14857.0;0.0;5520.0;436.0;1180.0;764.0;630358.0;both;Pacajus - CE;433957.0;385244.0;14856.0;3.86;both
2309607;Pacajus - CE;2005;50022.0;15712.0;15712.0;0.0;5560.0;451.0;1270.0;795.0;442649.0;both;Pacajus - CE;414459.0;365917.0;12224.0;3.34;both
2309607;Pacajus - CE;2006;49970.0;15949.0;15949.0;0.0;5280.0;400.0;1580.0;811.0;729654.0;both;Pacajus - CE;408507.0;360421.0;14061.0;3.9;both
2309607;Pacajus - CE;2007;47871.0;15992.0;15992.0;0.0;5310.0;408.0;1630.0;845.0;750150.0;both;Pacajus - CE;417631.0;374985.0;17298.0;4.61;both
2309607;Pacajus - CE;2008;44307.0;15452.0;15452.0;0.0;5340.0;400.0;1700.0;870.0;762492.0;both;Pacajus - CE;491943.0;441735.0;19079.0;4.32;both
2309607;Pacajus - CE;2009;52436.0;16102.0;16102.0;0.0;6670.0;300.0;1760.0;986.0;780109.0;both;Pacajus - CE;547340.0;497445.0;20046.0;4.03;both
2309607;Pacajus - CE;2010;47754.0;14553.0;14553.0;0.0;6820.0;230.0;2000.0;990.0;816573.0;both;Pacajus - CE;602770.0;533180.0;23230.0;4.36;both
2309607;Pacajus - CE;2011;31226.0;14518.0;14518.0;0.0;6860.0;210.0;2100.0;1003.0;826612.0;both;Pacajus - CE;697290.0;619272.0;29900.0;4.83;both
2309607;Pacajus - CE;2012;45394.0;16368.0;16115.0;0.01545698924731187;6397.0;182.0;1825.0;922.0;642573.0;both;Pacajus - CE;721410.0;636305.0;22812.0;3.59;both
2309607;Pacajus - CE;2013;13494.0;12097.0;11977.0;0.009919814830123164;7077.0;459.0;3166.0;2453.0;771087.0;both;Pacajus - CE;778970.0;695593.0;22218.0;3.19;both
2309607;Pacajus - CE;2014;15015.0;12282.0;12282.0;0.0;6989.0;524.0;3405.0;3127.0;774788.0;both;Pacajus - CE;929253.0;840756.0;35647.0;4.24;both
2309607;Pacajus - CE;2015;13107.0;12041.0;12041.0;0.0;6985.0;565.0;3541.0;3030.0;791935.0;both;Pacajus - CE;940023.0;843005.0;39416.0;4.68;both
2309607;Pacajus - CE;2016;9006.0;9147.0;9147.0;0.0;6700.0;582.0;4230.0;4294.0;467990.0;both;Pacajus - CE;1001708.0;894985.0;33509.0;3.74;both
2309607;Pacajus - CE;2017;10655.0;9308.0;9308.0;0.0;6296.0;510.0;4484.0;4422.0;517671.0;both;Pacajus - CE;1064432.0;952220.0;35867.0;3.77;both
2309607;Pacajus - CE;2018;11285.0;9241.0;9241.0;0.0;5731.0;451.0;3432.0;3848.0;1018151.0;both;Pacajus - CE;1139915.0;1025478.0;34496.0;3.36;both
2309607;Pacajus - CE;2019;9460.0;8884.0;8884.0;0.0;5902.0;464.0;3539.0;3964.0;749342.0;both;Pacajus - CE;1147751.0;1042298.0;34811.0;3.34;both
2309607;Pacajus - CE;2020;7532.0;7888.0;7888.0;0.0;5623.0;448.0;3248.0;4076.0;799133.0;both;Pacajus - CE;1183738.0;1062783.0;39010.0;3.67;both
2309607;Pacajus - CE;2021;7656.0;7001.0;7001.0;0.0;5369.0;441.0;3190.0;4300.0;948307.0;both;Pacajus - CE;1360535.0;1215700.0;47299.0;3.89;both
2309607;Pacajus - CE;2022;8355.0;6599.0;6599.0;0.0;5244.0;415.0;3099.0;4429.0;741248.0;both;Pacajus - CE;1534458.0;;;;both
2309607;Pacajus - CE;2023;7421.0;6329.0;6329.0;0.0;5080.0;400.0;3042.0;4438.0;769793.0;both;Pacajus - CE;1808068.0;;;;both
2309607;Pacajus - CE;2024;6937.0;6494.0;6494.0;0.0;6604.0;403.0;3050.0;6435.0;756815.0;both;;;;;;left_only
2309706;Pacatuba - CE;2003;5273.0;1591.0;1591.0;0.0;2806.0;197.0;1053.0;4290.0;223239.0;both;Pacatuba - CE;186984.0;155433.0;6812.0;4.38;both
2309706;Pacatuba - CE;2004;5510.0;916.0;916.0;0.0;3432.0;200.0;1070.0;4342.0;163834.0;both;Pacatuba - CE;212252.0;181572.0;6563.0;3.61;both
2309706;Pacatuba - CE;2005;5029.0;949.0;949.0;0.0;3353.0;215.0;1165.0;4415.0;174650.0;both;Pacatuba - CE;228553.0;188043.0;6725.0;3.58;both
2309706;Pacatuba - CE;2006;5531.0;977.0;977.0;0.0;3492.0;220.0;1180.0;4790.0;178675.0;both;Pacatuba - CE;378244.0;301311.0;7372.0;2.45;both
2309706;Pacatuba - CE;2007;6050.0;1064.0;1064.0;0.0;3615.0;228.0;1229.0;4968.0;180143.0;both;Pacatuba - CE;395011.0;325567.0;7381.0;2.27;both
2309706;Pacatuba - CE;2008;6246.0;1006.0;1006.0;0.0;3748.0;239.0;1295.0;5204.0;182646.0;both;Pacatuba - CE;480647.0;389951.0;8397.0;2.15;both
2309706;Pacatuba - CE;2009;6168.0;882.0;882.0;0.0;2336.0;373.0;716.0;5032.0;184459.0;both;Pacatuba - CE;497231.0;414363.0;8727.0;2.11;both
2309706;Pacatuba - CE;2010;6167.0;1017.0;1017.0;0.0;2258.0;386.0;742.0;5165.0;193935.0;both;Pacatuba - CE;591627.0;478725.0;9899.0;2.07;both
2309706;Pacatuba - CE;2011;4384.0;1144.0;1144.0;0.0;2306.0;392.0;730.0;5565.0;195439.0;both;Pacatuba - CE;634292.0;515340.0;8898.0;1.73;both
2309706;Pacatuba - CE;2012;3190.0;1528.0;1528.0;0.0;2378.0;404.0;755.0;5734.0;205145.0;both;Pacatuba - CE;693010.0;541874.0;10467.0;1.93;both
2309706;Pacatuba - CE;2013;2509.0;1524.0;1323.0;0.13188976377952755;2776.0;378.0;705.0;5246.0;210698.0;both;Pacatuba - CE;802513.0;647291.0;11041.0;1.71;both
2309706;Pacatuba - CE;2014;1215.0;439.0;439.0;0.0;3074.0;392.0;733.0;5501.0;46589.0;both;Pacatuba - CE;972488.0;769926.0;6915.0;0.9;both
2309706;Pacatuba - CE;2015;1339.0;396.0;381.0;0.037878787878787845;3101.0;399.0;745.0;5509.0;45500.0;both;Pacatuba - CE;939811.0;778306.0;7995.0;1.03;both
2309706;Pacatuba - CE;2016;1544.0;1112.0;1112.0;0.0;3179.0;660.0;2494.0;3170.0;65489.0;both;Pacatuba - CE;949993.0;817432.0;10217.0;1.25;both
2309706;Pacatuba - CE;2017;1770.0;882.0;882.0;0.0;3027.0;725.0;2637.0;3380.0;89898.0;both;Pacatuba - CE;1035916.0;903242.0;13544.0;1.5;both
2309706;Pacatuba - CE;2018;1924.0;434.0;434.0;0.0;3115.0;835.0;2654.0;3395.0;95358.0;both;Pacatuba - CE;1162125.0;1006374.0;18952.0;1.88;both
2309706;Pacatuba - CE;2019;2447.0;706.0;706.0;0.0;3206.0;860.0;2733.0;3491.0;125328.0;both;Pacatuba - CE;1024547.0;905289.0;16252.0;1.8;both
2309706;Pacatuba - CE;2020;2481.0;422.0;422.0;0.0;2556.0;756.0;2522.0;3299.0;123166.0;both;Pacatuba - CE;1099201.0;966297.0;19659.0;2.03;both
2309706;Pacatuba - CE;2021;3716.0;410.0;410.0;0.0;2364.0;782.0;2597.0;3397.0;126592.0;both;Pacatuba - CE;1235176.0;1076595.0;27969.0;2.6;both
2309706;Pacatuba - CE;2022;4354.0;509.0;509.0;0.0;2339.0;708.0;2497.0;3476.0;124828.0;both;Pacatuba - CE;1460733.0;;;;both
2309706;Pacatuba - CE;2023;4837.0;501.0;501.0;0.0;2571.0;686.0;2417.0;3542.0;164375.0;both;Pacatuba - CE;1714352.0;;;;both
2309706;Pacatuba - CE;2024;4706.0;456.0;456.0;0.0;2597.0;658.0;2344.0;3719.0;121800.0;both;;;;;;left_only
2309805;Pacoti - CE;2003;12101.0;2903.0;2903.0;0.0;3502.0;386.0;103.0;1368.0;22012.0;both;Pacoti - CE;32213.0;31516.0;13725.0;43.55;both
2309805;Pacoti - CE;2004;14729.0;2923.0;2923.0;0.0;3506.0;391.0;105.0;1372.0;22092.0;both;Pacoti - CE;36943.0;36060.0;16556.0;45.91;both
2309805;Pacoti - CE;2005;15737.0;2923.0;2923.0;0.0;3512.0;396.0;107.0;1377.0;22184.0;both;Pacoti - CE;40037.0;39058.0;16694.0;42.74;both
2309805;Pacoti - CE;2006;17887.0;2997.0;2997.0;0.0;3518.0;399.0;109.0;1383.0;22277.0;both;Pacoti - CE;51003.0;49799.0;23102.0;46.39;both
2309805;Pacoti - CE;2007;19625.0;2943.0;2943.0;0.0;3524.0;405.0;111.0;1389.0;22376.0;both;Pacoti - CE;50516.0;49328.0;21787.0;44.17;both
2309805;Pacoti - CE;2008;21224.0;3048.0;3048.0;0.0;3531.0;410.0;113.0;1397.0;22483.0;both;Pacoti - CE;61833.0;60579.0;28592.0;47.2;both
2309805;Pacoti - CE;2009;21651.0;3202.0;3202.0;0.0;3542.0;417.0;116.0;1409.0;22494.0;both;Pacoti - CE;67819.0;66739.0;29597.0;44.35;both
2309805;Pacoti - CE;2010;21604.0;4087.0;4087.0;0.0;3553.0;420.0;118.0;1420.0;22669.0;both;Pacoti - CE;82054.0;80986.0;35572.0;43.92;both
2309805;Pacoti - CE;2011;21848.0;3251.0;3251.0;0.0;3564.0;424.0;121.0;1432.0;22852.0;both;Pacoti - CE;91720.0;90502.0;42065.0;46.48;both
2309805;Pacoti - CE;2012;15237.0;2718.0;2718.0;0.0;836.0;416.0;117.0;1388.0;22201.0;both;Pacoti - CE;78109.0;76238.0;26077.0;34.2;both
2309805;Pacoti - CE;2013;13683.0;2727.0;2727.0;0.0;762.0;421.0;121.0;1525.0;24421.0;both;Pacoti - CE;91982.0;90203.0;32049.0;35.53;both
2309805;Pacoti - CE;2014;21483.0;2903.0;2903.0;0.0;779.0;424.0;125.0;1631.0;26643.0;both;Pacoti - CE;114451.0;113758.0;45114.0;39.66;both
2309805;Pacoti - CE;2015;11735.0;3169.0;3149.0;0.00631113916061854;759.0;420.0;121.0;1746.0;29095.0;both;Pacoti - CE;99316.0;96845.0;25500.0;26.33;both
2309805;Pacoti - CE;2016;16739.0;2934.0;2934.0;0.0;737.0;415.0;118.0;1815.0;30320.0;both;Pacoti - CE;124959.0;122783.0;45693.0;37.21;both
2309805;Pacoti - CE;2017;13525.0;2984.0;2984.0;0.0;865.0;362.0;121.0;704.0;30220.0;both;Pacoti - CE;165597.0;161163.0;76345.0;47.37;both
2309805;Pacoti - CE;2018;3309.0;1604.0;1604.0;0.0;890.0;296.0;265.0;698.0;15486.0;both;Pacoti - CE;109295.0;104911.0;21196.0;20.2;both
2309805;Pacoti - CE;2019;6517.0;1434.0;1434.0;0.0;921.0;320.0;286.0;719.0;17201.0;both;Pacoti - CE;126746.0;121655.0;30255.0;24.87;both
2309805;Pacoti - CE;2020;6153.0;1419.0;1419.0;0.0;953.0;336.0;300.0;741.0;19093.0;both;Pacoti - CE;136416.0;131299.0;39266.0;29.91;both
2309805;Pacoti - CE;2021;6494.0;1403.0;1403.0;0.0;980.0;300.0;330.0;728.0;19400.0;both;Pacoti - CE;148366.0;142130.0;45198.0;31.8;both
2309805;Pacoti - CE;2022;6292.0;1392.0;1392.0;0.0;931.0;250.0;280.0;691.0;18430.0;both;Pacoti - CE;153002.0;;;;both
2309805;Pacoti - CE;2023;6235.0;1303.0;1303.0;0.0;968.0;238.0;266.0;712.0;18983.0;both;Pacoti - CE;175379.0;;;;both
2309805;Pacoti - CE;2024;5056.0;1179.0;1179.0;0.0;1200.0;226.0;261.0;676.0;20502.0;both;;;;;;left_only
2309904;Pacujá - CE;2003;7192.0;2869.0;2869.0;0.0;1921.0;1821.0;1841.0;2703.0;10518.0;both;Pacujá - CE;11232.0;10769.0;2108.0;19.57;both
2309904;Pacujá - CE;2004;3933.0;2650.0;2650.0;0.0;1954.0;1860.0;1883.0;2691.0;10657.0;both;Pacujá - CE;11803.0;11264.0;1691.0;15.01;both
2309904;Pacujá - CE;2005;3164.0;1652.0;1652.0;0.0;1963.0;1910.0;1973.0;2685.0;10712.0;both;Pacujá - CE;12398.0;11789.0;1572.0;13.34;both
2309904;Pacujá - CE;2006;2415.0;2675.0;2675.0;0.0;1982.0;1948.0;2012.0;2694.0;10790.0;both;Pacujá - CE;14997.0;14284.0;1954.0;13.68;both
2309904;Pacujá - CE;2007;2723.0;2750.0;2750.0;0.0;1978.0;1921.0;2001.0;2694.0;10844.0;both;Pacujá - CE;15952.0;15269.0;2130.0;13.95;both
2309904;Pacujá - CE;2008;2332.0;2766.0;2766.0;0.0;1848.0;1834.0;1940.0;2728.0;10440.0;both;Pacujá - CE;18676.0;17945.0;1789.0;9.97;both
2309904;Pacujá - CE;2009;1532.0;2849.0;2849.0;0.0;1885.0;1907.0;1979.0;2782.0;10544.0;both;Pacujá - CE;20766.0;19982.0;1914.0;9.58;both
2309904;Pacujá - CE;2010;940.0;2744.0;2744.0;0.0;1915.0;1931.0;2016.0;2801.0;10613.0;both;Pacujá - CE;25582.0;24466.0;1728.0;7.06;both
2309904;Pacujá - CE;2011;2580.0;2307.0;2307.0;0.0;1943.0;1962.0;2054.0;2846.0;10824.0;both;Pacujá - CE;27994.0;26865.0;2759.0;10.27;both
2309904;Pacujá - CE;2012;1140.0;2318.0;2318.0;0.0;1830.0;1860.0;2020.0;2799.0;10704.0;both;Pacujá - CE;30061.0;28697.0;1866.0;6.5;both
2309904;Pacujá - CE;2013;375.0;2133.0;2067.0;0.030942334739803123;1715.0;1683.0;1951.0;2678.0;10626.0;both;Pacujá - CE;32712.0;31414.0;1705.0;5.43;both
2309904;Pacujá - CE;2014;213.0;1136.0;1136.0;0.0;1652.0;1598.0;1841.0;2564.0;11124.0;both;Pacujá - CE;37116.0;35743.0;1587.0;4.44;both
2309904;Pacujá - CE;2015;358.0;1998.0;1998.0;0.0;1702.0;1598.0;1840.0;2565.0;11140.0;both;Pacujá - CE;40051.0;38243.0;2038.0;5.33;both
2309904;Pacujá - CE;2016;425.0;1950.0;1950.0;0.0;1771.0;1310.0;1490.0;2610.0;11143.0;both;Pacujá - CE;43465.0;41486.0;2725.0;6.57;both
2309904;Pacujá - CE;2017;947.0;1963.0;1963.0;0.0;1760.0;1205.0;1450.0;2360.0;11150.0;both;Pacujá - CE;47602.0;45299.0;2900.0;6.4;both
2309904;Pacujá - CE;2018;603.0;1055.0;1055.0;0.0;1894.0;1350.0;1537.0;2006.0;11596.0;both;Pacujá - CE;48002.0;45537.0;1999.0;4.39;both
2309904;Pacujá - CE;2019;491.0;955.0;955.0;0.0;2005.0;1380.0;1595.0;1977.0;11901.0;both;Pacujá - CE;51024.0;48597.0;1901.0;3.91;both
2309904;Pacujá - CE;2020;555.0;975.0;975.0;0.0;1965.0;1409.0;1654.0;2078.0;12787.0;both;Pacujá - CE;55348.0;52966.0;3612.0;6.82;both
2309904;Pacujá - CE;2021;580.0;976.0;976.0;0.0;1998.0;1001.0;1224.0;1766.0;9845.0;both;Pacujá - CE;59940.0;57188.0;4262.0;7.45;both
2309904;Pacujá - CE;2022;381.0;979.0;979.0;0.0;1780.0;940.0;1150.0;1850.0;9540.0;both;Pacujá - CE;68377.0;;;;both
2309904;Pacujá - CE;2023;345.0;973.0;973.0;0.0;1689.0;907.0;1090.0;1892.0;9897.0;both;Pacujá - CE;81237.0;;;;both
2309904;Pacujá - CE;2024;342.0;952.0;952.0;0.0;1780.0;795.0;930.0;2176.0;9204.0;both;;;;;;left_only
2310001;Palhano - CE;2003;4944.0;6880.0;6880.0;0.0;2691.0;4194.0;4142.0;1008.0;10894.0;both;Palhano - CE;16473.0;15966.0;4339.0;27.17;both
2310001;Palhano - CE;2004;11658.0;8430.0;8430.0;0.0;2737.0;4416.0;4424.0;1042.0;11431.0;both;Palhano - CE;18647.0;18044.0;4942.0;27.39;both
2310001;Palhano - CE;2005;4336.0;7334.0;7334.0;0.0;2835.0;4831.0;4857.0;1091.0;12068.0;both;Palhano - CE;19192.0;18507.0;4736.0;25.59;both
2310001;Palhano - CE;2006;8182.0;8980.0;8980.0;0.0;2913.0;5063.0;5114.0;1128.0;12527.0;both;Palhano - CE;21260.0;20516.0;5126.0;24.99;both
2310001;Palhano - CE;2007;34418.0;13158.0;13158.0;0.0;2985.0;5341.0;5421.0;1166.0;12981.0;both;Palhano - CE;23861.0;23173.0;6575.0;28.37;both
2310001;Palhano - CE;2008;11769.0;13070.0;13070.0;0.0;3070.0;5600.0;5715.0;1220.0;13445.0;both;Palhano - CE;28838.0;28022.0;8314.0;29.67;both
2310001;Palhano - CE;2009;25662.0;16270.0;16270.0;0.0;3154.0;5796.0;5972.0;1261.0;13880.0;both;Palhano - CE;31820.0;30967.0;7289.0;23.54;both
2310001;Palhano - CE;2010;39699.0;15740.0;15740.0;0.0;3239.0;5998.0;6226.0;1301.0;14320.0;both;Palhano - CE;38507.0;37196.0;8550.0;22.99;both
2310001;Palhano - CE;2011;25490.0;14920.0;14920.0;0.0;3335.0;6232.0;6506.0;1346.0;14836.0;both;Palhano - CE;43001.0;41522.0;10958.0;26.39;both
2310001;Palhano - CE;2012;7638.0;15720.0;15720.0;0.0;3786.0;6568.0;6883.0;1388.0;15319.0;both;Palhano - CE;42963.0;40583.0;6717.0;16.55;both
2310001;Palhano - CE;2013;31739.0;15995.0;15995.0;0.0;3672.0;6935.0;7309.0;1435.0;15962.0;both;Palhano - CE;52839.0;50595.0;11705.0;23.14;both
2310001;Palhano - CE;2014;44388.0;15214.0;15214.0;0.0;3398.0;7234.0;7982.0;1501.0;16654.0;both;Palhano - CE;63154.0;60088.0;13081.0;21.77;both
2310001;Palhano - CE;2015;7429.0;14475.0;14475.0;0.0;3198.0;7463.0;8674.0;1534.0;18964.0;both;Palhano - CE;62302.0;58670.0;7658.0;13.05;both
2310001;Palhano - CE;2016;15312.0;18468.0;18468.0;0.0;2984.0;7964.0;9106.0;1568.0;19876.0;both;Palhano - CE;63795.0;60772.0;10335.0;17.01;both
2310001;Palhano - CE;2017;2228.0;9210.0;9210.0;0.0;3454.0;5267.0;7364.0;3243.0;17986.0;both;Palhano - CE;76962.0;73511.0;14811.0;20.15;both
2310001;Palhano - CE;2018;18023.0;7425.0;7425.0;0.0;3297.0;5374.0;7643.0;3289.0;18368.0;both;Palhano - CE;78774.0;75297.0;14643.0;19.45;both
2310001;Palhano - CE;2019;22067.0;7145.0;7145.0;0.0;3387.0;5538.0;7896.0;3324.0;18786.0;both;Palhano - CE;89570.0;84768.0;17003.0;20.06;both
2310001;Palhano - CE;2020;20852.0;7405.0;7405.0;0.0;3436.0;5673.0;7982.0;3432.0;19064.0;both;Palhano - CE;93529.0;88885.0;18122.0;20.39;both
2310001;Palhano - CE;2021;29714.0;7835.0;7835.0;0.0;3517.0;6065.0;8798.0;3610.0;20905.0;both;Palhano - CE;98773.0;93323.0;17809.0;19.08;both
2310001;Palhano - CE;2022;32703.0;7653.0;7653.0;0.0;3608.0;4197.0;11674.0;3726.0;21616.0;both;Palhano - CE;116455.0;;;;both
2310001;Palhano - CE;2023;28069.0;7439.0;7439.0;0.0;3408.0;4456.0;12542.0;3965.0;22786.0;both;Palhano - CE;125162.0;;;;both
2310001;Palhano - CE;2024;23392.0;7715.0;7715.0;0.0;3856.0;4767.0;13546.0;4342.0;24892.0;both;;;;;;left_only
2310100;Palmácia - CE;2003;12152.0;2523.0;2523.0;0.0;2803.0;87.0;1980.0;1159.0;25270.0;both;Palmácia - CE;25614.0;25035.0;9210.0;36.79;both
2310100;Palmácia - CE;2004;14370.0;2623.0;2623.0;0.0;2811.0;89.0;2023.0;1169.0;25356.0;both;Palmácia - CE;27634.0;26986.0;10441.0;38.69;both
2310100;Palmácia - CE;2005;14184.0;2596.0;2596.0;0.0;2822.0;91.0;2084.0;1180.0;25426.0;both;Palmácia - CE;27028.0;26430.0;10192.0;38.56;both
2310100;Palmácia - CE;2006;14703.0;2566.0;2566.0;0.0;2834.0;93.0;2009.0;1192.0;25509.0;both;Palmácia - CE;31838.0;31139.0;13851.0;44.48;both
2310100;Palmácia - CE;2007;15247.0;2588.0;2588.0;0.0;2855.0;97.0;2040.0;1214.0;25611.0;both;Palmácia - CE;32198.0;31496.0;11406.0;36.21;both
2310100;Palmácia - CE;2008;17724.0;2680.0;2680.0;0.0;2870.0;102.0;2065.0;1238.0;25729.0;both;Palmácia - CE;41461.0;40588.0;16585.0;40.86;both
2310100;Palmácia - CE;2009;17944.0;2760.0;2760.0;0.0;2888.0;110.0;2083.0;1247.0;25882.0;both;Palmácia - CE;47617.0;46852.0;17761.0;37.91;both
2310100;Palmácia - CE;2010;17736.0;3329.0;3329.0;0.0;2908.0;115.0;2109.0;1276.0;26049.0;both;Palmácia - CE;60122.0;58534.0;21070.0;36.0;both
2310100;Palmácia - CE;2011;18259.0;2812.0;2812.0;0.0;2930.0;120.0;2137.0;1309.0;26131.0;both;Palmácia - CE;69294.0;67803.0;26191.0;38.63;both
2310100;Palmácia - CE;2012;14500.0;2418.0;2418.0;0.0;3082.0;118.0;2073.0;1272.0;26310.0;both;Palmácia - CE;61559.0;59884.0;16248.0;27.13;both
2310100;Palmácia - CE;2013;3910.0;1880.0;1874.0;0.0031914893617021045;3305.0;123.0;2082.0;1398.0;28941.0;both;Palmácia - CE;58579.0;56935.0;8360.0;14.68;both
2310100;Palmácia - CE;2014;11936.0;2314.0;2314.0;0.0;3399.0;131.0;2230.0;1499.0;31610.0;both;Palmácia - CE;89085.0;87235.0;30582.0;35.06;both
2310100;Palmácia - CE;2015;7426.0;2110.0;2110.0;0.0;3600.0;139.0;2381.0;1609.0;34310.0;both;Palmácia - CE;82823.0;80753.0;22442.0;27.79;both
2310100;Palmácia - CE;2016;6236.0;1965.0;1965.0;0.0;3750.0;143.0;2512.0;1720.0;34530.0;both;Palmácia - CE;83520.0;81334.0;22148.0;27.23;both
2310100;Palmácia - CE;2017;7711.0;2384.0;2384.0;0.0;2481.0;303.0;490.0;591.0;41000.0;both;Palmácia - CE;100907.0;98489.0;35178.0;35.72;both
2310100;Palmácia - CE;2018;5570.0;1438.0;1438.0;0.0;2980.0;410.0;720.0;748.0;39072.0;both;Palmácia - CE;93836.0;91348.0;25362.0;27.76;both
2310100;Palmácia - CE;2019;5030.0;1398.0;1398.0;0.0;3040.0;422.0;742.0;763.0;43761.0;both;Palmácia - CE;93879.0;90911.0;18515.0;20.37;both
2310100;Palmácia - CE;2020;6515.0;1678.0;1678.0;0.0;3101.0;435.0;764.0;778.0;48137.0;both;Palmácia - CE;118148.0;114936.0;34424.0;29.95;both
2310100;Palmácia - CE;2021;5755.0;1486.0;1486.0;0.0;3105.0;432.0;761.0;780.0;57503.0;both;Palmácia - CE;115124.0;111443.0;28075.0;25.19;both
2310100;Palmácia - CE;2022;5626.0;1575.0;1575.0;0.0;3300.0;405.0;750.0;820.0;58890.0;both;Palmácia - CE;120067.0;;;;both
2310100;Palmácia - CE;2023;5496.0;1631.0;1631.0;0.0;3630.0;373.0;675.0;970.0;64800.0;both;Palmácia - CE;141264.0;;;;both
2310100;Palmácia - CE;2024;5342.0;1640.0;1640.0;0.0;3745.0;385.0;700.0;1000.0;68800.0;both;;;;;;left_only
2310209;Paracuru - CE;2003;168013.0;9210.0;9210.0;0.0;4555.0;180.0;1610.0;1818.0;384740.0;both;Paracuru - CE;132938.0;129585.0;13920.0;10.74;both
2310209;Paracuru - CE;2004;159439.0;9610.0;9610.0;0.0;5271.0;187.0;1691.0;1905.0;398502.0;both;Paracuru - CE;144787.0;140361.0;15058.0;10.73;both
2310209;Paracuru - CE;2005;166005.0;10130.0;10130.0;0.0;5350.0;191.0;1759.0;1944.0;411505.0;both;Paracuru - CE;180193.0;174871.0;16970.0;9.7;both
2310209;Paracuru - CE;2006;207780.0;10530.0;10530.0;0.0;5404.0;199.0;1847.0;2001.0;418320.0;both;Paracuru - CE;181151.0;175597.0;19945.0;11.36;both
2310209;Paracuru - CE;2007;213249.0;10320.0;10320.0;0.0;5458.0;208.0;1939.0;2076.0;626636.0;both;Paracuru - CE;175191.0;168953.0;26633.0;15.76;both
2310209;Paracuru - CE;2008;210559.0;9707.0;9707.0;0.0;5513.0;216.0;2036.0;2154.0;637687.0;both;Paracuru - CE;225576.0;216864.0;28258.0;13.03;both
2310209;Paracuru - CE;2009;202252.0;11470.0;11470.0;0.0;5568.0;225.0;2169.0;2234.0;645230.0;both;Paracuru - CE;207755.0;200738.0;27821.0;13.86;both
2310209;Paracuru - CE;2010;199601.0;8719.0;8719.0;0.0;4618.0;234.0;2256.0;2317.0;688811.0;both;Paracuru - CE;252872.0;241179.0;29430.0;12.2;both
2310209;Paracuru - CE;2011;208464.0;8376.0;8376.0;0.0;4664.0;244.0;2324.0;2384.0;672260.0;both;Paracuru - CE;295041.0;282693.0;34325.0;12.14;both
2310209;Paracuru - CE;2012;202228.0;8495.0;8495.0;0.0;4687.0;251.0;2417.0;2430.0;965238.0;both;Paracuru - CE;342303.0;326180.0;36332.0;11.14;both
2310209;Paracuru - CE;2013;8224.0;3489.0;3489.0;0.0;4653.0;348.0;2441.0;2503.0;1096196.0;both;Paracuru - CE;370570.0;351354.0;39165.0;11.15;both
2310209;Paracuru - CE;2014;15629.0;3160.0;3160.0;0.0;4563.0;355.0;2490.0;2554.0;1151005.0;both;Paracuru - CE;425149.0;404935.0;43662.0;10.78;both
2310209;Paracuru - CE;2015;21409.0;2741.0;2741.0;0.0;4600.0;365.0;2500.0;2602.0;1163007.0;both;Paracuru - CE;405883.0;381761.0;47272.0;12.38;both
2310209;Paracuru - CE;2016;14059.0;2067.0;1387.0;0.32897919690372524;3846.0;341.0;2410.0;2436.0;1245321.0;both;Paracuru - CE;415286.0;389414.0;41007.0;10.53;both
2310209;Paracuru - CE;2017;18823.0;3209.0;3209.0;0.0;3884.0;348.0;2434.0;1583.0;1556651.0;both;Paracuru - CE;475887.0;449323.0;55028.0;12.25;both
2310209;Paracuru - CE;2018;19628.0;1900.0;1900.0;0.0;4012.0;329.0;2524.0;1684.0;972907.0;both;Paracuru - CE;488941.0;458704.0;39682.0;8.65;both
2310209;Paracuru - CE;2019;11081.0;1899.0;1899.0;0.0;3900.0;342.0;2625.0;1760.0;897145.0;both;Paracuru - CE;505684.0;476953.0;41495.0;8.7;both
2310209;Paracuru - CE;2020;14300.0;2037.0;2037.0;0.0;3650.0;358.0;2520.0;1675.0;875428.0;both;Paracuru - CE;518432.0;489022.0;50386.0;10.3;both
2310209;Paracuru - CE;2021;11640.0;2109.0;2109.0;0.0;3725.0;382.0;2546.0;1810.0;880813.0;both;Paracuru - CE;555931.0;517680.0;49258.0;9.52;both
2310209;Paracuru - CE;2022;5716.0;2221.0;2221.0;0.0;3888.0;386.0;2711.0;1870.0;913130.0;both;Paracuru - CE;595518.0;;;;both
2310209;Paracuru - CE;2023;6445.0;2329.0;2329.0;0.0;4300.0;381.0;2598.0;1980.0;734797.0;both;Paracuru - CE;679587.0;;;;both
2310209;Paracuru - CE;2024;7049.0;2106.0;2106.0;0.0;4472.0;365.0;2468.0;2068.0;766798.0;both;;;;;;left_only
2310258;Paraipaba - CE;2003;221374.0;9738.0;9738.0;0.0;5807.0;389.0;1376.0;1922.0;29768.0;both;Paraipaba - CE;63254.0;60530.0;21155.0;34.95;both
2310258;Paraipaba - CE;2004;214043.0;10108.0;10108.0;0.0;5752.0;401.0;1431.0;1978.0;31199.0;both;Paraipaba - CE;75982.0;72367.0;21317.0;29.46;both
2310258;Paraipaba - CE;2005;222605.0;10732.0;10732.0;0.0;5838.0;417.0;1488.0;2036.0;32075.0;both;Paraipaba - CE;94081.0;88619.0;25384.0;28.64;both
2310258;Paraipaba - CE;2006;344539.0;10972.0;10972.0;0.0;5896.0;434.0;1562.0;2157.0;33298.0;both;Paraipaba - CE;116667.0;109438.0;31179.0;28.49;both
2310258;Paraipaba - CE;2007;328490.0;11212.0;11212.0;0.0;5954.0;451.0;1640.0;2239.0;34899.0;both;Paraipaba - CE;137906.0;131873.0;30717.0;23.29;both
2310258;Paraipaba - CE;2008;189461.0;12023.0;12023.0;0.0;6014.0;469.0;1722.0;2324.0;36262.0;both;Paraipaba - CE;132598.0;125829.0;31314.0;24.89;both
2310258;Paraipaba - CE;2009;219904.0;13807.0;13807.0;0.0;6074.0;488.0;1808.0;2413.0;37679.0;both;Paraipaba - CE;131385.0;122944.0;27148.0;22.08;both
2310258;Paraipaba - CE;2010;214693.0;12456.0;12456.0;0.0;7377.0;503.0;1880.0;2484.0;39116.0;both;Paraipaba - CE;182868.0;168903.0;27171.0;16.09;both
2310258;Paraipaba - CE;2011;245407.0;16890.0;16890.0;0.0;7451.0;578.0;1918.0;2558.0;40609.0;both;Paraipaba - CE;202168.0;186243.0;41481.0;22.27;both
2310258;Paraipaba - CE;2012;209085.0;16240.0;16240.0;0.0;7488.0;590.0;1976.0;2603.0;273664.0;both;Paraipaba - CE;224777.0;208035.0;42424.0;20.39;both
2310258;Paraipaba - CE;2013;97397.0;10585.0;10585.0;0.0;6336.0;578.0;1936.0;1954.0;218931.0;both;Paraipaba - CE;265461.0;245664.0;45291.0;18.44;both
2310258;Paraipaba - CE;2014;95087.0;15815.0;15815.0;0.0;6138.0;590.0;1950.0;1994.0;221120.0;both;Paraipaba - CE;329698.0;306066.0;79229.0;25.89;both
2310258;Paraipaba - CE;2015;108659.0;14362.0;14362.0;0.0;5950.0;570.0;1930.0;2100.0;223800.0;both;Paraipaba - CE;355526.0;329600.0;84702.0;25.7;both
2310258;Paraipaba - CE;2016;95218.0;12239.0;12239.0;0.0;5290.0;513.0;1737.0;1995.0;372000.0;both;Paraipaba - CE;411002.0;383730.0;115853.0;30.19;both
2310258;Paraipaba - CE;2017;93153.0;11511.0;11511.0;0.0;5343.0;319.0;1500.0;1190.0;457560.0;both;Paraipaba - CE;357111.0;328004.0;45753.0;13.95;both
2310258;Paraipaba - CE;2018;8826.0;10412.0;9412.0;0.09604302727621972;5613.0;337.0;1598.0;1237.0;334650.0;both;Paraipaba - CE;398908.0;366491.0;60514.0;16.51;both
2310258;Paraipaba - CE;2019;7610.0;8065.0;8065.0;0.0;5740.0;354.0;1685.0;1281.0;341390.0;both;Paraipaba - CE;439699.0;403764.0;66918.0;16.57;both
2310258;Paraipaba - CE;2020;7097.0;6500.0;6500.0;0.0;5458.0;370.0;1754.0;1307.0;377680.0;both;Paraipaba - CE;488484.0;453024.0;94087.0;20.77;both
2310258;Paraipaba - CE;2021;5937.0;6221.0;6221.0;0.0;5204.0;393.0;1864.0;1358.0;390250.0;both;Paraipaba - CE;535129.0;494438.0;126270.0;25.54;both
2310258;Paraipaba - CE;2022;4957.0;5592.0;5592.0;0.0;3383.0;407.0;1923.0;1290.0;472771.0;both;Paraipaba - CE;643388.0;;;;both
2310258;Paraipaba - CE;2023;6181.0;6484.0;6484.0;0.0;3583.0;398.0;1865.0;1380.0;385500.0;both;Paraipaba - CE;614090.0;;;;both
2310258;Paraipaba - CE;2024;4271.0;5320.0;5320.0;0.0;3628.0;405.0;1797.0;1435.0;365348.0;both;;;;;;left_only
2310308;Parambu - CE;2003;31216.0;44456.0;44456.0;0.0;27552.0;24129.0;49645.0;16058.0;85800.0;both;Parambu - CE;67850.0;66011.0;25881.0;39.21;both
2310308;Parambu - CE;2004;12315.0;36224.0;36224.0;0.0;26780.0;24466.0;50687.0;15731.0;84426.0;both;Parambu - CE;57213.0;55061.0;14153.0;25.7;both
2310308;Parambu - CE;2005;22674.0;27929.0;27929.0;0.0;26244.0;24710.0;51447.0;15476.0;83571.0;both;Parambu - CE;69323.0;66949.0;20338.0;30.38;both
2310308;Parambu - CE;2006;22243.0;31379.0;31379.0;0.0;26690.0;25031.0;52578.0;15772.0;85170.0;both;Parambu - CE;77608.0;74910.0;20755.0;27.71;both
2310308;Parambu - CE;2007;9481.0;32751.0;32751.0;0.0;26956.0;25380.0;53262.0;15929.0;86276.0;both;Parambu - CE;75954.0;73098.0;15876.0;21.72;both
2310308;Parambu - CE;2008;27923.0;32664.0;32664.0;0.0;26450.0;25507.0;53600.0;16095.0;87122.0;both;Parambu - CE;109641.0;105658.0;33219.0;31.44;both
2310308;Parambu - CE;2009;18220.0;33404.0;33404.0;0.0;25921.0;25762.0;54136.0;16255.0;88428.0;both;Parambu - CE;102433.0;99068.0;21775.0;21.98;both
2310308;Parambu - CE;2010;5609.0;28139.0;28139.0;0.0;25450.0;25236.0;53053.0;16025.0;87014.0;both;Parambu - CE;118592.0;113280.0;16284.0;14.38;both
2310308;Parambu - CE;2011;17300.0;30835.0;30835.0;0.0;26213.0;25500.0;53560.0;16345.0;88754.0;both;Parambu - CE;142908.0;137246.0;30715.0;22.38;both
2310308;Parambu - CE;2012;965.0;30059.0;30059.0;0.0;29694.0;25041.0;52595.0;16099.0;86534.0;both;Parambu - CE;130924.0;123797.0;12991.0;10.49;both
2310308;Parambu - CE;2013;1688.0;18719.0;18719.0;0.0;27021.0;24540.0;51806.0;15825.0;85235.0;both;Parambu - CE;149030.0;141273.0;15356.0;10.87;both
2310308;Parambu - CE;2014;6270.0;19755.0;19755.0;0.0;26950.0;24330.0;51365.0;15706.0;84555.0;both;Parambu - CE;175492.0;167321.0;23522.0;14.06;both
2310308;Parambu - CE;2015;5649.0;22431.0;22431.0;0.0;26870.0;24670.0;50979.0;15600.0;85570.0;both;Parambu - CE;198473.0;189513.0;24523.0;12.94;both
2310308;Parambu - CE;2016;4659.0;23301.0;23301.0;0.0;26736.0;25040.0;51540.0;15912.0;86425.0;both;Parambu - CE;206119.0;196843.0;32214.0;16.37;both
2310308;Parambu - CE;2017;5574.0;23687.0;23687.0;0.0;26201.0;25390.0;52055.0;16071.0;87289.0;both;Parambu - CE;204761.0;194525.0;27183.0;13.97;both
2310308;Parambu - CE;2018;7813.0;21760.0;21760.0;0.0;22900.0;25900.0;52836.0;16183.0;87638.0;both;Parambu - CE;217507.0;206851.0;25459.0;12.31;both
2310308;Parambu - CE;2019;8447.0;19955.0;19955.0;0.0;23129.0;26300.0;53740.0;16380.0;88420.0;both;Parambu - CE;240079.0;226765.0;27350.0;12.06;both
2310308;Parambu - CE;2020;11974.0;20295.0;20295.0;0.0;23476.0;26747.0;54546.0;16511.0;89038.0;both;Parambu - CE;263486.0;249845.0;40982.0;16.4;both
2310308;Parambu - CE;2021;7556.0;20500.0;20500.0;0.0;23124.0;25677.0;51818.0;14860.0;79243.0;both;Parambu - CE;288689.0;272534.0;47932.0;17.59;both
2310308;Parambu - CE;2022;6350.0;20265.0;20265.0;0.0;23500.0;25880.0;52420.0;15500.0;80700.0;both;Parambu - CE;309635.0;;;;both
2310308;Parambu - CE;2023;3272.0;19445.0;19445.0;0.0;24675.0;24610.0;49860.0;16175.0;76660.0;both;Parambu - CE;349488.0;;;;both
2310308;Parambu - CE;2024;8227.0;20051.0;20051.0;0.0;28033.0;26964.0;58834.0;18500.0;71450.0;both;;;;;;left_only
2310407;Paramoti - CE;2003;3297.0;4432.0;4432.0;0.0;5658.0;4013.0;7523.0;3935.0;28219.0;both;Paramoti - CE;19321.0;18850.0;4582.0;24.31;both
2310407;Paramoti - CE;2004;2988.0;5514.0;4617.0;0.16267682263329708;5884.0;4173.0;7823.0;4067.0;29066.0;both;Paramoti - CE;21689.0;20986.0;4959.0;23.63;both
2310407;Paramoti - CE;2005;2658.0;6660.0;6660.0;0.0;6001.0;4319.0;8104.0;4180.0;29733.0;both;Paramoti - CE;23876.0;23040.0;4753.0;20.63;both
2310407;Paramoti - CE;2006;7658.0;7499.0;7499.0;0.0;6181.0;4449.0;8347.0;4303.0;30625.0;both;Paramoti - CE;32028.0;31063.0;8551.0;27.53;both
2310407;Paramoti - CE;2007;3734.0;7382.0;7382.0;0.0;6304.0;4538.0;8514.0;4388.0;31236.0;both;Paramoti - CE;31507.0;30646.0;6084.0;19.85;both
2310407;Paramoti - CE;2008;7048.0;7590.0;7590.0;0.0;6367.0;4592.0;8616.0;4427.0;31549.0;both;Paramoti - CE;40676.0;39560.0;9283.0;23.46;both
2310407;Paramoti - CE;2009;2812.0;9638.0;9638.0;0.0;6437.0;4661.0;8737.0;4483.0;32072.0;both;Paramoti - CE;40284.0;39122.0;5577.0;14.26;both
2310407;Paramoti - CE;2010;4206.0;9636.0;9636.0;0.0;6617.0;4800.0;8999.0;4617.0;33033.0;both;Paramoti - CE;47722.0;46300.0;7648.0;16.52;both
2310407;Paramoti - CE;2011;11661.0;11576.0;11576.0;0.0;6815.0;4927.0;9255.0;4726.0;39867.0;both;Paramoti - CE;62051.0;60728.0;17462.0;28.75;both
2310407;Paramoti - CE;2012;3903.0;8547.0;8547.0;0.0;5860.0;4187.0;7866.0;3911.0;32882.0;both;Paramoti - CE;51688.0;50080.0;7194.0;14.36;both
2310407;Paramoti - CE;2013;1412.0;1699.0;1697.0;0.0011771630370805974;5576.0;4124.0;7708.0;3308.0;32389.0;both;Paramoti - CE;72581.0;70691.0;17499.0;24.75;both
2310407;Paramoti - CE;2014;1658.0;3207.0;3207.0;0.0;5464.0;4180.0;7750.0;3274.0;31741.0;both;Paramoti - CE;66194.0;64060.0;7544.0;11.78;both
2310407;Paramoti - CE;2015;1425.0;6111.0;6111.0;0.0;4644.0;4290.0;7815.0;2920.0;31640.0;both;Paramoti - CE;74645.0;71727.0;8021.0;11.18;both
2310407;Paramoti - CE;2016;1013.0;5233.0;5233.0;0.0;4840.0;4170.0;7690.0;2780.0;31380.0;both;Paramoti - CE;78644.0;75923.0;9083.0;11.96;both
2310407;Paramoti - CE;2017;6855.0;10049.0;10049.0;0.0;2996.0;2653.0;4126.0;2003.0;11924.0;both;Paramoti - CE;95832.0;92643.0;18754.0;20.24;both
2310407;Paramoti - CE;2018;8257.0;10859.0;10859.0;0.0;3145.0;2865.0;4621.0;2103.0;11564.0;both;Paramoti - CE;96409.0;93465.0;17086.0;18.28;both
2310407;Paramoti - CE;2019;11806.0;15192.0;15192.0;0.0;3048.0;2797.0;4508.0;2076.0;11836.0;both;Paramoti - CE;107547.0;104188.0;25154.0;24.14;both
2310407;Paramoti - CE;2020;9954.0;18018.0;18018.0;0.0;3134.0;2839.0;4580.0;2009.0;11374.0;both;Paramoti - CE;110773.0;107303.0;24673.0;22.99;both
2310407;Paramoti - CE;2021;3630.0;14825.0;14825.0;0.0;3211.0;2879.0;4666.0;1958.0;11787.0;both;Paramoti - CE;110908.0;106618.0;18704.0;17.54;both
2310407;Paramoti - CE;2022;5599.0;14830.0;14830.0;0.0;3429.0;2970.0;4789.0;1830.0;12390.0;both;Paramoti - CE;121524.0;;;;both
2310407;Paramoti - CE;2023;5849.0;18977.0;18977.0;0.0;3189.0;2850.0;4986.0;2129.0;11796.0;both;Paramoti - CE;137553.0;;;;both
2310407;Paramoti - CE;2024;5086.0;18431.0;18431.0;0.0;3116.0;2926.0;5123.0;2072.0;11452.0;both;;;;;;left_only
2310506;Pedra Branca - CE;2003;20341.0;22517.0;22517.0;0.0;24800.0;15260.0;24150.0;12970.0;109250.0;both;Pedra Branca - CE;74169.0;71839.0;19790.0;27.55;both
2310506;Pedra Branca - CE;2004;20437.0;22747.0;21817.0;0.04088451224337275;26400.0;16480.0;26200.0;13170.0;112000.0;both;Pedra Branca - CE;76359.0;73391.0;16769.0;22.85;both
2310506;Pedra Branca - CE;2005;19478.0;20577.0;20577.0;0.0;27390.0;17200.0;27380.0;13340.0;113500.0;both;Pedra Branca - CE;108474.0;103483.0;19409.0;18.76;both
2310506;Pedra Branca - CE;2006;19883.0;18732.0;18732.0;0.0;27800.0;17500.0;27800.0;13050.0;114550.0;both;Pedra Branca - CE;96353.0;92248.0;19690.0;21.34;both
2310506;Pedra Branca - CE;2007;13475.0;29920.0;29920.0;0.0;28600.0;18030.0;28600.0;13300.0;115850.0;both;Pedra Branca - CE;99565.0;95398.0;17303.0;18.14;both
2310506;Pedra Branca - CE;2008;35314.0;29170.0;29170.0;0.0;29450.0;18660.0;29680.0;13510.0;113880.0;both;Pedra Branca - CE;143196.0;138224.0;40980.0;29.65;both
2310506;Pedra Branca - CE;2009;11194.0;27076.0;20390.0;0.24693455458708824;30040.0;19050.0;30460.0;12930.0;114070.0;both;Pedra Branca - CE;132345.0;127407.0;18446.0;14.48;both
2310506;Pedra Branca - CE;2010;8412.0;15883.0;15883.0;0.0;30850.0;19700.0;35500.0;11760.0;115150.0;both;Pedra Branca - CE;158422.0;151766.0;19173.0;12.63;both
2310506;Pedra Branca - CE;2011;24457.0;26710.0;26710.0;0.0;31700.0;20480.0;36700.0;11980.0;116160.0;both;Pedra Branca - CE;193924.0;186886.0;39841.0;21.32;both
2310506;Pedra Branca - CE;2012;1744.0;13837.0;13802.0;0.0025294500252944774;34820.0;19600.0;34800.0;11360.0;109700.0;both;Pedra Branca - CE;173651.0;165035.0;12985.0;7.87;both
2310506;Pedra Branca - CE;2013;3160.0;8478.0;8478.0;0.0;33020.0;18420.0;32364.0;10678.0;100924.0;both;Pedra Branca - CE;204011.0;194151.0;19223.0;9.9;both
2310506;Pedra Branca - CE;2014;3840.0;10540.0;10540.0;0.0;32200.0;18140.0;31880.0;10560.0;95800.0;both;Pedra Branca - CE;234580.0;223458.0;18960.0;8.48;both
2310506;Pedra Branca - CE;2015;3030.0;12744.0;12709.0;0.002746390458254866;29000.0;17500.0;29900.0;9820.0;88140.0;both;Pedra Branca - CE;249474.0;236583.0;19790.0;8.36;both
2310506;Pedra Branca - CE;2016;1906.0;10268.0;10268.0;0.0;29240.0;7685.0;25503.0;10192.0;89500.0;both;Pedra Branca - CE;266683.0;253224.0;20947.0;8.27;both
2310506;Pedra Branca - CE;2017;1362.0;12787.0;12787.0;0.0;24433.0;8308.0;23972.0;9556.0;86044.0;both;Pedra Branca - CE;281948.0;267796.0;16539.0;6.18;both
2310506;Pedra Branca - CE;2018;5635.0;13992.0;13992.0;0.0;28500.0;9850.0;25860.0;10485.0;95800.0;both;Pedra Branca - CE;300170.0;286284.0;24605.0;8.59;both
2310506;Pedra Branca - CE;2019;6559.0;13322.0;13322.0;0.0;27650.0;9980.0;26450.0;10250.0;98400.0;both;Pedra Branca - CE;332992.0;317991.0;22648.0;7.12;both
2310506;Pedra Branca - CE;2020;11366.0;13271.0;13271.0;0.0;29038.0;10250.0;25840.0;11250.0;103000.0;both;Pedra Branca - CE;378258.0;362232.0;39871.0;11.01;both
2310506;Pedra Branca - CE;2021;7276.0;13300.0;13300.0;0.0;30102.0;10352.0;26584.0;11950.0;105000.0;both;Pedra Branca - CE;389914.0;369751.0;40783.0;11.03;both
2310506;Pedra Branca - CE;2022;7300.0;13266.0;13266.0;0.0;30957.0;11204.0;28410.0;12502.0;106510.0;both;Pedra Branca - CE;411066.0;;;;both
2310506;Pedra Branca - CE;2023;4598.0;13395.0;13395.0;0.0;32038.0;12340.0;29352.0;15233.0;109342.0;both;Pedra Branca - CE;481197.0;;;;both
2310506;Pedra Branca - CE;2024;5210.0;14136.0;14136.0;0.0;34338.0;12845.0;31589.0;15842.0;110251.0;both;;;;;;left_only
2310605;Penaforte - CE;2003;3278.0;2449.0;2449.0;0.0;3038.0;333.0;817.0;700.0;12123.0;both;Penaforte - CE;14977.0;14398.0;3073.0;21.34;both
2310605;Penaforte - CE;2004;1937.0;3541.0;3066.0;0.1341428974865857;3096.0;346.0;841.0;722.0;12448.0;both;Penaforte - CE;13728.0;13016.0;1658.0;12.74;both
2310605;Penaforte - CE;2005;1287.0;1863.0;1863.0;0.0;3159.0;360.0;880.0;749.0;12882.0;both;Penaforte - CE;16453.0;15621.0;1501.0;9.61;both
2310605;Penaforte - CE;2006;3849.0;2263.0;2263.0;0.0;3258.0;378.0;902.0;765.0;13368.0;both;Penaforte - CE;21668.0;20680.0;3349.0;16.19;both
2310605;Penaforte - CE;2007;2438.0;2857.0;2857.0;0.0;3295.0;386.0;916.0;773.0;13652.0;both;Penaforte - CE;22294.0;21396.0;2947.0;13.77;both
2310605;Penaforte - CE;2008;3791.0;2943.0;2943.0;0.0;3338.0;394.0;935.0;783.0;13966.0;both;Penaforte - CE;27875.0;26798.0;5503.0;20.53;both
2310605;Penaforte - CE;2009;4094.0;3005.0;3005.0;0.0;3371.0;398.0;945.0;791.0;14147.0;both;Penaforte - CE;31617.0;30216.0;5473.0;18.11;both
2310605;Penaforte - CE;2010;1383.0;3347.0;3347.0;0.0;3476.0;412.0;963.0;813.0;14689.0;both;Penaforte - CE;50236.0;45296.0;3571.0;7.88;both
2310605;Penaforte - CE;2011;5372.0;3573.0;3573.0;0.0;3584.0;435.0;1001.0;836.0;15252.0;both;Penaforte - CE;55887.0;50834.0;7192.0;14.15;both
2310605;Penaforte - CE;2012;456.0;1855.0;1855.0;0.0;5799.0;459.0;1101.0;859.0;15837.0;both;Penaforte - CE;56729.0;51589.0;3004.0;5.82;both
2310605;Penaforte - CE;2013;458.0;504.0;504.0;0.0;4903.0;470.0;1203.0;784.0;16752.0;both;Penaforte - CE;65997.0;60026.0;3685.0;6.14;both
2310605;Penaforte - CE;2014;1463.0;609.0;609.0;0.0;4896.0;483.0;1373.0;847.0;17924.0;both;Penaforte - CE;83520.0;75161.0;7226.0;9.61;both
2310605;Penaforte - CE;2015;344.0;668.0;668.0;0.0;4931.0;524.0;1654.0;1098.0;17981.0;both;Penaforte - CE;85837.0;77253.0;5017.0;6.49;both
2310605;Penaforte - CE;2016;304.0;938.0;938.0;0.0;4658.0;676.0;3271.0;1986.0;16542.0;both;Penaforte - CE;89183.0;79377.0;5164.0;6.51;both
2310605;Penaforte - CE;2017;1974.0;1887.0;1887.0;0.0;3200.0;350.0;1900.0;1100.0;6000.0;both;Penaforte - CE;107363.0;97904.0;6862.0;7.01;both
2310605;Penaforte - CE;2018;4180.0;1926.0;1926.0;0.0;4950.0;410.0;2020.0;1200.0;5890.0;both;Penaforte - CE;213846.0;203912.0;8301.0;4.07;both
2310605;Penaforte - CE;2019;1904.0;1245.0;1245.0;0.0;5010.0;450.0;2100.0;840.0;6520.0;both;Penaforte - CE;112795.0;100136.0;7013.0;7.0;both
2310605;Penaforte - CE;2020;4468.0;1588.0;1588.0;0.0;6150.0;455.0;2125.0;850.0;6590.0;both;Penaforte - CE;116645.0;106654.0;14307.0;13.41;both
2310605;Penaforte - CE;2021;2869.0;1340.0;1340.0;0.0;6453.0;469.0;2189.0;875.0;6787.0;both;Penaforte - CE;122162.0;111522.0;13898.0;12.46;both
2310605;Penaforte - CE;2022;2629.0;1477.0;1477.0;0.0;6950.0;480.0;2242.0;900.0;6963.0;both;Penaforte - CE;142781.0;;;;both
2310605;Penaforte - CE;2023;1957.0;1032.0;1032.0;0.0;7074.0;484.0;2264.0;945.0;7171.0;both;Penaforte - CE;149293.0;;;;both
2310605;Penaforte - CE;2024;1899.0;1042.0;1042.0;0.0;7250.0;523.0;2408.0;992.0;7888.0;both;;;;;;left_only
2310704;Pentecoste - CE;2003;3054.0;6083.0;6083.0;0.0;16545.0;13040.0;16470.0;8783.0;56796.0;both;Pentecoste - CE;61689.0;58866.0;13998.0;23.78;both
2310704;Pentecoste - CE;2004;2231.0;3627.0;3627.0;0.0;15681.0;13562.0;17294.0;9196.0;59270.0;both;Pentecoste - CE;68674.0;65038.0;14384.0;22.12;both
2310704;Pentecoste - CE;2005;2498.0;3930.0;3930.0;0.0;15838.0;14037.0;17899.0;9463.0;61453.0;both;Pentecoste - CE;80371.0;75904.0;15052.0;19.83;both
2310704;Pentecoste - CE;2006;3560.0;3627.0;3627.0;0.0;15917.0;14318.0;18436.0;9643.0;62488.0;both;Pentecoste - CE;101278.0;95840.0;18464.0;19.27;both
2310704;Pentecoste - CE;2007;2514.0;3861.0;3861.0;0.0;16076.0;14890.0;19357.0;10010.0;65450.0;both;Pentecoste - CE;105776.0;100395.0;16999.0;16.93;both
2310704;Pentecoste - CE;2008;3952.0;4300.0;4300.0;0.0;16156.0;15462.0;20325.0;10346.0;68232.0;both;Pentecoste - CE;132868.0;126154.0;21687.0;17.19;both
2310704;Pentecoste - CE;2009;3181.0;4033.0;4033.0;0.0;16318.0;15926.0;21341.0;10694.0;70751.0;both;Pentecoste - CE;160199.0;152268.0;25708.0;16.88;both
2310704;Pentecoste - CE;2010;2596.0;4546.0;4546.0;0.0;18117.0;16245.0;21981.0;11059.0;73473.0;both;Pentecoste - CE;200100.0;187960.0;26805.0;14.26;both
2310704;Pentecoste - CE;2011;6307.0;6374.0;6374.0;0.0;18298.0;16407.0;22201.0;11427.0;76299.0;both;Pentecoste - CE;250938.0;236547.0;38689.0;16.36;both
2310704;Pentecoste - CE;2012;1728.0;4242.0;4242.0;0.0;18389.0;16899.0;22978.0;11650.0;78354.0;both;Pentecoste - CE;389496.0;358444.0;33158.0;9.25;both
2310704;Pentecoste - CE;2013;1738.0;2935.0;2935.0;0.0;16769.0;17237.0;23437.0;11300.0;76787.0;both;Pentecoste - CE;350736.0;326183.0;38794.0;11.89;both
2310704;Pentecoste - CE;2014;2394.0;7156.0;7156.0;0.0;16931.0;16892.0;23004.0;11074.0;53751.0;both;Pentecoste - CE;314391.0;296533.0;41776.0;14.09;both
2310704;Pentecoste - CE;2015;887.0;6959.0;6959.0;0.0;17200.0;17247.0;23359.0;11230.0;54300.0;both;Pentecoste - CE;335342.0;312929.0;27641.0;8.83;both
2310704;Pentecoste - CE;2016;247.0;4630.0;4630.0;0.0;16312.0;15004.0;20322.0;11005.0;46155.0;both;Pentecoste - CE;367405.0;342967.0;28596.0;8.34;both
2310704;Pentecoste - CE;2017;4940.0;9229.0;9229.0;0.0;16638.0;18454.0;24386.0;10454.0;66000.0;both;Pentecoste - CE;405039.0;380336.0;47481.0;12.48;both
2310704;Pentecoste - CE;2018;5024.0;9329.0;9329.0;0.0;16423.0;18823.0;24630.0;10613.0;50000.0;both;Pentecoste - CE;412142.0;383510.0;41550.0;10.83;both
2310704;Pentecoste - CE;2019;5129.0;4805.0;4805.0;0.0;16510.0;18640.0;24250.0;11700.0;49500.0;both;Pentecoste - CE;494670.0;463488.0;48563.0;10.48;both
2310704;Pentecoste - CE;2020;8476.0;6228.0;6228.0;0.0;16598.0;18779.0;24116.0;11953.0;49848.0;both;Pentecoste - CE;486963.0;460355.0;64939.0;14.11;both
2310704;Pentecoste - CE;2021;3531.0;4980.0;4980.0;0.0;16960.0;18356.0;24030.0;11513.0;49980.0;both;Pentecoste - CE;484760.0;451969.0;59071.0;13.07;both
2310704;Pentecoste - CE;2022;5126.0;5737.0;5737.0;0.0;17121.0;19802.0;25346.0;12619.0;52080.0;both;Pentecoste - CE;537433.0;;;;both
2310704;Pentecoste - CE;2023;4207.0;5138.0;5138.0;0.0;17856.0;18790.0;23950.0;13978.0;50195.0;both;Pentecoste - CE;522218.0;;;;both
2310704;Pentecoste - CE;2024;5391.0;4745.0;4745.0;0.0;16290.0;17960.0;22790.0;13265.0;48800.0;both;;;;;;left_only
2310803;Pereiro - CE;2003;8023.0;12922.0;12922.0;0.0;6060.0;1835.0;1760.0;3085.0;41928.0;both;Pereiro - CE;30470.0;29292.0;7513.0;25.65;both
2310803;Pereiro - CE;2004;5438.0;11203.0;11203.0;0.0;6302.0;1963.0;1812.0;3272.0;44431.0;both;Pereiro - CE;32568.0;31126.0;7094.0;22.79;both
2310803;Pereiro - CE;2005;2363.0;7419.0;5052.0;0.3190456934896886;6491.0;2080.0;1848.0;3438.0;46643.0;both;Pereiro - CE;33117.0;31548.0;5456.0;17.3;both
2310803;Pereiro - CE;2006;7026.0;5575.0;5575.0;0.0;6673.0;2184.0;1884.0;3607.0;48621.0;both;Pereiro - CE;41385.0;39498.0;8662.0;21.93;both
2310803;Pereiro - CE;2007;3619.0;5425.0;5425.0;0.0;6806.0;2293.0;1902.0;3751.0;50322.0;both;Pereiro - CE;42750.0;40719.0;7255.0;17.82;both
2310803;Pereiro - CE;2008;7152.0;5725.0;5725.0;0.0;6942.0;2362.0;1978.0;3863.0;51832.0;both;Pereiro - CE;53596.0;51140.0;11086.0;21.68;both
2310803;Pereiro - CE;2009;5105.0;5720.0;5720.0;0.0;7067.0;2433.0;2047.0;3960.0;53321.0;both;Pereiro - CE;54511.0;51912.0;8197.0;15.79;both
2310803;Pereiro - CE;2010;1139.0;4036.0;4036.0;0.0;7685.0;2481.0;2098.0;4042.0;54519.0;both;Pereiro - CE;61962.0;58230.0;5739.0;9.86;both
2310803;Pereiro - CE;2011;6034.0;5719.0;5719.0;0.0;8069.0;2531.0;2140.0;4107.0;55555.0;both;Pereiro - CE;73672.0;69921.0;11418.0;16.33;both
2310803;Pereiro - CE;2012;956.0;4089.0;4089.0;0.0;8472.0;2480.0;2076.0;4029.0;53609.0;both;Pereiro - CE;72845.0;67948.0;6600.0;9.71;both
2310803;Pereiro - CE;2013;807.0;3000.0;3000.0;0.0;8048.0;2461.0;2052.0;3948.0;52536.0;both;Pereiro - CE;83447.0;77713.0;8441.0;10.86;both
2310803;Pereiro - CE;2014;2729.0;3711.0;3711.0;0.0;8128.0;2486.0;2134.0;3968.0;53587.0;both;Pereiro - CE;99647.0;92909.0;11020.0;11.86;both
2310803;Pereiro - CE;2015;395.0;3747.0;3747.0;0.0;8046.0;2560.0;2240.0;3987.0;54123.0;both;Pereiro - CE;153921.0;145788.0;7616.0;5.22;both
2310803;Pereiro - CE;2016;901.0;3768.0;3768.0;0.0;7805.0;2688.0;2307.0;3907.0;54394.0;both;Pereiro - CE;212943.0;201230.0;12094.0;6.01;both
2310803;Pereiro - CE;2017;1899.0;4626.0;4626.0;0.0;7571.0;2769.0;2422.0;3946.0;54938.0;both;Pereiro - CE;315992.0;296735.0;16429.0;5.54;both
2310803;Pereiro - CE;2018;4533.0;5281.0;5281.0;0.0;7650.0;2824.0;2575.0;3985.0;55350.0;both;Pereiro - CE;313125.0;291341.0;19784.0;6.79;both
2310803;Pereiro - CE;2019;5452.0;5231.0;5231.0;0.0;7880.0;2909.0;2652.0;4065.0;55904.0;both;Pereiro - CE;371999.0;344288.0;24169.0;7.02;both
2310803;Pereiro - CE;2020;4889.0;5135.0;5135.0;0.0;8038.0;2967.0;2705.0;4105.0;56463.0;both;Pereiro - CE;416485.0;363049.0;32202.0;8.87;both
2310803;Pereiro - CE;2021;4515.0;5377.0;5377.0;0.0;7636.0;3115.0;2867.0;4310.0;57159.0;both;Pereiro - CE;560571.0;482151.0;34847.0;7.23;both
2310803;Pereiro - CE;2022;5260.0;5527.0;5527.0;0.0;7941.0;3177.0;2924.0;4396.0;57730.0;both;Pereiro - CE;530452.0;;;;both
2310803;Pereiro - CE;2023;3889.0;5678.0;5676.0;0.0003522367030645013;7543.0;3208.0;2982.0;4440.0;58307.0;both;Pereiro - CE;663694.0;;;;both
2310803;Pereiro - CE;2024;5447.0;5712.0;5712.0;0.0;7769.0;3272.0;3041.0;4528.0;59473.0;both;;;;;;left_only
2310852;Pindoretama - CE;2003;44760.0;2303.0;2303.0;0.0;4200.0;85.0;588.0;985.0;460845.0;both;Pindoretama - CE;38384.0;36214.0;9114.0;25.17;both
2310852;Pindoretama - CE;2004;41888.0;2053.0;2053.0;0.0;4280.0;91.0;625.0;994.0;520648.0;both;Pindoretama - CE;44150.0;41572.0;11805.0;28.4;both
2310852;Pindoretama - CE;2005;45867.0;2369.0;2369.0;0.0;4290.0;96.0;681.0;1009.0;450254.0;both;Pindoretama - CE;45492.0;42457.0;12661.0;29.82;both
2310852;Pindoretama - CE;2006;47566.0;2169.0;2169.0;0.0;3980.0;90.0;706.0;1055.0;450433.0;both;Pindoretama - CE;55557.0;51783.0;12759.0;24.64;both
2310852;Pindoretama - CE;2007;49463.0;2409.0;2409.0;0.0;4015.0;92.0;741.0;1048.0;470387.0;both;Pindoretama - CE;60719.0;57304.0;13811.0;24.1;both
2310852;Pindoretama - CE;2008;74467.0;2714.0;2714.0;0.0;4025.0;95.0;769.0;1081.0;395720.0;both;Pindoretama - CE;61050.0;57292.0;13610.0;23.75;both
2310852;Pindoretama - CE;2009;79785.0;3099.0;3099.0;0.0;3470.0;100.0;780.0;1120.0;387089.0;both;Pindoretama - CE;82770.0;77538.0;13787.0;17.78;both
2310852;Pindoretama - CE;2010;79811.0;2777.0;2777.0;0.0;3513.0;91.0;785.0;1066.0;306974.0;both;Pindoretama - CE;95129.0;88503.0;14423.0;16.3;both
2310852;Pindoretama - CE;2011;77504.0;3529.0;3529.0;0.0;3520.0;90.0;792.0;1086.0;316262.0;both;Pindoretama - CE;110678.0;102497.0;15145.0;14.78;both
2310852;Pindoretama - CE;2012;82414.0;3978.0;3978.0;0.0;3240.0;75.0;695.0;1025.0;289424.0;both;Pindoretama - CE;120177.0;111541.0;13590.0;12.18;both
2310852;Pindoretama - CE;2013;74313.0;2926.0;2926.0;0.0;3186.0;154.0;1254.0;525.0;343471.0;both;Pindoretama - CE;135303.0;125619.0;16889.0;13.44;both
2310852;Pindoretama - CE;2014;51258.0;2414.0;2414.0;0.0;3278.0;212.0;1431.0;629.0;384687.0;both;Pindoretama - CE;168287.0;155481.0;20387.0;13.11;both
2310852;Pindoretama - CE;2015;11861.0;1676.0;1676.0;0.0;3198.0;237.0;1502.0;655.0;386413.0;both;Pindoretama - CE;184212.0;168888.0;20249.0;11.99;both
2310852;Pindoretama - CE;2016;9473.0;1688.0;1658.0;0.017772511848341277;2678.0;262.0;1432.0;740.0;505467.0;both;Pindoretama - CE;208294.0;189907.0;19940.0;10.5;both
2310852;Pindoretama - CE;2017;18634.0;1883.0;1883.0;0.0;2788.0;278.0;1387.0;958.0;415813.0;both;Pindoretama - CE;221102.0;201475.0;19632.0;9.74;both
2310852;Pindoretama - CE;2018;6237.0;1640.0;1640.0;0.0;3111.0;902.0;1640.0;1120.0;781634.0;both;Pindoretama - CE;242222.0;223589.0;18698.0;8.36;both
2310852;Pindoretama - CE;2019;7145.0;1658.0;1658.0;0.0;3204.0;934.0;1689.0;1153.0;683199.0;both;Pindoretama - CE;245401.0;227422.0;24749.0;10.88;both
2310852;Pindoretama - CE;2020;8430.0;1583.0;1583.0;0.0;3138.0;923.0;1736.0;1198.0;729607.0;both;Pindoretama - CE;252609.0;235007.0;26198.0;11.15;both
2310852;Pindoretama - CE;2021;8548.0;710.0;710.0;0.0;2997.0;865.0;1788.0;1504.0;777951.0;both;Pindoretama - CE;274852.0;253603.0;26560.0;10.47;both
2310852;Pindoretama - CE;2022;7762.0;822.0;822.0;0.0;3350.0;796.0;1698.0;1560.0;626366.0;both;Pindoretama - CE;320047.0;;;;both
2310852;Pindoretama - CE;2023;6698.0;812.0;812.0;0.0;3275.0;774.0;1665.0;1520.0;535148.0;both;Pindoretama - CE;363294.0;;;;both
2310852;Pindoretama - CE;2024;6339.0;636.0;636.0;0.0;3300.0;680.0;1822.0;1578.0;527000.0;both;;;;;;left_only
2310902;Piquet Carneiro - CE;2003;6603.0;5543.0;5543.0;0.0;11104.0;1050.0;4388.0;8765.0;48530.0;both;Piquet Carneiro - CE;24574.0;23731.0;5455.0;22.99;both
2310902;Piquet Carneiro - CE;2004;5436.0;5479.0;5479.0;0.0;11282.0;1060.0;4410.0;8750.0;48580.0;both;Piquet Carneiro - CE;25713.0;24703.0;4914.0;19.89;both
2310902;Piquet Carneiro - CE;2005;2921.0;4696.0;4696.0;0.0;10718.0;1050.0;4400.0;8480.0;46247.0;both;Piquet Carneiro - CE;28567.0;27414.0;4828.0;17.61;both
2310902;Piquet Carneiro - CE;2006;5456.0;4780.0;4780.0;0.0;10615.0;1010.0;4380.0;8319.0;46133.0;both;Piquet Carneiro - CE;32856.0;31576.0;6806.0;21.56;both
2310902;Piquet Carneiro - CE;2007;4028.0;6007.0;6007.0;0.0;12300.0;999.0;4337.0;17402.0;43826.0;both;Piquet Carneiro - CE;35873.0;34552.0;5775.0;16.71;both
2310902;Piquet Carneiro - CE;2008;5794.0;5089.0;5089.0;0.0;12337.0;949.0;4120.0;16531.0;41634.0;both;Piquet Carneiro - CE;44764.0;43027.0;8608.0;20.01;both
2310902;Piquet Carneiro - CE;2009;4603.0;5139.0;5139.0;0.0;12343.0;939.0;4078.0;15704.0;39551.0;both;Piquet Carneiro - CE;48045.0;46208.0;6597.0;14.28;both
2310902;Piquet Carneiro - CE;2010;3609.0;3972.0;3972.0;0.0;13824.0;930.0;4038.0;15048.0;39156.0;both;Piquet Carneiro - CE;59641.0;56552.0;7246.0;12.81;both
2310902;Piquet Carneiro - CE;2011;6116.0;5062.0;5062.0;0.0;14042.0;926.0;4034.0;15041.0;39129.0;both;Piquet Carneiro - CE;68466.0;64927.0;10488.0;16.15;both
2310902;Piquet Carneiro - CE;2012;1192.0;4980.0;4978.0;0.00040160642570286065;14665.0;880.0;3603.0;14739.0;38342.0;both;Piquet Carneiro - CE;68499.0;64558.0;5828.0;9.03;both
2310902;Piquet Carneiro - CE;2013;1683.0;4753.0;4753.0;0.0;14300.0;3000.0;1600.0;5000.0;34502.0;both;Piquet Carneiro - CE;80284.0;75938.0;7393.0;9.73;both
2310902;Piquet Carneiro - CE;2014;2083.0;4984.0;4984.0;0.0;15600.0;1642.0;3389.0;4200.0;40000.0;both;Piquet Carneiro - CE;97901.0;92626.0;10253.0;11.07;both
2310902;Piquet Carneiro - CE;2015;1187.0;4991.0;4991.0;0.0;15463.0;1724.0;3400.0;3570.0;40790.0;both;Piquet Carneiro - CE;105633.0;99558.0;8885.0;8.92;both
2310902;Piquet Carneiro - CE;2016;1693.0;6559.0;6559.0;0.0;14624.0;1954.0;4022.0;3998.0;24474.0;both;Piquet Carneiro - CE;116483.0;109775.0;15555.0;14.17;both
2310902;Piquet Carneiro - CE;2017;2287.0;5626.0;5626.0;0.0;12500.0;2155.0;3042.0;2750.0;36234.0;both;Piquet Carneiro - CE;122367.0;115685.0;14977.0;12.95;both
2310902;Piquet Carneiro - CE;2018;1332.0;6106.0;6106.0;0.0;14000.0;2600.0;3100.0;3000.0;36600.0;both;Piquet Carneiro - CE;125334.0;118404.0;13361.0;11.28;both
2310902;Piquet Carneiro - CE;2019;2971.0;5406.0;5406.0;0.0;17019.0;2545.0;4460.0;5019.0;36000.0;both;Piquet Carneiro - CE;135196.0;128331.0;17747.0;13.83;both
2310902;Piquet Carneiro - CE;2020;3843.0;5135.0;5135.0;0.0;18693.0;2000.0;4200.0;4000.0;36720.0;both;Piquet Carneiro - CE;151868.0;144596.0;26889.0;18.6;both
2310902;Piquet Carneiro - CE;2021;2491.0;4787.0;4787.0;0.0;18775.0;1800.0;3800.0;3600.0;34884.0;both;Piquet Carneiro - CE;162092.0;153954.0;28524.0;18.53;both
2310902;Piquet Carneiro - CE;2022;3664.0;4737.0;4737.0;0.0;19713.0;1656.0;3496.0;3672.0;35581.0;both;Piquet Carneiro - CE;181463.0;;;;both
2310902;Piquet Carneiro - CE;2023;1622.0;3737.0;3737.0;0.0;21527.0;1552.0;3262.0;3395.0;37040.0;both;Piquet Carneiro - CE;203533.0;;;;both
2310902;Piquet Carneiro - CE;2024;2775.0;3940.0;3940.0;0.0;22065.0;1505.0;3148.0;3225.0;40744.0;both;;;;;;left_only
2310951;Pires Ferreira - CE;2003;6796.0;7420.0;7420.0;0.0;4642.0;637.0;2093.0;3020.0;17017.0;both;Pires Ferreira - CE;17639.0;17285.0;6903.0;39.94;both
2310951;Pires Ferreira - CE;2004;5910.0;7200.0;7200.0;0.0;4510.0;800.0;1990.0;3420.0;16400.0;both;Pires Ferreira - CE;17802.0;17243.0;5931.0;34.4;both
2310951;Pires Ferreira - CE;2005;6403.0;7180.0;7180.0;0.0;4216.0;864.0;1850.0;3519.0;15683.0;both;Pires Ferreira - CE;22357.0;21656.0;7175.0;33.13;both
2310951;Pires Ferreira - CE;2006;5108.0;6835.0;6835.0;0.0;4360.0;1175.0;1910.0;3395.0;15310.0;both;Pires Ferreira - CE;22873.0;22097.0;6768.0;30.63;both
2310951;Pires Ferreira - CE;2007;4500.0;6742.0;6742.0;0.0;5168.0;1400.0;2000.0;3540.0;15700.0;both;Pires Ferreira - CE;23294.0;22536.0;5412.0;24.02;both
2310951;Pires Ferreira - CE;2008;6667.0;6826.0;6826.0;0.0;5177.0;1420.0;2200.0;3670.0;16550.0;both;Pires Ferreira - CE;30519.0;29585.0;8548.0;28.89;both
2310951;Pires Ferreira - CE;2009;3978.0;6486.0;6486.0;0.0;5734.0;1500.0;2300.0;3900.0;17100.0;both;Pires Ferreira - CE;31012.0;30151.0;6709.0;22.25;both
2310951;Pires Ferreira - CE;2010;3749.0;6761.0;6741.0;0.0029581422866440388;6027.0;1650.0;2180.0;3980.0;17500.0;both;Pires Ferreira - CE;35918.0;35082.0;8377.0;23.88;both
2310951;Pires Ferreira - CE;2011;7521.0;6864.0;6864.0;0.0;5950.0;1800.0;2000.0;4400.0;17750.0;both;Pires Ferreira - CE;42326.0;41545.0;12817.0;30.85;both
2310951;Pires Ferreira - CE;2012;2990.0;7436.0;7436.0;0.0;5850.0;1650.0;1800.0;4520.0;16650.0;both;Pires Ferreira - CE;39600.0;38662.0;8468.0;21.9;both
2310951;Pires Ferreira - CE;2013;2749.0;6637.0;6637.0;0.0;5100.0;1600.0;1630.0;4350.0;16150.0;both;Pires Ferreira - CE;42663.0;41824.0;8906.0;21.29;both
2310951;Pires Ferreira - CE;2014;1944.0;6399.0;6394.0;0.0007813720893889986;4850.0;1000.0;1200.0;3900.0;15500.0;both;Pires Ferreira - CE;45775.0;44910.0;7461.0;16.61;both
2310951;Pires Ferreira - CE;2015;447.0;2545.0;2545.0;0.0;4560.0;1200.0;1300.0;4000.0;15300.0;both;Pires Ferreira - CE;44278.0;43043.0;4473.0;10.39;both
2310951;Pires Ferreira - CE;2016;614.0;3165.0;3165.0;0.0;4800.0;1300.0;1400.0;3800.0;14500.0;both;Pires Ferreira - CE;49087.0;47520.0;5665.0;11.92;both
2310951;Pires Ferreira - CE;2017;2318.0;3215.0;3215.0;0.0;4900.0;1200.0;2300.0;4500.0;17000.0;both;Pires Ferreira - CE;57106.0;55089.0;10169.0;18.46;both
2310951;Pires Ferreira - CE;2018;3728.0;4701.0;4701.0;0.0;5200.0;1100.0;2600.0;5000.0;18000.0;both;Pires Ferreira - CE;59052.0;57279.0;10478.0;18.29;both
2310951;Pires Ferreira - CE;2019;4061.0;4895.0;4895.0;0.0;5350.0;1300.0;2100.0;4800.0;18200.0;both;Pires Ferreira - CE;66430.0;63481.0;10562.0;16.64;both
2310951;Pires Ferreira - CE;2020;4261.0;5093.0;5093.0;0.0;5400.0;1420.0;2250.0;5000.0;18800.0;both;Pires Ferreira - CE;79596.0;76945.0;16702.0;21.71;both
2310951;Pires Ferreira - CE;2021;3205.0;4797.0;4797.0;0.0;5500.0;1500.0;2500.0;5100.0;20000.0;both;Pires Ferreira - CE;84230.0;81060.0;17675.0;21.8;both
2310951;Pires Ferreira - CE;2022;3321.0;5388.0;5388.0;0.0;5000.0;1460.0;2440.0;4700.0;18000.0;both;Pires Ferreira - CE;91198.0;;;;both
2310951;Pires Ferreira - CE;2023;4029.0;5437.0;5437.0;0.0;5114.0;1200.0;2490.0;4200.0;27017.0;both;Pires Ferreira - CE;103591.0;;;;both
2310951;Pires Ferreira - CE;2024;4159.0;5551.0;5551.0;0.0;5165.0;1400.0;2900.0;4000.0;29000.0;both;;;;;;left_only
2311009;Poranga - CE;2003;3226.0;4098.0;4098.0;0.0;5863.0;16078.0;6049.0;5123.0;18492.0;both;Poranga - CE;18042.0;17486.0;3220.0;18.42;both
2311009;Poranga - CE;2004;2484.0;3651.0;3651.0;0.0;5757.0;16303.0;6157.0;5035.0;18213.0;both;Poranga - CE;18788.0;18074.0;2896.0;16.02;both
2311009;Poranga - CE;2005;2635.0;3213.0;3213.0;0.0;5664.0;16498.0;6249.0;4963.0;18030.0;both;Poranga - CE;22173.0;21376.0;3052.0;14.28;both
2311009;Poranga - CE;2006;2559.0;2905.0;2905.0;0.0;5777.0;16712.0;6373.0;5037.0;18373.0;both;Poranga - CE;26031.0;24939.0;2970.0;11.91;both
2311009;Poranga - CE;2007;941.0;2827.0;2827.0;0.0;5805.0;16890.0;6480.0;5090.0;18650.0;both;Poranga - CE;26586.0;25652.0;2544.0;9.92;both
2311009;Poranga - CE;2008;2780.0;2924.0;2924.0;0.0;5690.0;16975.0;6512.0;5149.0;16848.0;both;Poranga - CE;31763.0;30744.0;4188.0;13.62;both
2311009;Poranga - CE;2009;1557.0;2934.0;2934.0;0.0;5604.0;17144.0;6674.0;5199.0;19224.0;both;Poranga - CE;33995.0;33059.0;3146.0;9.52;both
2311009;Poranga - CE;2010;926.0;1557.0;1557.0;0.0;5491.0;16715.0;6540.0;5122.0;18937.0;both;Poranga - CE;37661.0;36378.0;2698.0;7.42;both
2311009;Poranga - CE;2011;3167.0;2906.0;2906.0;0.0;5655.0;16882.0;6680.0;5173.0;19126.0;both;Poranga - CE;43399.0;41902.0;4895.0;11.68;both
2311009;Poranga - CE;2012;1112.0;2760.0;2640.0;0.04347826086956519;6874.0;16544.0;6613.0;5069.0;18647.0;both;Poranga - CE;45736.0;44091.0;3585.0;8.13;both
2311009;Poranga - CE;2013;853.0;1707.0;1707.0;0.0;6255.0;16295.0;6513.0;4950.0;18124.0;both;Poranga - CE;54130.0;52011.0;3648.0;7.01;both
2311009;Poranga - CE;2014;1223.0;1495.0;1495.0;0.0;5942.0;16132.0;6447.0;4865.0;17852.0;both;Poranga - CE;62989.0;60805.0;4404.0;7.24;both
2311009;Poranga - CE;2015;1011.0;1547.0;1547.0;0.0;5660.0;16326.0;6389.0;4797.0;18137.0;both;Poranga - CE;66631.0;64015.0;4237.0;6.62;both
2311009;Poranga - CE;2016;791.0;1517.0;1517.0;0.0;5377.0;16538.0;6466.0;4845.0;18409.0;both;Poranga - CE;69879.0;66791.0;4873.0;7.3;both
2311009;Poranga - CE;2017;1357.0;1697.0;1697.0;0.0;5135.0;16769.0;6556.0;4990.0;18685.0;both;Poranga - CE;77866.0;74564.0;5276.0;7.08;both
2311009;Poranga - CE;2018;1751.0;2709.0;2709.0;0.0;5161.0;16937.0;6635.0;5035.0;18984.0;both;Poranga - CE;78795.0;75702.0;5789.0;7.65;both
2311009;Poranga - CE;2019;2065.0;1958.0;1958.0;0.0;5200.0;17445.0;6740.0;5085.0;19231.0;both;Poranga - CE;89198.0;85338.0;7520.0;8.81;both
2311009;Poranga - CE;2020;1798.0;2048.0;2048.0;0.0;5252.0;17706.0;6834.0;5115.0;19520.0;both;Poranga - CE;98317.0;94199.0;8248.0;8.76;both
2311009;Poranga - CE;2021;1338.0;1998.0;1998.0;0.0;4880.0;16640.0;6452.0;4600.0;18934.0;both;Poranga - CE;109402.0;104209.0;10439.0;10.02;both
2311009;Poranga - CE;2022;1244.0;2112.0;2112.0;0.0;4392.0;14976.0;5871.0;4209.0;18650.0;both;Poranga - CE;128390.0;;;;both
2311009;Poranga - CE;2023;1069.0;2108.0;2108.0;0.0;3995.0;13928.0;5460.0;3914.0;19023.0;both;Poranga - CE;138933.0;;;;both
2311009;Poranga - CE;2024;1189.0;2204.0;2204.0;0.0;4035.0;13650.0;4970.0;3562.0;19690.0;both;;;;;;left_only
2311108;Porteiras - CE;2003;23667.0;7197.0;7197.0;0.0;9857.0;664.0;1098.0;2372.0;45745.0;both;Porteiras - CE;33173.0;32446.0;11884.0;36.63;both
2311108;Porteiras - CE;2004;12990.0;5343.0;5343.0;0.0;9955.0;686.0;1120.0;2441.0;46970.0;both;Porteiras - CE;30350.0;29437.0;7394.0;25.12;both
2311108;Porteiras - CE;2005;7357.0;4245.0;4245.0;0.0;10089.0;713.0;1159.0;2523.0;48597.0;both;Porteiras - CE;32911.0;31815.0;6509.0;20.46;both
2311108;Porteiras - CE;2006;19764.0;5751.0;5751.0;0.0;10586.0;749.0;1212.0;2613.0;50944.0;both;Porteiras - CE;44279.0;43123.0;13745.0;31.87;both
2311108;Porteiras - CE;2007;10894.0;6872.0;6872.0;0.0;10790.0;771.0;1243.0;2652.0;51875.0;both;Porteiras - CE;43505.0;42337.0;10731.0;25.35;both
2311108;Porteiras - CE;2008;15578.0;6967.0;6967.0;0.0;10941.0;792.0;1270.0;2689.0;52601.0;both;Porteiras - CE;54083.0;52768.0;16756.0;31.75;both
2311108;Porteiras - CE;2009;15787.0;7056.0;7056.0;0.0;11050.0;784.0;1285.0;2716.0;53127.0;both;Porteiras - CE;57360.0;55954.0;16206.0;28.96;both
2311108;Porteiras - CE;2010;6734.0;3832.0;3832.0;0.0;11393.0;811.0;1310.0;2794.0;55165.0;both;Porteiras - CE;62748.0;60726.0;13647.0;22.47;both
2311108;Porteiras - CE;2011;13771.0;3924.0;3924.0;0.0;11746.0;839.0;1336.0;2874.0;57282.0;both;Porteiras - CE;73545.0;71542.0;19850.0;27.75;both
2311108;Porteiras - CE;2012;3937.0;3493.0;3493.0;0.0;12110.0;916.0;1469.0;2956.0;59480.0;both;Porteiras - CE;72262.0;69517.0;13322.0;19.16;both
2311108;Porteiras - CE;2013;4942.0;2934.0;2934.0;0.0;14034.0;932.0;1493.0;2673.0;59667.0;both;Porteiras - CE;81974.0;79172.0;17065.0;21.55;both
2311108;Porteiras - CE;2014;7316.0;2066.0;2066.0;0.0;14020.0;894.0;1418.0;2592.0;62650.0;both;Porteiras - CE;96956.0;93579.0;20915.0;22.35;both
2311108;Porteiras - CE;2015;4793.0;2485.0;2482.0;0.0012072434607646176;13902.0;984.0;1921.0;3107.0;62700.0;both;Porteiras - CE;106836.0;102734.0;21174.0;20.61;both
2311108;Porteiras - CE;2016;5150.0;3414.0;3414.0;0.0;9870.0;823.0;1578.0;2517.0;56430.0;both;Porteiras - CE;124356.0;119777.0;33487.0;27.96;both
2311108;Porteiras - CE;2017;8128.0;2229.0;2229.0;0.0;10500.0;300.0;1500.0;2550.0;126000.0;both;Porteiras - CE;136554.0;131791.0;41460.0;31.46;both
2311108;Porteiras - CE;2018;15028.0;4419.0;4419.0;0.0;11800.0;350.0;1700.0;2500.0;131000.0;both;Porteiras - CE;152389.0;147855.0;51160.0;34.6;both
2311108;Porteiras - CE;2019;10089.0;3262.0;3262.0;0.0;13200.0;360.0;1800.0;3000.0;160000.0;both;Porteiras - CE;157288.0;151441.0;43881.0;28.98;both
2311108;Porteiras - CE;2020;15463.0;3308.0;3308.0;0.0;13400.0;400.0;2100.0;3500.0;161000.0;both;Porteiras - CE;168096.0;161771.0;49897.0;30.84;both
2311108;Porteiras - CE;2021;12261.0;3165.0;3165.0;0.0;16300.0;408.0;2142.0;3570.0;174220.0;both;Porteiras - CE;186375.0;177883.0;50607.0;28.45;both
2311108;Porteiras - CE;2022;10145.0;2951.0;2951.0;0.0;16463.0;412.0;2163.0;3927.0;179446.0;both;Porteiras - CE;207091.0;;;;both
2311108;Porteiras - CE;2023;9111.0;2837.0;2837.0;0.0;16658.0;417.0;2205.0;4008.0;224440.0;both;Porteiras - CE;232418.0;;;;both
2311108;Porteiras - CE;2024;9277.0;2741.0;2741.0;0.0;17443.0;425.0;2276.0;4230.0;228152.0;both;;;;;;left_only
2311207;Potengi - CE;2003;6943.0;7045.0;7045.0;0.0;4875.0;1059.0;3953.0;2870.0;28170.0;both;Potengi - CE;19751.0;18939.0;5155.0;27.22;both
2311207;Potengi - CE;2004;3073.0;5505.0;5505.0;0.0;4807.0;1065.0;4207.0;2899.0;27790.0;both;Potengi - CE;20436.0;19446.0;4113.0;21.15;both
2311207;Potengi - CE;2005;4286.0;7016.0;7016.0;0.0;4876.0;1097.0;4379.0;2865.0;28798.0;both;Potengi - CE;24215.0;23202.0;5680.0;24.48;both
2311207;Potengi - CE;2006;5372.0;3577.0;3577.0;0.0;4897.0;1171.0;4518.0;2863.0;28895.0;both;Potengi - CE;27775.0;26534.0;6187.0;23.32;both
2311207;Potengi - CE;2007;1799.0;3535.0;3535.0;0.0;4891.0;1251.0;4712.0;2823.0;29316.0;both;Potengi - CE;29247.0;28034.0;5069.0;18.08;both
2311207;Potengi - CE;2008;5840.0;4508.0;4508.0;0.0;4857.0;1297.0;4885.0;2771.0;29923.0;both;Potengi - CE;37174.0;35745.0;8929.0;24.98;both
2311207;Potengi - CE;2009;5928.0;4073.0;4073.0;0.0;4916.0;1329.0;4978.0;2778.0;30614.0;both;Potengi - CE;37894.0;36421.0;6642.0;18.24;both
2311207;Potengi - CE;2010;3249.0;3901.0;3901.0;0.0;4843.0;1341.0;5032.0;2714.0;30638.0;both;Potengi - CE;43904.0;41801.0;6408.0;15.33;both
2311207;Potengi - CE;2011;5771.0;3334.0;3334.0;0.0;4907.0;1396.0;5217.0;2773.0;31066.0;both;Potengi - CE;52991.0;50673.0;11960.0;23.6;both
2311207;Potengi - CE;2012;456.0;1536.0;1536.0;0.0;10853.0;1538.0;5826.0;2614.0;30074.0;both;Potengi - CE;55033.0;52482.0;10038.0;19.13;both
2311207;Potengi - CE;2013;1299.0;1421.0;1421.0;0.0;9820.0;1691.0;6408.0;2875.0;33081.0;both;Potengi - CE;66036.0;63680.0;16149.0;25.36;both
2311207;Potengi - CE;2014;2424.0;3671.0;3671.0;0.0;9392.0;1615.0;5459.0;2556.0;30932.0;both;Potengi - CE;87152.0;84470.0;24823.0;29.39;both
2311207;Potengi - CE;2015;1226.0;2608.0;2605.0;0.0011503067484662788;9179.0;1800.0;7500.0;2670.0;37120.0;both;Potengi - CE;80740.0;77797.0;15363.0;19.75;both
2311207;Potengi - CE;2016;546.0;3810.0;3807.0;0.0007874015748031704;8485.0;2000.0;5625.0;2136.0;29700.0;both;Potengi - CE;75663.0;72726.0;9670.0;13.3;both
2311207;Potengi - CE;2017;6218.0;5706.0;5706.0;0.0;7500.0;1900.0;5600.0;1700.0;33100.0;both;Potengi - CE;94830.0;91521.0;21463.0;23.45;both
2311207;Potengi - CE;2018;3686.0;3310.0;3310.0;0.0;8300.0;2100.0;6150.0;2000.0;60000.0;both;Potengi - CE;90208.0;87009.0;14572.0;16.75;both
2311207;Potengi - CE;2019;1906.0;3012.0;3012.0;0.0;9000.0;1900.0;7000.0;2100.0;63000.0;both;Potengi - CE;85166.0;81315.0;9395.0;11.55;both
2311207;Potengi - CE;2020;5879.0;3115.0;3115.0;0.0;10620.0;2050.0;7500.0;1990.0;61120.0;both;Potengi - CE;107591.0;103957.0;23639.0;22.74;both
2311207;Potengi - CE;2021;2680.0;3328.0;3328.0;0.0;12000.0;2150.0;8500.0;1950.0;63250.0;both;Potengi - CE;110570.0;106176.0;20472.0;19.28;both
2311207;Potengi - CE;2022;2694.0;3322.0;3322.0;0.0;12500.0;2000.0;9000.0;1800.0;50000.0;both;Potengi - CE;115651.0;;;;both
2311207;Potengi - CE;2023;1871.0;2372.0;2372.0;0.0;12800.0;1800.0;9200.0;1900.0;50500.0;both;Potengi - CE;120981.0;;;;both
2311207;Potengi - CE;2024;2049.0;2922.0;2922.0;0.0;13000.0;2043.0;6618.0;2100.0;55550.0;both;;;;;;left_only
2311231;Potiretama - CE;2003;1856.0;6535.0;6535.0;0.0;8324.0;2187.0;8754.0;2292.0;14308.0;both;Potiretama - CE;11645.0;11357.0;3366.0;29.64;both
2311231;Potiretama - CE;2004;2056.0;5451.0;5451.0;0.0;8422.0;2220.0;8885.0;2325.0;14265.0;both;Potiretama - CE;12303.0;11968.0;3812.0;31.85;both
2311231;Potiretama - CE;2005;969.0;4610.0;4147.0;0.10043383947939266;8640.0;2276.0;9107.0;2359.0;14456.0;both;Potiretama - CE;13283.0;12807.0;3280.0;25.61;both
2311231;Potiretama - CE;2006;3471.0;5305.0;5305.0;0.0;8726.0;2322.0;9380.0;2428.0;14845.0;both;Potiretama - CE;17091.0;16590.0;4587.0;27.65;both
2311231;Potiretama - CE;2007;1210.0;5218.0;5218.0;0.0;9811.0;2334.0;9436.0;2530.0;14919.0;both;Potiretama - CE;16781.0;16318.0;4144.0;25.39;both
2311231;Potiretama - CE;2008;1989.0;5940.0;5940.0;0.0;9910.0;2380.0;9672.0;2603.0;15117.0;both;Potiretama - CE;23070.0;22499.0;5835.0;25.94;both
2311231;Potiretama - CE;2009;2214.0;7360.0;7360.0;0.0;10010.0;2416.0;9865.0;2654.0;16277.0;both;Potiretama - CE;23623.0;23133.0;6140.0;26.54;both
2311231;Potiretama - CE;2010;326.0;4370.0;4370.0;0.0;10040.0;2440.0;9964.0;2627.0;16114.0;both;Potiretama - CE;25750.0;24727.0;4320.0;17.47;both
2311231;Potiretama - CE;2011;2219.0;5859.0;5859.0;0.0;10110.0;2425.0;10044.0;2613.0;16001.0;both;Potiretama - CE;31225.0;30138.0;7661.0;25.42;both
2311231;Potiretama - CE;2012;213.0;4142.0;4020.0;0.02945436986962824;10113.0;2393.0;9923.0;2579.0;15701.0;both;Potiretama - CE;28815.0;27731.0;4524.0;16.31;both
2311231;Potiretama - CE;2013;284.0;4077.0;3974.0;0.025263674270296743;8672.0;2369.0;9804.0;2542.0;15465.0;both;Potiretama - CE;32100.0;31001.0;4941.0;15.94;both
2311231;Potiretama - CE;2014;509.0;3900.0;3540.0;0.09230769230769231;9115.0;3319.0;16536.0;4702.0;19826.0;both;Potiretama - CE;39980.0;38817.0;6482.0;16.7;both
2311231;Potiretama - CE;2015;192.0;5580.0;5355.0;0.040322580645161255;8506.0;4037.0;17866.0;4896.0;20222.0;both;Potiretama - CE;43412.0;42023.0;7102.0;16.9;both
2311231;Potiretama - CE;2016;348.0;5450.0;5120.0;0.06055045871559628;8526.0;3956.0;17330.0;3427.0;13144.0;both;Potiretama - CE;49556.0;47834.0;9576.0;20.02;both
2311231;Potiretama - CE;2017;791.0;4745.0;4745.0;0.0;10100.0;4035.0;17676.0;5500.0;13538.0;both;Potiretama - CE;53937.0;51599.0;10946.0;21.21;both
2311231;Potiretama - CE;2018;1934.0;4422.0;4422.0;0.0;10605.0;4116.0;18700.0;5610.0;14215.0;both;Potiretama - CE;57477.0;55289.0;12843.0;23.23;both
2311231;Potiretama - CE;2019;1615.0;4605.0;4605.0;0.0;10817.0;4198.0;18887.0;5778.0;14357.0;both;Potiretama - CE;64353.0;61762.0;13652.0;22.1;both
2311231;Potiretama - CE;2020;2855.0;5045.0;5045.0;0.0;11358.0;4619.0;20965.0;6009.0;14931.0;both;Potiretama - CE;87046.0;83955.0;29305.0;34.91;both
2311231;Potiretama - CE;2021;2937.0;5288.0;5288.0;0.0;11926.0;4804.0;22013.0;6310.0;15155.0;both;Potiretama - CE;96816.0;93089.0;29676.0;31.88;both
2311231;Potiretama - CE;2022;2449.0;4821.0;4821.0;0.0;12760.0;7170.0;26550.0;6626.0;18010.0;both;Potiretama - CE;92924.0;;;;both
2311231;Potiretama - CE;2023;1233.0;5021.0;5021.0;0.0;12632.0;6094.0;22567.0;6598.0;23413.0;both;Potiretama - CE;104345.0;;;;both
2311231;Potiretama - CE;2024;1803.0;4539.0;4539.0;0.0;13643.0;5485.0;20310.0;6565.0;21072.0;both;;;;;;left_only
2311264;Quiterianópolis - CE;2003;12015.0;12147.0;12147.0;0.0;14067.0;4126.0;19767.0;13002.0;58018.0;both;Quiterianópolis - CE;34581.0;32152.0;10465.0;32.55;both
2311264;Quiterianópolis - CE;2004;5280.0;12037.0;12037.0;0.0;13827.0;4200.0;20201.0;12793.0;56856.0;both;Quiterianópolis - CE;35892.0;32768.0;7700.0;23.5;both
2311264;Quiterianópolis - CE;2005;9377.0;11500.0;11500.0;0.0;13578.0;4284.0;20605.0;12574.0;56002.0;both;Quiterianópolis - CE;45301.0;41086.0;12098.0;29.44;both
2311264;Quiterianópolis - CE;2006;13076.0;11457.0;11457.0;0.0;13781.0;4369.0;21223.0;12752.0;56986.0;both;Quiterianópolis - CE;48925.0;44781.0;12178.0;27.19;both
2311264;Quiterianópolis - CE;2007;3834.0;12542.0;12542.0;0.0;14194.0;4430.0;21585.0;13006.0;58014.0;both;Quiterianópolis - CE;47660.0;44368.0;8849.0;19.95;both
2311264;Quiterianópolis - CE;2008;12422.0;12647.0;12647.0;0.0;14380.0;4450.0;21714.0;13154.0;58700.0;both;Quiterianópolis - CE;60804.0;58679.0;16629.0;28.34;both
2311264;Quiterianópolis - CE;2009;7973.0;13082.0;13082.0;0.0;14595.0;4494.0;21974.0;13284.0;59725.0;both;Quiterianópolis - CE;61927.0;60111.0;11423.0;19.0;both
2311264;Quiterianópolis - CE;2010;1244.0;11672.0;11662.0;0.0008567511994517218;14450.0;4426.0;21644.0;13151.0;59126.0;both;Quiterianópolis - CE;71527.0;67736.0;7566.0;11.17;both
2311264;Quiterianópolis - CE;2011;7814.0;14067.0;14067.0;0.0;14880.0;4492.0;21860.0;13347.0;59717.0;both;Quiterianópolis - CE;101908.0;97545.0;15751.0;16.15;both
2311264;Quiterianópolis - CE;2012;615.0;10030.0;9985.0;0.004486540378863424;16400.0;4447.0;21532.0;13211.0;58521.0;both;Quiterianópolis - CE;102209.0;95319.0;8238.0;8.64;both
2311264;Quiterianópolis - CE;2013;911.0;6855.0;6855.0;0.0;15750.0;4335.0;21101.0;13010.0;57120.0;both;Quiterianópolis - CE;101601.0;96880.0;9379.0;9.68;both
2311264;Quiterianópolis - CE;2014;2703.0;7377.0;7375.0;0.0002711129185305472;15300.0;4313.0;20990.0;12879.0;56548.0;both;Quiterianópolis - CE;139967.0;134903.0;15954.0;11.83;both
2311264;Quiterianópolis - CE;2015;1891.0;8109.0;8107.0;0.0002466395363176499;15223.0;4399.0;20780.0;12724.0;57113.0;both;Quiterianópolis - CE;127407.0;121661.0;13845.0;11.38;both
2311264;Quiterianópolis - CE;2016;4251.0;9558.0;9546.0;0.0012554927809165228;15132.0;4509.0;21092.0;12915.0;57570.0;both;Quiterianópolis - CE;141227.0;135800.0;23304.0;17.16;both
2311264;Quiterianópolis - CE;2017;4402.0;10076.0;10066.0;0.000992457324335061;14754.0;4581.0;21620.0;13082.0;58721.0;both;Quiterianópolis - CE;166934.0;160219.0;19751.0;12.33;both
2311264;Quiterianópolis - CE;2018;5232.0;10005.0;10005.0;0.0;15050.0;4631.0;22052.0;13160.0;59183.0;both;Quiterianópolis - CE;151808.0;145438.0;20980.0;14.43;both
2311264;Quiterianópolis - CE;2019;6386.0;9260.0;9260.0;0.0;15300.0;4780.0;22700.0;13230.0;59540.0;both;Quiterianópolis - CE;162593.0;154496.0;20236.0;13.1;both
2311264;Quiterianópolis - CE;2020;4314.0;9590.0;9590.0;0.0;15600.0;4885.0;23154.0;13310.0;60016.0;both;Quiterianópolis - CE;171901.0;163497.0;23200.0;14.19;both
2311264;Quiterianópolis - CE;2021;3775.0;9725.0;9725.0;0.0;15290.0;4640.0;22807.0;12112.0;51010.0;both;Quiterianópolis - CE;184720.0;174972.0;27760.0;15.87;both
2311264;Quiterianópolis - CE;2022;7972.0;13038.0;13038.0;0.0;16000.0;4410.0;23263.0;12717.0;58660.0;both;Quiterianópolis - CE;211391.0;;;;both
2311264;Quiterianópolis - CE;2023;3566.0;9552.0;9552.0;0.0;16350.0;4210.0;22170.0;12000.0;55727.0;both;Quiterianópolis - CE;249898.0;;;;both
2311264;Quiterianópolis - CE;2024;8110.0;11125.0;11125.0;0.0;19620.0;4300.0;25938.0;15000.0;66872.0;both;;;;;;left_only
2311306;Quixadá - CE;2003;21140.0;16315.0;16315.0;0.0;44250.0;7200.0;31500.0;4630.0;2532155.0;both;Quixadá - CE;211174.0;195977.0;39706.0;20.26;both
2311306;Quixadá - CE;2004;8398.0;16295.0;16295.0;0.0;47700.0;7900.0;34100.0;4760.0;2608729.0;both;Quixadá - CE;237367.0;219019.0;36023.0;16.45;both
2311306;Quixadá - CE;2005;10004.0;13525.0;13525.0;0.0;50560.0;8400.0;35800.0;4880.0;2648500.0;both;Quixadá - CE;271909.0;252887.0;44541.0;17.61;both
2311306;Quixadá - CE;2006;13099.0;15692.0;15692.0;0.0;51300.0;8510.0;36400.0;4770.0;2926934.0;both;Quixadá - CE;279191.0;256351.0;46983.0;18.33;both
2311306;Quixadá - CE;2007;4171.0;16200.0;9500.0;0.4135802469135802;52800.0;8800.0;37400.0;4848.0;2968350.0;both;Quixadá - CE;304731.0;280137.0;41629.0;14.86;both
2311306;Quixadá - CE;2008;15135.0;12695.0;12695.0;0.0;54460.0;9200.0;38800.0;4630.0;2856280.0;both;Quixadá - CE;381749.0;350433.0;55007.0;15.7;both
2311306;Quixadá - CE;2009;5834.0;13827.0;10727.0;0.22419903088160842;56920.0;9750.0;40600.0;4440.0;2717450.0;both;Quixadá - CE;465456.0;425660.0;46513.0;10.93;both
2311306;Quixadá - CE;2010;2684.0;7706.0;7706.0;0.0;58100.0;9950.0;41500.0;4250.0;2985210.0;both;Quixadá - CE;576334.0;522914.0;47896.0;9.16;both
2311306;Quixadá - CE;2011;15452.0;12921.0;12921.0;0.0;60010.0;10300.0;43380.0;4205.0;3006079.0;both;Quixadá - CE;625882.0;569712.0;70502.0;12.37;both
2311306;Quixadá - CE;2012;411.0;7099.0;5854.0;0.17537681363572333;54300.0;9800.0;40100.0;4030.0;3102418.0;both;Quixadá - CE;681760.0;615230.0;53901.0;8.76;both
2311306;Quixadá - CE;2013;1504.0;4050.0;4050.0;0.0;43100.0;9408.0;36892.0;3860.0;3084243.0;both;Quixadá - CE;733060.0;663991.0;61784.0;9.3;both
2311306;Quixadá - CE;2014;2147.0;5343.0;5343.0;0.0;46550.0;9590.0;37100.0;4100.0;3085450.0;both;Quixadá - CE;821399.0;753433.0;63891.0;8.48;both
2311306;Quixadá - CE;2015;872.0;4523.0;4523.0;0.0;42900.0;9390.0;35245.0;4000.0;2930000.0;both;Quixadá - CE;894136.0;819052.0;61593.0;7.52;both
2311306;Quixadá - CE;2016;944.0;6529.0;6529.0;0.0;43348.0;24796.0;44138.0;6604.0;3200000.0;both;Quixadá - CE;971818.0;893123.0;77409.0;8.67;both
2311306;Quixadá - CE;2017;5598.0;7207.0;7207.0;0.0;35972.0;12037.0;33815.0;5663.0;2900000.0;both;Quixadá - CE;937401.0;864372.0;73354.0;8.49;both
2311306;Quixadá - CE;2018;6005.0;8665.0;8665.0;0.0;39502.0;13520.0;39520.0;5950.0;3100000.0;both;Quixadá - CE;1043640.0;959867.0;74931.0;7.81;both
2311306;Quixadá - CE;2019;6726.0;8932.0;8932.0;0.0;40950.0;13980.0;40580.0;6100.0;3250000.0;both;Quixadá - CE;1005884.0;931212.0;84269.0;9.05;both
2311306;Quixadá - CE;2020;5305.0;8217.0;8217.0;0.0;41707.0;14500.0;42580.0;6350.0;3520350.0;both;Quixadá - CE;1051941.0;978152.0;88955.0;9.09;both
2311306;Quixadá - CE;2021;2800.0;8239.0;8239.0;0.0;42512.0;14985.0;44952.0;6742.0;3652365.0;both;Quixadá - CE;1109869.0;1022198.0;104794.0;10.25;both
2311306;Quixadá - CE;2022;3422.0;8246.0;8246.0;0.0;46498.0;15412.0;45125.0;6840.0;3840210.0;both;Quixadá - CE;1283066.0;;;;both
2311306;Quixadá - CE;2023;1854.0;9067.0;9067.0;0.0;48624.0;18295.0;49239.0;7238.0;3923415.0;both;Quixadá - CE;1424438.0;;;;both
2311306;Quixadá - CE;2024;1755.0;6453.0;6453.0;0.0;50249.0;19845.0;51425.0;7415.0;3995200.0;both;;;;;;left_only
2311355;Quixelô - CE;2003;10728.0;4770.0;4770.0;0.0;21910.0;2098.0;11810.0;8514.0;64990.0;both;Quixelô - CE;44153.0;43158.0;20042.0;46.44;both
2311355;Quixelô - CE;2004;5514.0;4494.0;4494.0;0.0;22260.0;2100.0;11900.0;8520.0;65120.0;both;Quixelô - CE;41540.0;40027.0;15244.0;38.08;both
2311355;Quixelô - CE;2005;3031.0;2707.0;2707.0;0.0;21369.0;2180.0;11910.0;8181.0;62482.0;both;Quixelô - CE;49872.0;48400.0;18117.0;37.43;both
2311355;Quixelô - CE;2006;7848.0;4193.0;4193.0;0.0;20941.0;2117.0;11880.0;8027.0;62035.0;both;Quixelô - CE;53460.0;51534.0;18593.0;36.08;both
2311355;Quixelô - CE;2007;4666.0;4518.0;4518.0;0.0;21670.0;2011.0;11286.0;6822.0;52729.0;both;Quixelô - CE;51825.0;50333.0;16925.0;33.63;both
2311355;Quixelô - CE;2008;3880.0;4630.0;4630.0;0.0;21735.0;1910.0;10702.0;5797.0;44819.0;both;Quixelô - CE;61062.0;59345.0;19756.0;33.29;both
2311355;Quixelô - CE;2009;4124.0;4798.0;4798.0;0.0;21745.0;1814.0;10166.0;5217.0;40337.0;both;Quixelô - CE;62055.0;60328.0;15976.0;26.48;both
2311355;Quixelô - CE;2010;3769.0;3595.0;3595.0;0.0;21895.0;1796.0;10065.0;5200.0;39934.0;both;Quixelô - CE;73998.0;71522.0;17785.0;24.87;both
2311355;Quixelô - CE;2011;5710.0;4468.0;4468.0;0.0;24313.0;1781.0;10020.0;5175.0;40009.0;both;Quixelô - CE;84630.0;81352.0;23263.0;28.59;both
2311355;Quixelô - CE;2012;1667.0;3863.0;3859.0;0.0010354646647683374;29388.0;1692.0;9519.0;5071.0;39208.0;both;Quixelô - CE;84206.0;80666.0;19546.0;24.23;both
2311355;Quixelô - CE;2013;1847.0;1734.0;1734.0;0.0;28032.0;1000.0;4000.0;3000.0;35288.0;both;Quixelô - CE;90249.0;86707.0;18811.0;21.69;both
2311355;Quixelô - CE;2014;3647.0;4146.0;4146.0;0.0;30847.0;1000.0;10387.0;4000.0;40000.0;both;Quixelô - CE;108577.0;104709.0;26870.0;25.66;both
2311355;Quixelô - CE;2015;767.0;3151.0;3147.0;0.0012694382735639609;30326.0;1050.0;10500.0;4000.0;36000.0;both;Quixelô - CE;107327.0;102071.0;16588.0;16.25;both
2311355;Quixelô - CE;2016;1756.0;3156.0;3150.0;0.0019011406844106071;31370.0;1136.0;12577.0;3800.0;34200.0;both;Quixelô - CE;120304.0;115069.0;22752.0;19.77;both
2311355;Quixelô - CE;2017;1836.0;3470.0;3470.0;0.0;22000.0;738.0;8046.0;3215.0;38734.0;both;Quixelô - CE;127331.0;120926.0;23932.0;19.79;both
2311355;Quixelô - CE;2018;2745.0;3126.0;3126.0;0.0;21780.0;811.0;8287.0;3536.0;38750.0;both;Quixelô - CE;121805.0;115622.0;22107.0;19.12;both
2311355;Quixelô - CE;2019;1709.0;2777.0;2777.0;0.0;22869.0;700.0;8500.0;3000.0;45680.0;both;Quixelô - CE;142566.0;133870.0;21124.0;15.78;both
2311355;Quixelô - CE;2020;5262.0;3223.0;3223.0;0.0;28000.0;640.0;7900.0;4000.0;45700.0;both;Quixelô - CE;169836.0;162451.0;46072.0;28.36;both
2311355;Quixelô - CE;2021;4724.0;3794.0;3794.0;0.0;39000.0;1200.0;8000.0;10000.0;46000.0;both;Quixelô - CE;198820.0;189415.0;67571.0;35.67;both
2311355;Quixelô - CE;2022;3428.0;4015.0;3695.0;0.0797011207970112;39780.0;1176.0;7760.0;9000.0;55200.0;both;Quixelô - CE;214522.0;;;;both
2311355;Quixelô - CE;2023;1384.0;2806.0;2806.0;0.0;44713.0;897.0;7566.0;9792.0;57960.0;both;Quixelô - CE;241297.0;;;;both
2311355;Quixelô - CE;2024;1885.0;2266.0;2266.0;0.0;50000.0;942.0;8148.0;10000.0;63480.0;both;;;;;;left_only
2311405;Quixeramobim - CE;2003;16931.0;17851.0;17851.0;0.0;72100.0;7450.0;39400.0;7280.0;100300.0;both;Quixeramobim - CE;186104.0;171578.0;30789.0;17.94;both
2311405;Quixeramobim - CE;2004;6886.0;17976.0;17976.0;0.0;75200.0;8100.0;42200.0;7520.0;103000.0;both;Quixeramobim - CE;188380.0;173853.0;25248.0;14.52;both
2311405;Quixeramobim - CE;2005;8606.0;9481.0;9481.0;0.0;78500.0;8500.0;43900.0;7650.0;104800.0;both;Quixeramobim - CE;216081.0;198439.0;30196.0;15.22;both
2311405;Quixeramobim - CE;2006;10918.0;12986.0;12986.0;0.0;80230.0;8870.0;44600.0;7516.0;106570.0;both;Quixeramobim - CE;254760.0;235782.0;32879.0;13.94;both
2311405;Quixeramobim - CE;2007;5355.0;15637.0;15637.0;0.0;81800.0;9100.0;45300.0;7650.0;108370.0;both;Quixeramobim - CE;280432.0;260612.0;30553.0;11.72;both
2311405;Quixeramobim - CE;2008;12410.0;14461.0;14461.0;0.0;83600.0;9320.0;46400.0;7050.0;109300.0;both;Quixeramobim - CE;332829.0;311158.0;39843.0;12.8;both
2311405;Quixeramobim - CE;2009;8197.0;17348.0;12818.0;0.2611252017523634;85200.0;9550.0;47500.0;6490.0;110230.0;both;Quixeramobim - CE;370805.0;346749.0;35137.0;10.13;both
2311405;Quixeramobim - CE;2010;2819.0;7301.0;7301.0;0.0;86400.0;9780.0;48800.0;6375.0;111500.0;both;Quixeramobim - CE;456018.0;418730.0;29502.0;7.05;both
2311405;Quixeramobim - CE;2011;28705.0;20958.0;20958.0;0.0;89080.0;10120.0;50500.0;6283.0;113850.0;both;Quixeramobim - CE;526957.0;487305.0;60387.0;12.39;both
2311405;Quixeramobim - CE;2012;664.0;2215.0;2197.0;0.008126410835214481;82600.0;9700.0;48200.0;5840.0;106500.0;both;Quixeramobim - CE;552448.0;500369.0;30931.0;6.18;both
2311405;Quixeramobim - CE;2013;2420.0;7658.0;7658.0;0.0;81734.0;9215.0;44344.0;5548.0;97980.0;both;Quixeramobim - CE;603448.0;549875.0;39448.0;7.17;both
2311405;Quixeramobim - CE;2014;4015.0;7371.0;7371.0;0.0;87580.0;9050.0;43457.0;5650.0;96790.0;both;Quixeramobim - CE;712913.0;655557.0;43245.0;6.6;both
2311405;Quixeramobim - CE;2015;1962.0;16175.0;16175.0;0.0;81200.0;8750.0;40850.0;5280.0;93880.0;both;Quixeramobim - CE;746318.0;691590.0;42115.0;6.09;both
2311405;Quixeramobim - CE;2016;2764.0;11175.0;11175.0;0.0;80028.0;9097.0;42115.0;9451.0;281165.0;both;Quixeramobim - CE;871205.0;803942.0;61188.0;7.61;both
2311405;Quixeramobim - CE;2017;16867.0;17117.0;17117.0;0.0;74458.0;9830.0;40184.0;10270.0;312089.0;both;Quixeramobim - CE;1037971.0;955816.0;94042.0;9.84;both
2311405;Quixeramobim - CE;2018;7482.0;17849.0;17847.0;0.00011205109529943691;85200.0;10520.0;45258.0;12320.0;325100.0;both;Quixeramobim - CE;1072295.0;974461.0;77375.0;7.94;both
2311405;Quixeramobim - CE;2019;18863.0;16251.0;16251.0;0.0;86950.0;12540.0;46850.0;13520.0;336500.0;both;Quixeramobim - CE;1229512.0;1125710.0;94660.0;8.41;both
2311405;Quixeramobim - CE;2020;13713.0;13737.0;13737.0;0.0;84072.0;13520.0;45842.0;12584.0;345000.0;both;Quixeramobim - CE;1185654.0;1090648.0;117292.0;10.75;both
2311405;Quixeramobim - CE;2021;9193.0;18954.0;18954.0;0.0;82945.0;14125.0;46750.0;12235.0;353000.0;both;Quixeramobim - CE;1402461.0;1280342.0;149436.0;11.67;both
2311405;Quixeramobim - CE;2022;18382.0;18358.0;18358.0;0.0;86204.0;14950.0;48120.0;13254.0;355200.0;both;Quixeramobim - CE;1725840.0;;;;both
2311405;Quixeramobim - CE;2023;4802.0;10162.0;10162.0;0.0;93876.0;16129.0;52129.0;15290.0;359299.0;both;Quixeramobim - CE;1928559.0;;;;both
2311405;Quixeramobim - CE;2024;4667.0;8717.0;8717.0;0.0;94758.0;17548.0;55481.0;16845.0;384251.0;both;;;;;;left_only
2311504;Quixeré - CE;2003;88565.0;6270.0;6270.0;0.0;6066.0;8626.0;6550.0;1747.0;13043.0;both;Quixeré - CE;68064.0;64841.0;31715.0;48.91;both
2311504;Quixeré - CE;2004;93051.0;5565.0;5565.0;0.0;5152.0;8747.0;6628.0;1782.0;12877.0;both;Quixeré - CE;93594.0;89410.0;49283.0;55.12;both
2311504;Quixeré - CE;2005;73305.0;4275.0;4275.0;0.0;5725.0;8878.0;6727.0;1802.0;13070.0;both;Quixeré - CE;94594.0;89444.0;46031.0;51.46;both
2311504;Quixeré - CE;2006;90106.0;5502.0;5502.0;0.0;5811.0;9144.0;6862.0;1855.0;13411.0;both;Quixeré - CE;117277.0;112175.0;62555.0;55.77;both
2311504;Quixeré - CE;2007;90851.0;5553.0;5553.0;0.0;5927.0;9163.0;6893.0;1892.0;13277.0;both;Quixeré - CE;127703.0;122650.0;65836.0;53.68;both
2311504;Quixeré - CE;2008;91231.0;4384.0;4384.0;0.0;5986.0;9209.0;6862.0;1948.0;13489.0;both;Quixeré - CE;149958.0;143699.0;76401.0;53.17;both
2311504;Quixeré - CE;2009;44792.0;4260.0;4260.0;0.0;6046.0;9347.0;7066.0;1996.0;13705.0;both;Quixeré - CE;129131.0;122992.0;49933.0;40.6;both
2311504;Quixeré - CE;2010;26358.0;2874.0;2574.0;0.10438413361169108;6070.0;9440.0;7137.0;1981.0;13568.0;both;Quixeré - CE;129073.0;122651.0;39717.0;32.38;both
2311504;Quixeré - CE;2011;65381.0;5142.0;5142.0;0.0;6082.0;9478.0;7187.0;1964.0;13527.0;both;Quixeré - CE;190764.0;183536.0;81546.0;44.43;both
2311504;Quixeré - CE;2012;104630.0;5695.0;4925.0;0.13520632133450394;5700.0;9445.0;7158.0;1928.0;13324.0;both;Quixeré - CE;284425.0;252439.0;137770.0;54.58;both
2311504;Quixeré - CE;2013;118955.0;6011.0;6011.0;0.0;5231.0;9426.0;7103.0;1895.0;13124.0;both;Quixeré - CE;490581.0;471998.0;317602.0;67.29;both
2311504;Quixeré - CE;2014;97292.0;3907.0;3907.0;0.0;5174.0;3257.0;7819.0;1816.0;14250.0;both;Quixeré - CE;496721.0;448484.0;202806.0;45.22;both
2311504;Quixeré - CE;2015;58399.0;3546.0;3546.0;0.0;4458.0;4000.0;8869.0;2097.0;17250.0;both;Quixeré - CE;387109.0;351690.0;139154.0;39.57;both
2311504;Quixeré - CE;2016;22969.0;2471.0;2471.0;0.0;4452.0;4008.0;9100.0;2105.0;17500.0;both;Quixeré - CE;321960.0;292135.0;109920.0;37.63;both
2311504;Quixeré - CE;2017;28883.0;3715.0;3715.0;0.0;4036.0;4473.0;9221.0;2347.0;17400.0;both;Quixeré - CE;382897.0;354166.0;130472.0;36.84;both
2311504;Quixeré - CE;2018;26184.0;2599.0;2599.0;0.0;4200.0;4440.0;9360.0;2500.0;17226.0;both;Quixeré - CE;426547.0;367586.0;74766.0;20.34;both
2311504;Quixeré - CE;2019;31624.0;3674.0;3674.0;0.0;4190.0;4480.0;9380.0;3200.0;19800.0;both;Quixeré - CE;400970.0;359875.0;74564.0;20.72;both
2311504;Quixeré - CE;2020;42212.0;3911.0;3911.0;0.0;4316.0;4615.0;9567.0;3232.0;20790.0;both;Quixeré - CE;459555.0;411808.0;103324.0;25.09;both
2311504;Quixeré - CE;2021;39517.0;3814.0;3814.0;0.0;4402.0;4684.0;9663.0;3297.0;20998.0;both;Quixeré - CE;637015.0;582117.0;108210.0;18.59;both
2311504;Quixeré - CE;2022;47570.0;4219.0;4215.0;0.0009480919649206276;5900.0;4700.0;9803.0;2800.0;21100.0;both;Quixeré - CE;682150.0;;;;both
2311504;Quixeré - CE;2023;49399.0;3270.0;3270.0;0.0;5546.0;4794.0;10097.0;2896.0;21311.0;both;Quixeré - CE;805778.0;;;;both
2311504;Quixeré - CE;2024;37529.0;3165.0;3165.0;0.0;5879.0;4842.0;10299.0;3012.0;21737.0;both;;;;;;left_only
2311603;Redenção - CE;2003;23041.0;5224.0;5224.0;0.0;2164.0;67.0;143.0;542.0;12349.0;both;Redenção - CE;79859.0;74005.0;15339.0;20.73;both
2311603;Redenção - CE;2004;26193.0;5473.0;5473.0;0.0;2171.0;69.0;146.0;549.0;12387.0;both;Redenção - CE;89213.0;83877.0;19733.0;23.53;both
2311603;Redenção - CE;2005;28271.0;5226.0;5226.0;0.0;2178.0;68.0;147.0;556.0;12435.0;both;Redenção - CE;97849.0;92727.0;17524.0;18.9;both
2311603;Redenção - CE;2006;30475.0;5597.0;5597.0;0.0;2184.0;70.0;149.0;562.0;12495.0;both;Redenção - CE;115993.0;109100.0;21458.0;19.67;both
2311603;Redenção - CE;2007;28803.0;5886.0;5886.0;0.0;2193.0;73.0;151.0;569.0;12616.0;both;Redenção - CE;86650.0;82096.0;16822.0;20.49;both
2311603;Redenção - CE;2008;40015.0;6377.0;6377.0;0.0;2201.0;78.0;154.0;578.0;12878.0;both;Redenção - CE;104837.0;99665.0;25188.0;25.27;both
2311603;Redenção - CE;2009;44002.0;7183.0;7183.0;0.0;2212.0;85.0;160.0;594.0;13152.0;both;Redenção - CE;122510.0;116929.0;31861.0;27.25;both
2311603;Redenção - CE;2010;45495.0;7036.0;7036.0;0.0;2225.0;91.0;166.0;608.0;13232.0;both;Redenção - CE;156859.0;150094.0;40393.0;26.91;both
2311603;Redenção - CE;2011;47463.0;7951.0;7951.0;0.0;2241.0;97.0;171.0;626.0;13321.0;both;Redenção - CE;180162.0;172885.0;54255.0;31.38;both
2311603;Redenção - CE;2012;35365.0;7841.0;7841.0;0.0;2951.0;95.0;169.0;634.0;15500.0;both;Redenção - CE;173558.0;164489.0;32356.0;19.67;both
2311603;Redenção - CE;2013;36654.0;7481.0;7481.0;0.0;2925.0;100.0;174.0;698.0;17050.0;both;Redenção - CE;202153.0;191703.0;38203.0;19.93;both
2311603;Redenção - CE;2014;46988.0;7951.0;7951.0;0.0;3013.0;104.0;179.0;749.0;18584.0;both;Redenção - CE;238894.0;228063.0;55917.0;24.52;both
2311603;Redenção - CE;2015;41658.0;7524.0;7524.0;0.0;2873.0;109.0;196.0;810.0;20090.0;both;Redenção - CE;268426.0;256102.0;67257.0;26.26;both
2311603;Redenção - CE;2016;25047.0;7265.0;7265.0;0.0;2748.0;115.0;184.0;812.0;21000.0;both;Redenção - CE;243968.0;230030.0;38420.0;16.7;both
2311603;Redenção - CE;2017;29277.0;6982.0;6982.0;0.0;2850.0;502.0;600.0;1458.0;31326.0;both;Redenção - CE;335447.0;319412.0;106519.0;33.35;both
2311603;Redenção - CE;2018;30313.0;6555.0;6555.0;0.0;2105.0;640.0;640.0;4605.0;34800.0;both;Redenção - CE;458455.0;441558.0;202837.0;45.94;both
2311603;Redenção - CE;2019;26297.0;6381.0;6381.0;0.0;2147.0;659.0;653.0;6631.0;40020.0;both;Redenção - CE;342557.0;322971.0;80642.0;24.97;both
2311603;Redenção - CE;2020;25568.0;6401.0;6401.0;0.0;2190.0;666.0;666.0;7957.0;46023.0;both;Redenção - CE;386574.0;364224.0;86392.0;23.72;both
2311603;Redenção - CE;2021;24897.0;6339.0;6339.0;0.0;2125.0;650.0;680.0;8150.0;45000.0;both;Redenção - CE;409867.0;385964.0;95815.0;24.82;both
2311603;Redenção - CE;2022;26370.0;6859.0;6859.0;0.0;2231.0;682.0;714.0;7742.0;47250.0;both;Redenção - CE;450867.0;;;;both
2311603;Redenção - CE;2023;26883.0;6596.0;6596.0;0.0;2298.0;614.0;643.0;8671.0;51030.0;both;Redenção - CE;520806.0;;;;both
2311603;Redenção - CE;2024;25576.0;6741.0;6741.0;0.0;2413.0;500.0;611.0;9105.0;45927.0;both;;;;;;left_only
2311702;Reriutaba - CE;2003;10054.0;13748.0;13748.0;0.0;5820.0;2491.0;3448.0;5409.0;29251.0;both;Reriutaba - CE;40638.0;39419.0;12167.0;30.87;both
2311702;Reriutaba - CE;2004;7440.0;13937.0;13937.0;0.0;5700.0;2789.0;3758.0;5800.0;33000.0;both;Reriutaba - CE;43134.0;40604.0;9719.0;23.94;both
2311702;Reriutaba - CE;2005;8462.0;14153.0;14153.0;0.0;5244.0;2956.0;3607.0;5435.0;30800.0;both;Reriutaba - CE;47561.0;45832.0;10044.0;21.92;both
2311702;Reriutaba - CE;2006;10443.0;13968.0;13968.0;0.0;6150.0;3250.0;3730.0;5330.0;31400.0;both;Reriutaba - CE;59506.0;56133.0;13613.0;24.25;both
2311702;Reriutaba - CE;2007;8646.0;8427.0;8427.0;0.0;5700.0;3910.0;3850.0;5800.0;31000.0;both;Reriutaba - CE;56282.0;54332.0;10510.0;19.34;both
2311702;Reriutaba - CE;2008;9380.0;8239.0;8239.0;0.0;5780.0;4100.0;4000.0;6900.0;33000.0;both;Reriutaba - CE;68179.0;65860.0;14195.0;21.55;both
2311702;Reriutaba - CE;2009;6971.0;8597.0;8597.0;0.0;5950.0;5000.0;4300.0;8500.0;34500.0;both;Reriutaba - CE;71835.0;69458.0;12835.0;18.48;both
2311702;Reriutaba - CE;2010;6778.0;8969.0;8959.0;0.0011149514996097176;6100.0;4800.0;4180.0;8900.0;34900.0;both;Reriutaba - CE;88318.0;84683.0;15521.0;18.33;both
2311702;Reriutaba - CE;2011;12219.0;9133.0;9133.0;0.0;6250.0;5150.0;4500.0;9300.0;34400.0;both;Reriutaba - CE;105551.0;101682.0;23075.0;22.69;both
2311702;Reriutaba - CE;2012;7520.0;12416.0;12416.0;0.0;6000.0;5000.0;4850.0;9350.0;35500.0;both;Reriutaba - CE;107941.0;103664.0;19177.0;18.5;both
2311702;Reriutaba - CE;2013;7384.0;8195.0;8195.0;0.0;5000.0;4650.0;4500.0;9100.0;34600.0;both;Reriutaba - CE;120055.0;115629.0;21568.0;18.65;both
2311702;Reriutaba - CE;2014;6797.0;7481.0;7481.0;0.0;4840.0;3952.0;3825.0;8500.0;35000.0;both;Reriutaba - CE;133607.0;128690.0;20732.0;16.11;both
2311702;Reriutaba - CE;2015;6333.0;6806.0;6806.0;0.0;4463.0;3800.0;3750.0;9000.0;36000.0;both;Reriutaba - CE;140349.0;134648.0;19675.0;14.61;both
2311702;Reriutaba - CE;2016;3768.0;7418.0;7418.0;0.0;4600.0;3500.0;3950.0;8500.0;39500.0;both;Reriutaba - CE;146836.0;140115.0;16532.0;11.8;both
2311702;Reriutaba - CE;2017;9422.0;7554.0;7554.0;0.0;4800.0;4740.0;6200.0;9300.0;41500.0;both;Reriutaba - CE;190648.0;183831.0;48378.0;26.32;both
2311702;Reriutaba - CE;2018;8918.0;7778.0;7778.0;0.0;5500.0;5000.0;6300.0;10000.0;42000.0;both;Reriutaba - CE;193940.0;186743.0;45347.0;24.28;both
2311702;Reriutaba - CE;2019;2798.0;5472.0;5472.0;0.0;5000.0;5260.0;6620.0;7000.0;50100.0;both;Reriutaba - CE;176270.0;167292.0;14058.0;8.4;both
2311702;Reriutaba - CE;2020;3961.0;5834.0;5834.0;0.0;5500.0;5420.0;6780.0;7640.0;57550.0;both;Reriutaba - CE;179901.0;170603.0;22771.0;13.35;both
2311702;Reriutaba - CE;2021;3991.0;4797.0;4797.0;0.0;4500.0;5450.0;6800.0;5000.0;57900.0;both;Reriutaba - CE;190710.0;179055.0;22122.0;12.36;both
2311702;Reriutaba - CE;2022;2718.0;5223.0;5223.0;0.0;4800.0;5600.0;6900.0;5200.0;59000.0;both;Reriutaba - CE;213295.0;;;;both
2311702;Reriutaba - CE;2023;2776.0;5534.0;5534.0;0.0;5139.0;5220.0;6216.0;5476.0;61957.0;both;Reriutaba - CE;238538.0;;;;both
2311702;Reriutaba - CE;2024;2909.0;5768.0;5768.0;0.0;5200.0;5000.0;6300.0;5600.0;63000.0;both;;;;;;left_only
2311801;Russas - CE;2003;7350.0;7635.0;7635.0;0.0;17342.0;15507.0;24698.0;5579.0;71807.0;both;Russas - CE;243561.0;200734.0;12219.0;6.09;both
2311801;Russas - CE;2004;9715.0;8474.0;8474.0;0.0;17793.0;16360.0;26279.0;5792.0;73207.0;both;Russas - CE;279646.0;235564.0;13298.0;5.65;both
2311801;Russas - CE;2005;14184.0;9024.0;9024.0;0.0;18469.0;17881.0;29511.0;6067.0;24339.0;both;Russas - CE;294540.0;255059.0;17731.0;6.95;both
2311801;Russas - CE;2006;19001.0;10960.0;10960.0;0.0;18977.0;18936.0;31429.0;6302.0;25272.0;both;Russas - CE;329608.0;279979.0;20866.0;7.45;both
2311801;Russas - CE;2007;16846.0;11270.0;11270.0;0.0;19546.0;20072.0;33315.0;6463.0;25917.0;both;Russas - CE;362600.0;305696.0;19713.0;6.45;both
2311801;Russas - CE;2008;31043.0;12695.0;12695.0;0.0;20093.0;20825.0;34300.0;6633.0;26566.0;both;Russas - CE;449685.0;388939.0;39174.0;10.07;both
2311801;Russas - CE;2009;13872.0;12310.0;12310.0;0.0;20539.0;21418.0;35312.0;6786.0;27131.0;both;Russas - CE;470387.0;401069.0;24614.0;6.14;both
2311801;Russas - CE;2010;37313.0;11039.0;11033.0;0.0005435274934323386;21075.0;22082.0;36368.0;6958.0;27740.0;both;Russas - CE;575304.0;490683.0;41020.0;8.36;both
2311801;Russas - CE;2011;45947.0;12745.0;12745.0;0.0;21648.0;22921.0;37895.0;7181.0;28452.0;both;Russas - CE;651383.0;558459.0;65549.0;11.74;both
2311801;Russas - CE;2012;44327.0;12385.0;12385.0;0.0;25836.0;24113.0;40017.0;7424.0;29306.0;both;Russas - CE;732100.0;631589.0;72318.0;11.45;both
2311801;Russas - CE;2013;50982.0;10320.0;10320.0;0.0;25060.0;25463.0;42498.0;7676.0;30536.0;both;Russas - CE;777481.0;671233.0;89599.0;13.35;both
2311801;Russas - CE;2014;49143.0;9460.0;9460.0;0.0;24402.0;26893.0;43987.0;7879.0;32002.0;both;Russas - CE;886849.0;772169.0;94915.0;12.29;both
2311801;Russas - CE;2015;26425.0;10515.0;10515.0;0.0;23896.0;28546.0;46256.0;7964.0;33498.0;both;Russas - CE;904223.0;780607.0;80206.0;10.27;both
2311801;Russas - CE;2016;24176.0;11176.0;11176.0;0.0;23864.0;29071.0;48106.0;8043.0;33904.0;both;Russas - CE;916892.0;790189.0;73752.0;9.33;both
2311801;Russas - CE;2017;47339.0;8458.0;8458.0;0.0;22769.0;17634.0;38793.0;7869.0;36248.0;both;Russas - CE;1129464.0;996873.0;203815.0;20.45;both
2311801;Russas - CE;2018;20023.0;6473.0;6093.0;0.05870539162675725;23986.0;17896.0;39342.0;7978.0;36876.0;both;Russas - CE;1107206.0;978372.0;161958.0;16.55;both
2311801;Russas - CE;2019;29730.0;6076.0;6076.0;0.0;23910.0;18790.0;39390.0;9174.0;40563.0;both;Russas - CE;1100469.0;987030.0;112683.0;11.42;both
2311801;Russas - CE;2020;32262.0;5640.0;5640.0;0.0;23193.0;19542.0;40571.0;9633.0;43808.0;both;Russas - CE;1061512.0;961677.0;116940.0;12.16;both
2311801;Russas - CE;2021;14204.0;5022.0;5022.0;0.0;23541.0;20128.0;42600.0;10115.0;44684.0;both;Russas - CE;1158523.0;1037312.0;120601.0;11.63;both
2311801;Russas - CE;2022;16249.0;5097.0;5097.0;0.0;23800.0;20825.0;42630.0;17000.0;48100.0;both;Russas - CE;1332638.0;;;;both
2311801;Russas - CE;2023;15215.0;5574.0;5574.0;0.0;20230.0;20408.0;43482.0;19563.0;52910.0;both;Russas - CE;1517580.0;;;;both
2311801;Russas - CE;2024;18145.0;4803.0;4803.0;0.0;19825.0;20816.0;43917.0;20541.0;53439.0;both;;;;;;left_only
2311900;Saboeiro - CE;2003;4274.0;6267.0;6267.0;0.0;16328.0;8910.0;18501.0;9137.0;45298.0;both;Saboeiro - CE;27126.0;26291.0;5949.0;22.63;both
2311900;Saboeiro - CE;2004;3709.0;5426.0;4911.0;0.09491338002211569;16115.0;8970.0;18510.0;9126.0;45298.0;both;Saboeiro - CE;27110.0;26142.0;5811.0;22.23;both
2311900;Saboeiro - CE;2005;1743.0;5190.0;5190.0;0.0;16000.0;8790.0;18130.0;9034.0;44391.0;both;Saboeiro - CE;30616.0;29509.0;5052.0;17.12;both
2311900;Saboeiro - CE;2006;4137.0;5538.0;5538.0;0.0;15917.0;8809.0;18153.0;8901.0;43971.0;both;Saboeiro - CE;32243.0;31089.0;6339.0;20.39;both
2311900;Saboeiro - CE;2007;2951.0;5811.0;5810.0;0.00017208742040952796;14920.0;7149.0;19060.0;8455.0;41772.0;both;Saboeiro - CE;35374.0;34102.0;6097.0;17.88;both
2311900;Saboeiro - CE;2008;4732.0;5613.0;5613.0;0.0;14934.0;6791.0;18107.0;8032.0;39683.0;both;Saboeiro - CE;42511.0;41006.0;7815.0;19.06;both
2311900;Saboeiro - CE;2009;3737.0;5845.0;5845.0;0.0;14941.0;6723.0;17201.0;7629.0;37698.0;both;Saboeiro - CE;49410.0;47847.0;6859.0;14.33;both
2311900;Saboeiro - CE;2010;2979.0;4533.0;4533.0;0.0;14194.0;6636.0;17029.0;7554.0;37322.0;both;Saboeiro - CE;53390.0;51760.0;7369.0;14.24;both
2311900;Saboeiro - CE;2011;5554.0;5747.0;5747.0;0.0;13702.0;6606.0;16943.0;7516.0;37055.0;both;Saboeiro - CE;65115.0;63073.0;10436.0;16.55;both
2311900;Saboeiro - CE;2012;1564.0;5726.0;5726.0;0.0;14740.0;6210.0;15926.0;7366.0;36312.0;both;Saboeiro - CE;63519.0;61084.0;6789.0;11.11;both
2311900;Saboeiro - CE;2013;1122.0;1627.0;1627.0;0.0;12704.0;5278.0;13537.0;6261.0;32683.0;both;Saboeiro - CE;71996.0;69244.0;6494.0;9.38;both
2311900;Saboeiro - CE;2014;4189.0;4114.0;4114.0;0.0;13362.0;13296.0;25045.0;5713.0;33000.0;both;Saboeiro - CE;85658.0;82946.0;10219.0;12.32;both
2311900;Saboeiro - CE;2015;849.0;2816.0;2813.0;0.0010653409090909394;14062.0;15500.0;27022.0;5800.0;31000.0;both;Saboeiro - CE;88688.0;85597.0;7417.0;8.67;both
2311900;Saboeiro - CE;2016;561.0;3962.0;3962.0;0.0;13862.0;16000.0;27643.0;4089.0;26000.0;both;Saboeiro - CE;106260.0;102555.0;19703.0;19.21;both
2311900;Saboeiro - CE;2017;597.0;3706.0;3706.0;0.0;12000.0;9380.0;19910.0;3122.0;42225.0;both;Saboeiro - CE;129449.0;125468.0;37027.0;29.51;both
2311900;Saboeiro - CE;2018;4054.0;4118.0;4118.0;0.0;14400.0;10500.0;21500.0;3434.0;33780.0;both;Saboeiro - CE;129631.0;125284.0;28928.0;23.09;both
2311900;Saboeiro - CE;2019;453.0;3031.0;3031.0;0.0;15120.0;11550.0;23650.0;2816.0;30402.0;both;Saboeiro - CE;128686.0;124341.0;23333.0;18.77;both
2311900;Saboeiro - CE;2020;6285.0;4091.0;4091.0;0.0;15476.0;12350.0;25300.0;2600.0;26000.0;both;Saboeiro - CE;151106.0;146758.0;38939.0;26.53;both
2311900;Saboeiro - CE;2021;3937.0;4077.0;4077.0;0.0;16102.0;9000.0;23400.0;3000.0;47000.0;both;Saboeiro - CE;169856.0;164427.0;53256.0;32.39;both
2311900;Saboeiro - CE;2022;2034.0;3881.0;3721.0;0.04122648801855189;16907.0;8370.0;22230.0;3450.0;51700.0;both;Saboeiro - CE;164970.0;;;;both
2311900;Saboeiro - CE;2023;1335.0;2792.0;2792.0;0.0;17488.0;8000.0;21607.0;3177.0;54129.0;both;Saboeiro - CE;190822.0;;;;both
2311900;Saboeiro - CE;2024;2434.0;2410.0;2410.0;0.0;18100.0;7040.0;19447.0;3304.0;55212.0;both;;;;;;left_only
2311959;Salitre - CE;2003;53549.0;15241.0;15241.0;0.0;8397.0;3039.0;6247.0;4631.0;36143.0;both;Salitre - CE;29350.0;28966.0;12074.0;41.68;both
2311959;Salitre - CE;2004;45681.0;11574.0;11574.0;0.0;8541.0;2991.0;6455.0;4593.0;36894.0;both;Salitre - CE;27050.0;26473.0;8327.0;31.46;both
2311959;Salitre - CE;2005;41283.0;11463.0;11463.0;0.0;8559.0;3027.0;6596.0;4698.0;36318.0;both;Salitre - CE;30736.0;30127.0;8495.0;28.2;both
2311959;Salitre - CE;2006;50675.0;12872.0;12872.0;0.0;8597.0;3055.0;6752.0;4719.0;36801.0;both;Salitre - CE;38181.0;37403.0;11582.0;30.96;both
2311959;Salitre - CE;2007;39027.0;14727.0;14727.0;0.0;8532.0;3117.0;6905.0;4667.0;36389.0;both;Salitre - CE;41497.0;40567.0;10234.0;25.23;both
2311959;Salitre - CE;2008;95522.0;17756.0;17756.0;0.0;8481.0;3242.0;7133.0;4499.0;36027.0;both;Salitre - CE;59667.0;58589.0;20963.0;35.78;both
2311959;Salitre - CE;2009;81128.0;17912.0;17912.0;0.0;8519.0;3291.0;7174.0;4498.0;36403.0;both;Salitre - CE;57228.0;56173.0;15456.0;27.52;both
2311959;Salitre - CE;2010;42719.0;14946.0;14946.0;0.0;8397.0;3309.0;7217.0;4378.0;36527.0;both;Salitre - CE;57987.0;56128.0;9190.0;16.37;both
2311959;Salitre - CE;2011;60307.0;13174.0;13174.0;0.0;8476.0;3401.0;7342.0;4450.0;36969.0;both;Salitre - CE;76314.0;74244.0;20940.0;28.2;both
2311959;Salitre - CE;2012;4263.0;10689.0;10689.0;0.0;10576.0;3516.0;7658.0;4357.0;34498.0;both;Salitre - CE;73820.0;71294.0;13973.0;19.6;both
2311959;Salitre - CE;2013;21463.0;11089.0;11089.0;0.0;9633.0;3867.0;8423.0;4792.0;37602.0;both;Salitre - CE;92767.0;90460.0;24267.0;26.83;both
2311959;Salitre - CE;2014;56254.0;10592.0;10592.0;0.0;9101.0;2887.0;8649.0;3982.0;40234.0;both;Salitre - CE;116297.0;113412.0;35885.0;31.64;both
2311959;Salitre - CE;2015;21774.0;8013.0;8013.0;0.0;8969.0;3175.0;12973.0;2986.0;36210.0;both;Salitre - CE;99370.0;96269.0;14486.0;15.05;both
2311959;Salitre - CE;2016;31959.0;7843.0;7843.0;0.0;7800.0;2800.0;11500.0;2200.0;25500.0;both;Salitre - CE;106349.0;103042.0;18113.0;17.58;both
2311959;Salitre - CE;2017;58443.0;12841.0;12841.0;0.0;7270.0;3250.0;12000.0;1505.0;53000.0;both;Salitre - CE;118073.0;114758.0;23270.0;20.28;both
2311959;Salitre - CE;2018;72651.0;12343.0;12343.0;0.0;7220.0;3570.0;15000.0;2000.0;80000.0;both;Salitre - CE;110770.0;107449.0;14824.0;13.8;both
2311959;Salitre - CE;2019;67182.0;10780.0;10780.0;0.0;7500.0;4000.0;15700.0;2200.0;84000.0;both;Salitre - CE;127158.0;122843.0;14645.0;11.92;both
2311959;Salitre - CE;2020;77356.0;10326.0;10326.0;0.0;10575.0;4100.0;15000.0;1980.0;76000.0;both;Salitre - CE;147599.0;143036.0;23088.0;16.14;both
2311959;Salitre - CE;2021;48058.0;11516.0;11516.0;0.0;11000.0;4500.0;18000.0;3000.0;85000.0;both;Salitre - CE;159284.0;153822.0;25194.0;16.38;both
2311959;Salitre - CE;2022;164227.0;17713.0;17713.0;0.0;12500.0;6000.0;20000.0;4000.0;105000.0;both;Salitre - CE;187867.0;;;;both
2311959;Salitre - CE;2023;117881.0;17736.0;17736.0;0.0;12800.0;7000.0;23000.0;4200.0;106000.0;both;Salitre - CE;222379.0;;;;both
2311959;Salitre - CE;2024;245135.0;25977.0;25977.0;0.0;11520.0;9100.0;22310.0;5040.0;127200.0;both;;;;;;left_only
2312007;Santana do Acaraú - CE;2003;16778.0;14114.0;14114.0;0.0;25969.0;13275.0;17901.0;13230.0;90066.0;both;Santana do Acaraú - CE;50409.0;48926.0;11454.0;23.41;both
2312007;Santana do Acaraú - CE;2004;16214.0;13807.0;13807.0;0.0;25986.0;13480.0;18210.0;13355.0;92215.0;both;Santana do Acaraú - CE;51163.0;49344.0;11135.0;22.57;both
2312007;Santana do Acaraú - CE;2005;15325.0;13787.0;13787.0;0.0;26995.0;13900.0;19600.0;13702.0;92870.0;both;Santana do Acaraú - CE;60987.0;58942.0;12466.0;21.15;both
2312007;Santana do Acaraú - CE;2006;20303.0;14723.0;14723.0;0.0;26974.0;13998.0;19266.0;13664.0;92424.0;both;Santana do Acaraú - CE;70195.0;67826.0;14164.0;20.88;both
2312007;Santana do Acaraú - CE;2007;19516.0;15017.0;15017.0;0.0;26957.0;14074.0;19088.0;13657.0;92467.0;both;Santana do Acaraú - CE;76063.0;73631.0;14061.0;19.1;both
2312007;Santana do Acaraú - CE;2008;15147.0;14421.0;14421.0;0.0;26148.0;14035.0;19178.0;13660.0;92447.0;both;Santana do Acaraú - CE;90485.0;87488.0;16159.0;18.47;both
2312007;Santana do Acaraú - CE;2009;11487.0;14523.0;14081.0;0.030434483233491738;26174.0;14184.0;19203.0;13872.0;92876.0;both;Santana do Acaraú - CE;96284.0;93218.0;15009.0;16.1;both
2312007;Santana do Acaraú - CE;2010;5534.0;15669.0;15669.0;0.0;26828.0;14510.0;19645.0;14184.0;94961.0;both;Santana do Acaraú - CE;110543.0;105687.0;15086.0;14.27;both
2312007;Santana do Acaraú - CE;2011;13737.0;15627.0;15627.0;0.0;27176.0;14713.0;19998.0;14459.0;96946.0;both;Santana do Acaraú - CE;127596.0;122561.0;21049.0;17.17;both
2312007;Santana do Acaraú - CE;2012;3108.0;15569.0;15569.0;0.0;22576.0;14933.0;11993.0;11037.0;93813.0;both;Santana do Acaraú - CE;131518.0;125834.0;15622.0;12.41;both
2312007;Santana do Acaraú - CE;2013;4757.0;13656.0;13656.0;0.0;24629.0;15387.0;12358.0;11827.0;98700.0;both;Santana do Acaraú - CE;150334.0;144792.0;20369.0;14.07;both
2312007;Santana do Acaraú - CE;2014;6165.0;15562.0;15562.0;0.0;23548.0;15545.0;12780.0;11383.0;102941.0;both;Santana do Acaraú - CE;177993.0;172475.0;23543.0;13.65;both
2312007;Santana do Acaraú - CE;2015;6495.0;15642.0;15642.0;0.0;21599.0;15835.0;13148.0;9366.0;104899.0;both;Santana do Acaraú - CE;184460.0;178219.0;25921.0;14.54;both
2312007;Santana do Acaraú - CE;2016;2670.0;13660.0;13660.0;0.0;20505.0;14690.0;12145.0;8995.0;100354.0;both;Santana do Acaraú - CE;194406.0;187601.0;25255.0;13.46;both
2312007;Santana do Acaraú - CE;2017;8117.0;13964.0;13964.0;0.0;22429.0;15277.0;6680.0;11010.0;105354.0;both;Santana do Acaraú - CE;213896.0;205694.0;26938.0;13.1;both
2312007;Santana do Acaraú - CE;2018;6483.0;8294.0;8294.0;0.0;22500.0;7930.0;7044.0;6050.0;108984.0;both;Santana do Acaraú - CE;221785.0;213086.0;33516.0;15.73;both
2312007;Santana do Acaraú - CE;2019;5627.0;8501.0;8501.0;0.0;23500.0;8500.0;8000.0;5864.0;108680.0;both;Santana do Acaraú - CE;229989.0;220771.0;30485.0;13.81;both
2312007;Santana do Acaraú - CE;2020;7399.0;8501.0;8501.0;0.0;21000.0;8280.0;7800.0;6040.0;112700.0;both;Santana do Acaraú - CE;259124.0;249772.0;40509.0;16.22;both
2312007;Santana do Acaraú - CE;2021;7783.0;8534.0;8534.0;0.0;20570.0;8190.0;7650.0;6150.0;113850.0;both;Santana do Acaraú - CE;280072.0;268439.0;49538.0;18.45;both
2312007;Santana do Acaraú - CE;2022;10558.0;13256.0;13256.0;0.0;21287.0;7236.0;8000.0;5227.0;120681.0;both;Santana do Acaraú - CE;313120.0;;;;both
2312007;Santana do Acaraú - CE;2023;6555.0;10886.0;10886.0;0.0;20564.0;6842.0;7566.0;5681.0;121986.0;both;Santana do Acaraú - CE;352192.0;;;;both
2312007;Santana do Acaraú - CE;2024;6567.0;10801.0;10801.0;0.0;19350.0;6678.0;7015.0;5452.0;109986.0;both;;;;;;left_only
2312106;Santana do Cariri - CE;2003;10204.0;3341.0;3341.0;0.0;12912.0;1247.0;1392.0;1738.0;88697.0;both;Santana do Cariri - CE;31977.0;31213.0;8449.0;27.07;both
2312106;Santana do Cariri - CE;2004;7002.0;2751.0;2751.0;0.0;13475.0;1223.0;1517.0;1827.0;72060.0;both;Santana do Cariri - CE;33164.0;32229.0;7169.0;22.24;both
2312106;Santana do Cariri - CE;2005;9429.0;4993.0;4993.0;0.0;13817.0;1259.0;1592.0;1882.0;87789.0;both;Santana do Cariri - CE;37917.0;36787.0;9612.0;26.13;both
2312106;Santana do Cariri - CE;2006;14311.0;4832.0;4832.0;0.0;14991.0;1318.0;1707.0;2183.0;92161.0;both;Santana do Cariri - CE;44037.0;42836.0;11837.0;27.63;both
2312106;Santana do Cariri - CE;2007;8971.0;4818.0;4818.0;0.0;15547.0;1441.0;1837.0;2366.0;95017.0;both;Santana do Cariri - CE;47331.0;46018.0;9917.0;21.55;both
2312106;Santana do Cariri - CE;2008;14015.0;4817.0;4817.0;0.0;15785.0;1527.0;2016.0;2576.0;100030.0;both;Santana do Cariri - CE;56194.0;54553.0;13648.0;25.02;both
2312106;Santana do Cariri - CE;2009;18208.0;5804.0;5804.0;0.0;16043.0;1564.0;2175.0;2743.0;103530.0;both;Santana do Cariri - CE;68325.0;66706.0;15988.0;23.97;both
2312106;Santana do Cariri - CE;2010;11201.0;10582.0;10582.0;0.0;16015.0;1576.0;2211.0;2761.0;103833.0;both;Santana do Cariri - CE;71494.0;69504.0;15434.0;22.21;both
2312106;Santana do Cariri - CE;2011;39594.0;7292.0;7292.0;0.0;16299.0;1715.0;2307.0;3991.0;104787.0;both;Santana do Cariri - CE;86005.0;83791.0;24301.0;29.0;both
2312106;Santana do Cariri - CE;2012;5828.0;5828.0;5828.0;0.0;15796.0;1952.0;2583.0;3786.0;99750.0;both;Santana do Cariri - CE;81924.0;79368.0;16979.0;21.39;both
2312106;Santana do Cariri - CE;2013;6473.0;5590.0;5590.0;0.0;12984.0;2147.0;3580.0;4164.0;106732.0;both;Santana do Cariri - CE;93678.0;91564.0;18477.0;20.18;both
2312106;Santana do Cariri - CE;2014;18177.0;4405.0;4405.0;0.0;12030.0;2520.0;4320.0;4038.0;111534.0;both;Santana do Cariri - CE;120441.0;117760.0;30944.0;26.28;both
2312106;Santana do Cariri - CE;2015;4313.0;3375.0;3375.0;0.0;12200.0;2400.0;3200.0;2035.0;112500.0;both;Santana do Cariri - CE;108196.0;104572.0;14980.0;14.32;both
2312106;Santana do Cariri - CE;2016;3392.0;2804.0;2804.0;0.0;11400.0;1900.0;2500.0;1430.0;80000.0;both;Santana do Cariri - CE;106561.0;102883.0;12781.0;12.42;both
2312106;Santana do Cariri - CE;2017;9277.0;3106.0;3106.0;0.0;12100.0;1500.0;2600.0;1650.0;86569.0;both;Santana do Cariri - CE;132741.0;128693.0;22111.0;17.18;both
2312106;Santana do Cariri - CE;2018;6322.0;2042.0;2042.0;0.0;11300.0;1700.0;2750.0;2000.0;108000.0;both;Santana do Cariri - CE;123888.0;120094.0;14498.0;12.07;both
2312106;Santana do Cariri - CE;2019;4493.0;1910.0;1906.0;0.0020942408376963817;11500.0;1780.0;2890.0;2200.0;113000.0;both;Santana do Cariri - CE;134270.0;129939.0;14998.0;11.54;both
2312106;Santana do Cariri - CE;2020;5538.0;1907.0;1907.0;0.0;12080.0;1850.0;3000.0;2000.0;116000.0;both;Santana do Cariri - CE;150513.0;145992.0;24541.0;16.81;both
2312106;Santana do Cariri - CE;2021;5451.0;2383.0;2383.0;0.0;10350.0;1940.0;3215.0;5500.0;130000.0;both;Santana do Cariri - CE;159277.0;153778.0;28383.0;18.46;both
2312106;Santana do Cariri - CE;2022;3501.0;1919.0;1919.0;0.0;12000.0;2000.0;3315.0;5300.0;125350.0;both;Santana do Cariri - CE;164591.0;;;;both
2312106;Santana do Cariri - CE;2023;4632.0;2075.0;2075.0;0.0;14500.0;2100.0;3646.0;5830.0;137885.0;both;Santana do Cariri - CE;191197.0;;;;both
2312106;Santana do Cariri - CE;2024;7978.0;2224.0;2224.0;0.0;12500.0;2500.0;4000.0;6000.0;165462.0;both;;;;;;left_only
2312205;Santa Quitéria - CE;2003;17569.0;23068.0;23068.0;0.0;36818.0;40723.0;60090.0;17603.0;147576.0;both;Santa Quitéria - CE;130740.0;122920.0;29391.0;23.91;both
2312205;Santa Quitéria - CE;2004;10540.0;30254.0;30011.0;0.008031995769154476;37922.0;41944.0;61892.0;17989.0;152003.0;both;Santa Quitéria - CE;132973.0;125969.0;26707.0;21.2;both
2312205;Santa Quitéria - CE;2005;10249.0;25559.0;25559.0;0.0;38490.0;42573.0;62510.0;18331.0;153522.0;both;Santa Quitéria - CE;125789.0;119520.0;27525.0;23.03;both
2312205;Santa Quitéria - CE;2006;23804.0;25629.0;25629.0;0.0;39452.0;44276.0;64698.0;18881.0;157360.0;both;Santa Quitéria - CE;146211.0;139594.0;40623.0;29.1;both
2312205;Santa Quitéria - CE;2007;10975.0;26604.0;26604.0;0.0;40241.0;45161.0;65992.0;19259.0;160507.0;both;Santa Quitéria - CE;143847.0;136441.0;27838.0;20.4;both
2312205;Santa Quitéria - CE;2008;26484.0;28242.0;28242.0;0.0;41046.0;45838.0;66982.0;19548.0;163535.0;both;Santa Quitéria - CE;194945.0;185880.0;49551.0;26.66;both
2312205;Santa Quitéria - CE;2009;12643.0;27703.0;27703.0;0.0;41456.0;46434.0;67920.0;19783.0;166294.0;both;Santa Quitéria - CE;201161.0;191664.0;34339.0;17.92;both
2312205;Santa Quitéria - CE;2010;13958.0;25338.0;25338.0;0.0;42699.0;47362.0;69278.0;20376.0;170245.0;both;Santa Quitéria - CE;226303.0;214703.0;40938.0;19.07;both
2312205;Santa Quitéria - CE;2011;28712.0;28678.0;28678.0;0.0;43957.0;48428.0;71149.0;20821.0;177977.0;both;Santa Quitéria - CE;261952.0;249216.0;59234.0;23.77;both
2312205;Santa Quitéria - CE;2012;11229.0;17034.0;17034.0;0.0;36484.0;39710.0;57630.0;17697.0;150172.0;both;Santa Quitéria - CE;264124.0;248728.0;33925.0;13.64;both
2312205;Santa Quitéria - CE;2013;3856.0;3802.0;3797.0;0.0013150973172014746;41999.0;38915.0;56762.0;13873.0;230419.0;both;Santa Quitéria - CE;298641.0;281010.0;34772.0;12.37;both
2312205;Santa Quitéria - CE;2014;15347.0;17621.0;17621.0;0.0;41159.0;38970.0;56762.0;13595.0;238720.0;both;Santa Quitéria - CE;352190.0;333734.0;46749.0;14.01;both
2312205;Santa Quitéria - CE;2015;11218.0;31302.0;31302.0;0.0;41200.0;39100.0;56940.0;13500.0;238870.0;both;Santa Quitéria - CE;373312.0;352822.0;47400.0;13.43;both
2312205;Santa Quitéria - CE;2016;10349.0;26111.0;26111.0;0.0;40280.0;38750.0;56430.0;13150.0;238430.0;both;Santa Quitéria - CE;397700.0;374900.0;54519.0;14.54;both
2312205;Santa Quitéria - CE;2017;20379.0;35352.0;35340.0;0.00033944331296675845;36458.0;31776.0;43639.0;8897.0;74289.0;both;Santa Quitéria - CE;444169.0;417590.0;57418.0;13.75;both
2312205;Santa Quitéria - CE;2018;10329.0;23343.0;23343.0;0.0;36996.0;30504.0;44551.0;9341.0;68765.0;both;Santa Quitéria - CE;446749.0;417191.0;45840.0;10.99;both
2312205;Santa Quitéria - CE;2019;21516.0;35299.0;35299.0;0.0;38073.0;31144.0;45540.0;9609.0;69865.0;both;Santa Quitéria - CE;502513.0;469276.0;72734.0;15.5;both
2312205;Santa Quitéria - CE;2020;25673.0;31568.0;31568.0;0.0;39097.0;31760.0;46132.0;9812.0;67769.0;both;Santa Quitéria - CE;533368.0;502261.0;92635.0;18.44;both
2312205;Santa Quitéria - CE;2021;16969.0;37354.0;37354.0;0.0;39995.0;31194.0;45565.0;9464.0;65184.0;both;Santa Quitéria - CE;633710.0;590757.0;97193.0;16.45;both
2312205;Santa Quitéria - CE;2022;21879.0;35593.0;35593.0;0.0;40972.0;32346.0;46921.0;9301.0;61846.0;both;Santa Quitéria - CE;715965.0;;;;both
2312205;Santa Quitéria - CE;2023;18978.0;32997.0;32997.0;0.0;39923.0;24276.0;39198.0;8670.0;52665.0;both;Santa Quitéria - CE;859225.0;;;;both
2312205;Santa Quitéria - CE;2024;15654.0;31253.0;31218.0;0.0011198924903209617;38729.0;23918.0;38707.0;8926.0;51997.0;both;;;;;;left_only
2312304;São Benedito - CE;2003;138458.0;7462.0;7462.0;0.0;6266.0;254.0;180.0;3180.0;39039.0;both;São Benedito - CE;96720.0;90370.0;24634.0;27.26;both
2312304;São Benedito - CE;2004;145872.0;9907.0;9907.0;0.0;7100.0;420.0;300.0;3669.0;37077.0;both;São Benedito - CE;106667.0;99924.0;28734.0;28.76;both
2312304;São Benedito - CE;2005;232444.0;9357.0;9357.0;0.0;6652.0;453.0;320.0;3846.0;35454.0;both;São Benedito - CE;115916.0;108458.0;29054.0;26.79;both
2312304;São Benedito - CE;2006;121460.0;9830.0;9830.0;0.0;6900.0;530.0;420.0;3710.0;36300.0;both;São Benedito - CE;130810.0;122769.0;32699.0;26.63;both
2312304;São Benedito - CE;2007;378375.0;10885.0;10885.0;0.0;8917.0;650.0;550.0;3870.0;38300.0;both;São Benedito - CE;152255.0;143796.0;38045.0;26.46;both
2312304;São Benedito - CE;2008;387836.0;11390.0;11390.0;0.0;9184.0;1200.0;620.0;4150.0;39850.0;both;São Benedito - CE;183811.0;173173.0;46284.0;26.73;both
2312304;São Benedito - CE;2009;382953.0;11824.0;11824.0;0.0;9100.0;1350.0;700.0;4380.0;41300.0;both;São Benedito - CE;196606.0;185903.0;41862.0;22.52;both
2312304;São Benedito - CE;2010;377833.0;10846.0;10833.0;0.0011985985616816963;10773.0;1300.0;650.0;4550.0;43500.0;both;São Benedito - CE;236891.0;221873.0;42935.0;19.35;both
2312304;São Benedito - CE;2011;370029.0;12032.0;12032.0;0.0;10850.0;1400.0;700.0;4920.0;42200.0;both;São Benedito - CE;264248.0;247314.0;54467.0;22.02;both
2312304;São Benedito - CE;2012;356162.0;10801.0;10801.0;0.0;10600.0;1300.0;750.0;5650.0;41000.0;both;São Benedito - CE;337385.0;300848.0;51118.0;16.99;both
2312304;São Benedito - CE;2013;349517.0;11101.0;11101.0;0.0;9500.0;1200.0;700.0;5000.0;39000.0;both;São Benedito - CE;347902.0;326798.0;85746.0;26.24;both
2312304;São Benedito - CE;2014;181925.0;6833.0;6833.0;0.0;10000.0;1000.0;650.0;5400.0;38000.0;both;São Benedito - CE;380826.0;357081.0;74850.0;20.96;both
2312304;São Benedito - CE;2015;103529.0;6439.0;6439.0;0.0;7831.0;1200.0;600.0;6000.0;30000.0;both;São Benedito - CE;379048.0;353834.0;51589.0;14.58;both
2312304;São Benedito - CE;2016;96801.0;5469.0;5469.0;0.0;7500.0;1100.0;530.0;5800.0;29200.0;both;São Benedito - CE;429676.0;402031.0;70859.0;17.63;both
2312304;São Benedito - CE;2017;98362.0;5859.0;5859.0;0.0;7600.0;1000.0;650.0;3400.0;35000.0;both;São Benedito - CE;475176.0;445513.0;85266.0;19.14;both
2312304;São Benedito - CE;2018;114616.0;6311.0;6311.0;0.0;8000.0;1100.0;600.0;3500.0;35500.0;both;São Benedito - CE;510877.0;479522.0;105282.0;21.96;both
2312304;São Benedito - CE;2019;130007.0;6534.0;6534.0;0.0;8500.0;1205.0;630.0;3850.0;40000.0;both;São Benedito - CE;543693.0;510649.0;118209.0;23.15;both
2312304;São Benedito - CE;2020;136814.0;7904.0;7904.0;0.0;7650.0;1100.0;598.0;4042.0;45000.0;both;São Benedito - CE;598245.0;565155.0;146393.0;25.9;both
2312304;São Benedito - CE;2021;140991.0;8023.0;8023.0;0.0;7150.0;950.0;452.0;3550.0;51250.0;both;São Benedito - CE;627180.0;587754.0;154035.0;26.21;both
2312304;São Benedito - CE;2022;155045.0;8918.0;8918.0;0.0;7300.0;1000.0;410.0;3600.0;51800.0;both;São Benedito - CE;710000.0;;;;both
2312304;São Benedito - CE;2023;182492.0;9509.0;9509.0;0.0;6800.0;946.0;390.0;4000.0;49200.0;both;São Benedito - CE;883024.0;;;;both
2312304;São Benedito - CE;2024;182754.0;9684.0;9684.0;0.0;5500.0;900.0;400.0;3800.0;46750.0;both;;;;;;left_only
2312403;São Gonçalo do Amarante - CE;2003;113093.0;15702.0;15702.0;0.0;9059.0;4329.0;6855.0;7563.0;326112.0;both;São Gonçalo do Amarante - CE;98728.0;90251.0;12638.0;14.0;both
2312403;São Gonçalo do Amarante - CE;2004;105735.0;15852.0;15852.0;0.0;8930.0;4502.0;7198.0;7849.0;296326.0;both;São Gonçalo do Amarante - CE;114827.0;104385.0;14501.0;13.89;both
2312403;São Gonçalo do Amarante - CE;2005;106395.0;16092.0;16092.0;0.0;9064.0;4705.0;7522.0;8119.0;337915.0;both;São Gonçalo do Amarante - CE;134809.0;122372.0;17622.0;14.4;both
2312403;São Gonçalo do Amarante - CE;2006;115461.0;17047.0;17047.0;0.0;9155.0;4799.0;7748.0;8273.0;339935.0;both;São Gonçalo do Amarante - CE;162065.0;130873.0;19828.0;15.15;both
2312403;São Gonçalo do Amarante - CE;2007;110960.0;16772.0;16772.0;0.0;9247.0;4990.0;8135.0;8586.0;529911.0;both;São Gonçalo do Amarante - CE;209658.0;168570.0;24218.0;14.37;both
2312403;São Gonçalo do Amarante - CE;2008;119892.0;16526.0;16526.0;0.0;9339.0;5140.0;8460.0;8753.0;620887.0;both;São Gonçalo do Amarante - CE;248703.0;199962.0;29241.0;14.62;both
2312403;São Gonçalo do Amarante - CE;2009;113702.0;18376.0;18376.0;0.0;9432.0;5294.0;8968.0;8924.0;584801.0;both;São Gonçalo do Amarante - CE;294535.0;229503.0;30508.0;13.29;both
2312403;São Gonçalo do Amarante - CE;2010;102264.0;15976.0;15976.0;0.0;7851.0;5400.0;9327.0;9098.0;600495.0;both;São Gonçalo do Amarante - CE;517967.0;416340.0;32036.0;7.69;both
2312403;São Gonçalo do Amarante - CE;2011;115070.0;15349.0;15349.0;0.0;7930.0;5508.0;9700.0;9275.0;602605.0;both;São Gonçalo do Amarante - CE;592282.0;471760.0;35201.0;7.46;both
2312403;São Gonçalo do Amarante - CE;2012;101221.0;15236.0;15236.0;0.0;7970.0;5646.0;10040.0;9456.0;955379.0;both;São Gonçalo do Amarante - CE;462603.0;319059.0;36059.0;11.3;both
2312403;São Gonçalo do Amarante - CE;2013;68035.0;12240.0;12240.0;0.0;6492.0;5420.0;9538.0;9267.0;912387.0;both;São Gonçalo do Amarante - CE;822595.0;617611.0;37671.0;6.1;both
2312403;São Gonçalo do Amarante - CE;2014;111225.0;9563.0;9563.0;0.0;6620.0;5528.0;9729.0;3707.0;930635.0;both;São Gonçalo do Amarante - CE;1444778.0;1123598.0;45567.0;4.06;both
2312403;São Gonçalo do Amarante - CE;2015;117612.0;9363.0;9363.0;0.0;6427.0;5700.0;9965.0;3825.0;958764.0;both;São Gonçalo do Amarante - CE;1853784.0;1455088.0;56436.0;3.88;both
2312403;São Gonçalo do Amarante - CE;2016;11024.0;5918.0;5918.0;0.0;6085.0;5349.0;9725.0;10053.0;946024.0;both;São Gonçalo do Amarante - CE;2361426.0;1913848.0;45603.0;2.38;both
2312403;São Gonçalo do Amarante - CE;2017;12234.0;6818.0;6818.0;0.0;6146.0;3000.0;5000.0;9952.0;1087928.0;both;São Gonçalo do Amarante - CE;3083998.0;2551719.0;53125.0;2.08;both
2312403;São Gonçalo do Amarante - CE;2018;7839.0;7459.0;7459.0;0.0;5954.0;2895.0;5250.0;10201.0;798109.0;both;São Gonçalo do Amarante - CE;4219743.0;3609276.0;47064.0;1.3;both
2312403;São Gonçalo do Amarante - CE;2019;5037.0;4032.0;3997.0;0.00868055555555558;6180.0;2796.0;5066.0;10423.0;556149.0;both;São Gonçalo do Amarante - CE;3759946.0;3086721.0;37442.0;1.21;both
2312403;São Gonçalo do Amarante - CE;2020;6884.0;4709.0;4175.0;0.11339987258441286;6050.0;2704.0;4920.0;13950.0;512454.0;both;São Gonçalo do Amarante - CE;4192888.0;3547851.0;50137.0;1.41;both
2312403;São Gonçalo do Amarante - CE;2021;4720.0;4766.0;4766.0;0.0;5980.0;2649.0;4772.0;13984.0;538076.0;both;São Gonçalo do Amarante - CE;8624987.0;7052934.0;47518.0;0.67;both
2312403;São Gonçalo do Amarante - CE;2022;6596.0;4957.0;4957.0;0.0;6055.0;2725.0;4912.0;13795.0;511172.0;both;São Gonçalo do Amarante - CE;6894155.0;;;;both
2312403;São Gonçalo do Amarante - CE;2023;5896.0;4148.0;4148.0;0.0;6254.0;2658.0;4715.0;21200.0;522342.0;both;São Gonçalo do Amarante - CE;6908373.0;;;;both
2312403;São Gonçalo do Amarante - CE;2024;4697.0;3805.0;3405.0;0.10512483574244413;6114.0;2571.0;4565.0;22500.0;525000.0;both;;;;;;left_only
2312502;São João do Jaguaribe - CE;2003;13831.0;2210.0;2210.0;0.0;6736.0;3111.0;7230.0;1676.0;10992.0;both;São João do Jaguaribe - CE;36016.0;35165.0;19108.0;54.34;both
2312502;São João do Jaguaribe - CE;2004;13693.0;1814.0;1814.0;0.0;6702.0;3204.0;7374.0;1652.0;10772.0;both;São João do Jaguaribe - CE;37828.0;36870.0;19986.0;54.21;both
2312502;São João do Jaguaribe - CE;2005;7817.0;1360.0;1360.0;0.0;6769.0;3268.0;7595.0;1681.0;11015.0;both;São João do Jaguaribe - CE;32601.0;31424.0;12871.0;40.96;both
2312502;São João do Jaguaribe - CE;2006;8431.0;1765.0;1765.0;0.0;7781.0;3317.0;7747.0;1732.0;11318.0;both;São João do Jaguaribe - CE;37250.0;36070.0;15519.0;43.02;both
2312502;São João do Jaguaribe - CE;2007;7953.0;1877.0;1877.0;0.0;9025.0;3679.0;6171.0;3747.0;16543.0;both;São João do Jaguaribe - CE;37594.0;36445.0;15225.0;41.78;both
2312502;São João do Jaguaribe - CE;2008;8215.0;1733.0;1733.0;0.0;9115.0;3734.0;6294.0;3803.0;16794.0;both;São João do Jaguaribe - CE;44444.0;43058.0;18212.0;42.3;both
2312502;São João do Jaguaribe - CE;2009;7644.0;2044.0;2044.0;0.0;9203.0;3790.0;6420.0;3858.0;17049.0;both;São João do Jaguaribe - CE;48385.0;47191.0;19337.0;40.98;both
2312502;São João do Jaguaribe - CE;2010;7130.0;1559.0;1559.0;0.0;9157.0;3828.0;6484.0;3781.0;16770.0;both;São João do Jaguaribe - CE;52901.0;50894.0;19945.0;39.19;both
2312502;São João do Jaguaribe - CE;2011;7562.0;2054.0;2054.0;0.0;8974.0;3836.0;6510.0;3827.0;16686.0;both;São João do Jaguaribe - CE;48577.0;46906.0;17083.0;36.42;both
2312502;São João do Jaguaribe - CE;2012;6287.0;1431.0;1205.0;0.15793151642208247;8200.0;3805.0;6458.0;3804.0;16486.0;both;São João do Jaguaribe - CE;54535.0;52432.0;17285.0;32.97;both
2312502;São João do Jaguaribe - CE;2013;6318.0;1492.0;1492.0;0.0;7770.0;3782.0;6419.0;3781.0;16255.0;both;São João do Jaguaribe - CE;72701.0;70836.0;30913.0;43.64;both
2312502;São João do Jaguaribe - CE;2014;6651.0;1538.0;1538.0;0.0;7754.0;3201.0;7504.0;2201.0;17250.0;both;São João do Jaguaribe - CE;74634.0;72601.0;28761.0;39.62;both
2312502;São João do Jaguaribe - CE;2015;6610.0;1717.0;1717.0;0.0;7753.0;3195.0;7637.0;2135.0;17200.0;both;São João do Jaguaribe - CE;82085.0;79173.0;31067.0;39.24;both
2312502;São João do Jaguaribe - CE;2016;6767.0;1302.0;1290.0;0.009216589861751112;7396.0;2875.0;6491.0;2130.0;10080.0;both;São João do Jaguaribe - CE;96517.0;93660.0;41565.0;44.38;both
2312502;São João do Jaguaribe - CE;2017;7391.0;1237.0;1237.0;0.0;7174.0;2817.0;6556.0;2151.0;9777.0;both;São João do Jaguaribe - CE;94531.0;91456.0;41006.0;44.84;both
2312502;São João do Jaguaribe - CE;2018;7518.0;1024.0;1024.0;0.0;7420.0;5300.0;8600.0;2300.0;9903.0;both;São João do Jaguaribe - CE;91304.0;87958.0;36182.0;41.14;both
2312502;São João do Jaguaribe - CE;2019;7583.0;1193.0;1193.0;0.0;7717.0;5680.0;8500.0;2310.0;9803.0;both;São João do Jaguaribe - CE;94531.0;91344.0;37058.0;40.57;both
2312502;São João do Jaguaribe - CE;2020;7042.0;1131.0;1131.0;0.0;7485.0;5850.0;8670.0;2333.0;9999.0;both;São João do Jaguaribe - CE;103053.0;99799.0;42058.0;42.14;both
2312502;São João do Jaguaribe - CE;2021;7139.0;1180.0;1180.0;0.0;7560.0;5909.0;8800.0;2380.0;10149.0;both;São João do Jaguaribe - CE;107898.0;104071.0;46655.0;44.83;both
2312502;São João do Jaguaribe - CE;2022;7317.0;1180.0;1180.0;0.0;7100.0;4136.0;6160.0;2200.0;8626.0;both;São João do Jaguaribe - CE;114371.0;;;;both
2312502;São João do Jaguaribe - CE;2023;6478.0;1012.0;1012.0;0.0;7140.0;2068.0;2464.0;1100.0;9316.0;both;São João do Jaguaribe - CE;137068.0;;;;both
2312502;São João do Jaguaribe - CE;2024;7007.0;975.0;975.0;0.0;7354.0;2275.0;2710.0;1155.0;9502.0;both;;;;;;left_only
2312601;São Luís do Curu - CE;2003;6796.0;2204.0;2204.0;0.0;3175.0;775.0;1728.0;1441.0;16513.0;both;São Luís do Curu - CE;21524.0;20501.0;3033.0;14.8;both
2312601;São Luís do Curu - CE;2004;6763.0;2840.0;2840.0;0.0;2933.0;798.0;1814.0;1484.0;17301.0;both;São Luís do Curu - CE;24276.0;22904.0;3171.0;13.85;both
2312601;São Luís do Curu - CE;2005;10901.0;3556.0;3556.0;0.0;2977.0;826.0;1877.0;1514.0;17887.0;both;São Luís do Curu - CE;29378.0;27490.0;4442.0;16.16;both
2312601;São Luís do Curu - CE;2006;11352.0;3591.0;3591.0;0.0;3007.0;859.0;1952.0;1559.0;18383.0;both;São Luís do Curu - CE;34226.0;32233.0;4888.0;15.17;both
2312601;São Luís do Curu - CE;2007;11437.0;3636.0;3636.0;0.0;3038.0;893.0;2049.0;1618.0;19261.0;both;São Luís do Curu - CE;34520.0;32630.0;4154.0;12.73;both
2312601;São Luís do Curu - CE;2008;11509.0;3668.0;3668.0;0.0;3077.0;929.0;2151.0;1665.0;19989.0;both;São Luís do Curu - CE;42434.0;40246.0;5721.0;14.22;both
2312601;São Luís do Curu - CE;2009;8183.0;2589.0;2589.0;0.0;3117.0;966.0;2259.0;1714.0;20744.0;both;São Luís do Curu - CE;47071.0;44765.0;4415.0;9.86;both
2312601;São Luís do Curu - CE;2010;5210.0;2225.0;2225.0;0.0;3553.0;995.0;2349.0;1764.0;21425.0;both;São Luís do Curu - CE;56842.0;53410.0;4261.0;7.98;both
2312601;São Luís do Curu - CE;2011;11437.0;2584.0;2584.0;0.0;3589.0;1025.0;2443.0;1816.0;22129.0;both;São Luís do Curu - CE;65513.0;61612.0;7239.0;11.75;both
2312601;São Luís do Curu - CE;2012;7308.0;3365.0;3365.0;0.0;3625.0;1040.0;2492.0;1868.0;22658.0;both;São Luís do Curu - CE;67191.0;62497.0;4314.0;6.9;both
2312601;São Luís do Curu - CE;2013;12113.0;2651.0;2651.0;0.0;2986.0;1060.0;2542.0;1905.0;22205.0;both;São Luís do Curu - CE;74820.0;70105.0;5428.0;7.74;both
2312601;São Luís do Curu - CE;2014;8232.0;3071.0;3071.0;0.0;2926.0;1091.0;2593.0;2000.0;23315.0;both;São Luís do Curu - CE;87265.0;82523.0;6846.0;8.3;both
2312601;São Luís do Curu - CE;2015;571.0;1739.0;1739.0;0.0;2867.0;975.0;2100.0;2025.0;22900.0;both;São Luís do Curu - CE;90846.0;85139.0;5213.0;6.12;both
2312601;São Luís do Curu - CE;2016;427.0;2122.0;2118.0;0.0018850141376060003;2210.0;877.0;1890.0;1923.0;19465.0;both;São Luís do Curu - CE;94690.0;88800.0;6458.0;7.27;both
2312601;São Luís do Curu - CE;2017;1521.0;2397.0;2397.0;0.0;2232.0;1000.0;800.0;1308.0;14015.0;both;São Luís do Curu - CE;96095.0;90274.0;8641.0;9.57;both
2312601;São Luís do Curu - CE;2018;1493.0;1118.0;1118.0;0.0;2179.0;742.0;876.0;1376.0;15375.0;both;São Luís do Curu - CE;105835.0;99972.0;12527.0;12.53;both
2312601;São Luís do Curu - CE;2019;1837.0;1567.0;1567.0;0.0;2230.0;755.0;885.0;1295.0;14850.0;both;São Luís do Curu - CE;110167.0;104103.0;12161.0;11.68;both
2312601;São Luís do Curu - CE;2020;1982.0;1899.0;1899.0;0.0;2305.0;780.0;915.0;1325.0;15440.0;both;São Luís do Curu - CE;117335.0;112044.0;13621.0;12.16;both
2312601;São Luís do Curu - CE;2021;1489.0;1643.0;1643.0;0.0;2135.0;523.0;825.0;1435.0;15648.0;both;São Luís do Curu - CE;133109.0;123544.0;15048.0;12.18;both
2312601;São Luís do Curu - CE;2022;1757.0;1891.0;1891.0;0.0;2349.0;601.0;949.0;1363.0;10954.0;both;São Luís do Curu - CE;147888.0;;;;both
2312601;São Luís do Curu - CE;2023;1335.0;1730.0;1730.0;0.0;2187.0;573.0;938.0;1103.0;10629.0;both;São Luís do Curu - CE;160997.0;;;;both
2312601;São Luís do Curu - CE;2024;1323.0;2037.0;2037.0;0.0;2077.0;602.0;910.0;993.0;10851.0;both;;;;;;left_only
2312700;Senador Pompeu - CE;2003;10791.0;14707.0;14707.0;0.0;19200.0;3920.0;17100.0;2925.0;27580.0;both;Senador Pompeu - CE;56928.0;54009.0;13485.0;24.97;both
2312700;Senador Pompeu - CE;2004;8467.0;15616.0;15616.0;0.0;20500.0;4100.0;18080.0;3090.0;28530.0;both;Senador Pompeu - CE;62515.0;59215.0;13355.0;22.55;both
2312700;Senador Pompeu - CE;2005;6971.0;10549.0;10549.0;0.0;21320.0;4350.0;19170.0;3149.0;28950.0;both;Senador Pompeu - CE;72574.0;68862.0;14495.0;21.05;both
2312700;Senador Pompeu - CE;2006;7475.0;11593.0;11593.0;0.0;21900.0;4480.0;19450.0;3075.0;29280.0;both;Senador Pompeu - CE;86330.0;81697.0;15407.0;18.86;both
2312700;Senador Pompeu - CE;2007;5784.0;15625.0;15625.0;0.0;22400.0;4550.0;19850.0;3090.0;29740.0;both;Senador Pompeu - CE;89430.0;84964.0;15188.0;17.88;both
2312700;Senador Pompeu - CE;2008;15171.0;17727.0;17727.0;0.0;22780.0;4680.0;20400.0;2530.0;28150.0;both;Senador Pompeu - CE;117197.0;111991.0;29166.0;26.04;both
2312700;Senador Pompeu - CE;2009;4934.0;14834.0;12974.0;0.12538762302817852;23250.0;4800.0;20750.0;2420.0;28570.0;both;Senador Pompeu - CE;112974.0;107045.0;14551.0;13.59;both
2312700;Senador Pompeu - CE;2010;3612.0;10107.0;10107.0;0.0;23830.0;4920.0;21350.0;2300.0;28900.0;both;Senador Pompeu - CE;136899.0;127826.0;14408.0;11.27;both
2312700;Senador Pompeu - CE;2011;12584.0;15146.0;15146.0;0.0;24500.0;5040.0;21570.0;2275.0;28400.0;both;Senador Pompeu - CE;180321.0;168904.0;31813.0;18.83;both
2312700;Senador Pompeu - CE;2012;1008.0;4988.0;4973.0;0.00300721732157172;26850.0;5140.0;20500.0;2165.0;27050.0;both;Senador Pompeu - CE;166791.0;154982.0;12564.0;8.11;both
2312700;Senador Pompeu - CE;2013;2614.0;8146.0;8146.0;0.0;27850.0;4985.0;19270.0;2100.0;24886.0;both;Senador Pompeu - CE;214365.0;197597.0;17213.0;8.71;both
2312700;Senador Pompeu - CE;2014;4426.0;14112.0;14112.0;0.0;32350.0;5134.0;18884.0;2140.0;26370.0;both;Senador Pompeu - CE;244764.0;226256.0;20685.0;9.14;both
2312700;Senador Pompeu - CE;2015;1631.0;13770.0;13767.0;0.00021786492374731292;27200.0;4980.0;17940.0;2000.0;25050.0;both;Senador Pompeu - CE;253455.0;232393.0;19593.0;8.43;both
2312700;Senador Pompeu - CE;2016;3251.0;9992.0;9992.0;0.0;27130.0;5340.0;18300.0;2300.0;27690.0;both;Senador Pompeu - CE;290674.0;266399.0;28909.0;10.85;both
2312700;Senador Pompeu - CE;2017;5686.0;15022.0;15022.0;0.0;24765.0;3402.0;12957.0;3515.0;40882.0;both;Senador Pompeu - CE;315027.0;285448.0;29315.0;10.27;both
2312700;Senador Pompeu - CE;2018;5892.0;14524.0;14524.0;0.0;28502.0;3520.0;13658.0;3658.0;45850.0;both;Senador Pompeu - CE;308065.0;280838.0;28463.0;10.14;both
2312700;Senador Pompeu - CE;2019;9073.0;13475.0;13475.0;0.0;27950.0;3654.0;14520.0;3540.0;45985.0;both;Senador Pompeu - CE;315172.0;292178.0;32669.0;11.18;both
2312700;Senador Pompeu - CE;2020;6257.0;10032.0;10032.0;0.0;28677.0;3865.0;15840.0;3650.0;48520.0;both;Senador Pompeu - CE;316498.0;295058.0;38653.0;13.1;both
2312700;Senador Pompeu - CE;2021;2677.0;9432.0;9432.0;0.0;29425.0;3985.0;16852.0;3852.0;49856.0;both;Senador Pompeu - CE;352272.0;325326.0;45086.0;13.86;both
2312700;Senador Pompeu - CE;2022;6912.0;10658.0;10658.0;0.0;31078.0;4125.0;17410.0;3984.0;51402.0;both;Senador Pompeu - CE;432508.0;;;;both
2312700;Senador Pompeu - CE;2023;1929.0;8683.0;8683.0;0.0;32428.0;4325.0;19299.0;4235.0;55209.0;both;Senador Pompeu - CE;473900.0;;;;both
2312700;Senador Pompeu - CE;2024;3783.0;9551.0;9551.0;0.0;35343.0;4852.0;22351.0;4520.0;58452.0;both;;;;;;left_only
2312809;Senador Sá - CE;2003;9247.0;4074.0;4074.0;0.0;3056.0;2664.0;2035.0;5903.0;25405.0;both;Senador Sá - CE;10067.0;9806.0;2519.0;25.69;both
2312809;Senador Sá - CE;2004;8897.0;3534.0;3534.0;0.0;3092.0;2717.0;2075.0;5910.0;25350.0;both;Senador Sá - CE;15593.0;13594.0;2953.0;21.72;both
2312809;Senador Sá - CE;2005;9707.0;4997.0;4997.0;0.0;3138.0;2758.0;2099.0;5949.0;25508.0;both;Senador Sá - CE;15633.0;13713.0;3879.0;28.29;both
2312809;Senador Sá - CE;2006;8808.0;4902.0;4902.0;0.0;3149.0;2825.0;2122.0;5999.0;25512.0;both;Senador Sá - CE;17049.0;14322.0;3623.0;25.3;both
2312809;Senador Sá - CE;2007;11757.0;4881.0;4881.0;0.0;3160.0;2820.0;2201.0;6061.0;25538.0;both;Senador Sá - CE;17328.0;16852.0;3763.0;22.33;both
2312809;Senador Sá - CE;2008;11682.0;4853.0;4853.0;0.0;3210.0;2861.0;2312.0;6103.0;25226.0;both;Senador Sá - CE;20678.0;20082.0;4445.0;22.13;both
2312809;Senador Sá - CE;2009;8982.0;5095.0;5095.0;0.0;3251.0;2879.0;2416.0;6199.0;25398.0;both;Senador Sá - CE;22857.0;22311.0;4036.0;18.09;both
2312809;Senador Sá - CE;2010;2226.0;3446.0;3446.0;0.0;3323.0;2951.0;2469.0;6341.0;26001.0;both;Senador Sá - CE;25138.0;24258.0;2474.0;10.2;both
2312809;Senador Sá - CE;2011;13184.0;5046.0;5046.0;0.0;3340.0;2977.0;2486.0;6370.0;26488.0;both;Senador Sá - CE;31118.0;30231.0;5551.0;18.36;both
2312809;Senador Sá - CE;2012;6279.0;3139.0;3139.0;0.0;3701.0;2680.0;2187.0;5465.0;24619.0;both;Senador Sá - CE;31173.0;30148.0;3824.0;12.68;both
2312809;Senador Sá - CE;2013;4976.0;2391.0;2391.0;0.0;4126.0;2332.0;1903.0;5262.0;25941.0;both;Senador Sá - CE;33356.0;32323.0;4026.0;12.45;both
2312809;Senador Sá - CE;2014;827.0;1448.0;1448.0;0.0;4056.0;2438.0;1992.0;4991.0;26848.0;both;Senador Sá - CE;39502.0;38006.0;3763.0;9.9;both
2312809;Senador Sá - CE;2015;821.0;1550.0;1550.0;0.0;3900.0;2300.0;1750.0;4491.0;24163.0;both;Senador Sá - CE;40665.0;39353.0;3928.0;9.98;both
2312809;Senador Sá - CE;2016;1048.0;1380.0;1380.0;0.0;3770.0;3820.0;3365.0;5165.0;25230.0;both;Senador Sá - CE;42738.0;41271.0;4269.0;10.34;both
2312809;Senador Sá - CE;2017;1973.0;1322.0;1322.0;0.0;2827.0;4011.0;2860.0;5940.0;27753.0;both;Senador Sá - CE;49705.0;47269.0;4328.0;9.16;both
2312809;Senador Sá - CE;2018;1782.0;1920.0;1920.0;0.0;1979.0;3610.0;2574.0;4752.0;29696.0;both;Senador Sá - CE;53775.0;51246.0;3676.0;7.17;both
2312809;Senador Sá - CE;2019;1991.0;1952.0;1952.0;0.0;1445.0;2888.0;2316.0;4600.0;35635.0;both;Senador Sá - CE;52134.0;50186.0;4772.0;9.51;both
2312809;Senador Sá - CE;2020;3007.0;2063.0;2063.0;0.0;1655.0;3032.0;2431.0;4831.0;37417.0;both;Senador Sá - CE;59499.0;56992.0;5725.0;10.05;both
2312809;Senador Sá - CE;2021;2850.0;2081.0;2081.0;0.0;2671.0;4500.0;3300.0;3200.0;38500.0;both;Senador Sá - CE;62766.0;60524.0;7651.0;12.64;both
2312809;Senador Sá - CE;2022;3276.0;2107.0;2107.0;0.0;3072.0;3880.0;2802.0;3008.0;33202.0;both;Senador Sá - CE;71512.0;;;;both
2312809;Senador Sá - CE;2023;2475.0;2320.0;2320.0;0.0;3110.0;3573.0;2766.0;3081.0;34607.0;both;Senador Sá - CE;82270.0;;;;both
2312809;Senador Sá - CE;2024;2636.0;2314.0;2314.0;0.0;3268.0;3380.0;2600.0;2890.0;32400.0;both;;;;;;left_only
2312908;Sobral - CE;2003;8542.0;13537.0;13537.0;0.0;36749.0;7551.0;27230.0;14109.0;106173.0;both;Sobral - CE;1094881.0;915266.0;18473.0;2.02;both
2312908;Sobral - CE;2004;9641.0;14405.0;14405.0;0.0;37190.0;7928.0;27638.0;14390.0;108281.0;both;Sobral - CE;1367901.0;1160851.0;19017.0;1.64;both
2312908;Sobral - CE;2005;10795.0;16857.0;16857.0;0.0;37971.0;8863.0;28403.0;14741.0;109972.0;both;Sobral - CE;1527851.0;1298598.0;21496.0;1.66;both
2312908;Sobral - CE;2006;14392.0;17234.0;17234.0;0.0;38058.0;8975.0;28897.0;14964.0;110970.0;both;Sobral - CE;1563325.0;1319090.0;23773.0;1.8;both
2312908;Sobral - CE;2007;15930.0;17605.0;17605.0;0.0;38110.0;9034.0;29086.0;15168.0;90557.0;both;Sobral - CE;1668681.0;1430581.0;24980.0;1.75;both
2312908;Sobral - CE;2008;18457.0;17692.0;17692.0;0.0;38986.0;9042.0;29123.0;15392.0;91706.0;both;Sobral - CE;1864366.0;1598608.0;31765.0;1.99;both
2312908;Sobral - CE;2009;8668.0;17674.0;13903.0;0.2133642638904606;39764.0;9129.0;29414.0;15082.0;101808.0;both;Sobral - CE;2100913.0;1810905.0;22939.0;1.27;both
2312908;Sobral - CE;2010;7342.0;19086.0;19086.0;0.0;40679.0;9366.0;30001.0;15408.0;103892.0;both;Sobral - CE;2553785.0;2195445.0;24596.0;1.12;both
2312908;Sobral - CE;2011;21969.0;20001.0;20001.0;0.0;41248.0;9581.0;30571.0;15635.0;89943.0;both;Sobral - CE;2671208.0;2283303.0;34478.0;1.51;both
2312908;Sobral - CE;2012;7186.0;16547.0;16547.0;0.0;42527.0;9946.0;31335.0;16271.0;90364.0;both;Sobral - CE;2987979.0;2540911.0;30164.0;1.19;both
2312908;Sobral - CE;2013;4104.0;9119.0;9119.0;0.0;44233.0;10589.0;32987.0;16885.0;95368.0;both;Sobral - CE;3419143.0;2937794.0;23167.0;0.79;both
2312908;Sobral - CE;2014;6345.0;8683.0;8683.0;0.0;42229.0;11004.0;34309.0;17723.0;100126.0;both;Sobral - CE;3830449.0;3344542.0;32040.0;0.96;both
2312908;Sobral - CE;2015;3275.0;7999.0;7999.0;0.0;40255.0;13413.0;39295.0;18928.0;85200.0;both;Sobral - CE;3974674.0;3455941.0;28369.0;0.82;both
2312908;Sobral - CE;2016;3048.0;8014.0;8014.0;0.0;39000.0;15100.0;41260.0;17500.0;86000.0;both;Sobral - CE;4143824.0;3598103.0;32745.0;0.91;both
2312908;Sobral - CE;2017;3949.0;7833.0;7833.0;0.0;38200.0;14300.0;39800.0;17600.0;84500.0;both;Sobral - CE;4456661.0;3890602.0;32630.0;0.84;both
2312908;Sobral - CE;2018;5411.0;8385.0;8385.0;0.0;36290.0;16445.0;47760.0;14080.0;88725.0;both;Sobral - CE;4759755.0;4183468.0;32724.0;0.78;both
2312908;Sobral - CE;2019;5120.0;8500.0;8500.0;0.0;40500.0;19734.0;57312.0;9800.0;102030.0;both;Sobral - CE;4585451.0;4046967.0;37387.0;0.92;both
2312908;Sobral - CE;2020;5390.0;8631.0;8631.0;0.0;38226.0;17750.0;51500.0;10398.0;112251.0;both;Sobral - CE;4617239.0;4123163.0;47655.0;1.16;both
2312908;Sobral - CE;2021;2851.0;8900.0;8900.0;0.0;37228.0;17598.0;51122.0;10970.0;108325.0;both;Sobral - CE;5395130.0;4841696.0;51617.0;1.07;both
2312908;Sobral - CE;2022;3362.0;8876.0;8876.0;0.0;35761.0;15663.0;46522.0;9654.0;99659.0;both;Sobral - CE;6016970.0;;;;both
2312908;Sobral - CE;2023;3530.0;9059.0;9059.0;0.0;34683.0;14533.0;45320.0;9870.0;92768.0;both;Sobral - CE;6588929.0;;;;both
2312908;Sobral - CE;2024;3708.0;8834.0;8834.0;0.0;37621.0;13203.0;41368.0;9189.0;84734.0;both;;;;;;left_only
2313005;Solonópole - CE;2003;3761.0;8250.0;8250.0;0.0;25450.0;8050.0;30200.0;3375.0;39250.0;both;Solonópole - CE;34854.0;33509.0;9212.0;27.49;both
2313005;Solonópole - CE;2004;2481.0;7480.0;7480.0;0.0;26470.0;8380.0;31100.0;3540.0;40400.0;both;Solonópole - CE;38327.0;36575.0;8875.0;24.26;both
2313005;Solonópole - CE;2005;2684.0;5158.0;5158.0;0.0;27500.0;8800.0;32400.0;3610.0;41300.0;both;Solonópole - CE;45737.0;43802.0;10496.0;23.96;both
2313005;Solonópole - CE;2006;4709.0;7541.0;7541.0;0.0;27900.0;9050.0;33040.0;3538.0;42060.0;both;Solonópole - CE;52494.0;50197.0;12206.0;24.32;both
2313005;Solonópole - CE;2007;2090.0;10181.0;10176.0;0.0004911108928395969;26200.0;8000.0;28600.0;5090.0;53100.0;both;Solonópole - CE;51250.0;49057.0;10517.0;21.44;both
2313005;Solonópole - CE;2008;8528.0;12203.0;12203.0;0.0;28900.0;9450.0;34100.0;3290.0;42100.0;both;Solonópole - CE;71188.0;68656.0;19063.0;27.77;both
2313005;Solonópole - CE;2009;4733.0;14799.0;11853.0;0.199067504561119;29500.0;9640.0;34800.0;3125.0;42780.0;both;Solonópole - CE;72927.0;70286.0;15745.0;22.4;both
2313005;Solonópole - CE;2010;2099.0;6550.0;6550.0;0.0;29850.0;9800.0;35850.0;3055.0;43130.0;both;Solonópole - CE;77107.0;73283.0;11902.0;16.24;both
2313005;Solonópole - CE;2011;6686.0;13734.0;13734.0;0.0;30700.0;10050.0;36700.0;3000.0;42500.0;both;Solonópole - CE;90428.0;87000.0;18882.0;21.7;both
2313005;Solonópole - CE;2012;66.0;3617.0;57.0;0.984241083771081;29800.0;9600.0;33800.0;2740.0;39000.0;both;Solonópole - CE;85568.0;82161.0;9908.0;12.06;both
2313005;Solonópole - CE;2013;2158.0;6982.0;6982.0;0.0;29780.0;9024.0;31772.0;2630.0;36660.0;both;Solonópole - CE;102405.0;98494.0;16832.0;17.09;both
2313005;Solonópole - CE;2014;2835.0;11351.0;11351.0;0.0;32400.0;8800.0;30100.0;2550.0;35400.0;both;Solonópole - CE;118262.0;113586.0;17249.0;15.19;both
2313005;Solonópole - CE;2015;774.0;9627.0;9627.0;0.0;32300.0;8500.0;28900.0;2400.0;33270.0;both;Solonópole - CE;135730.0;129062.0;15535.0;12.04;both
2313005;Solonópole - CE;2016;1314.0;7739.0;7736.0;0.00038764698281434917;32287.0;4570.0;23801.0;4243.0;35400.0;both;Solonópole - CE;163669.0;155468.0;24099.0;15.5;both
2313005;Solonópole - CE;2017;1488.0;8814.0;8811.0;0.0003403675970047315;30692.0;4676.0;23090.0;3793.0;35200.0;both;Solonópole - CE;183440.0;174185.0;28634.0;16.44;both
2313005;Solonópole - CE;2018;2559.0;9303.0;9300.0;0.00032247662044504466;33580.0;4785.0;25896.0;4120.0;38520.0;both;Solonópole - CE;195287.0;184886.0;29901.0;16.17;both
2313005;Solonópole - CE;2019;5231.0;9101.0;9101.0;0.0;35400.0;4850.0;26500.0;4400.0;40580.0;both;Solonópole - CE;219003.0;206329.0;32647.0;15.82;both
2313005;Solonópole - CE;2020;5985.0;8205.0;8205.0;0.0;34161.0;4985.0;25410.0;4120.0;42105.0;both;Solonópole - CE;237756.0;224754.0;47037.0;20.93;both
2313005;Solonópole - CE;2021;5756.0;8561.0;8561.0;0.0;36852.0;5412.0;26850.0;4250.0;45852.0;both;Solonópole - CE;303284.0;285045.0;63627.0;22.32;both
2313005;Solonópole - CE;2022;7873.0;8863.0;8863.0;0.0;36534.0;5841.0;27420.0;4325.0;46582.0;both;Solonópole - CE;318203.0;;;;both
2313005;Solonópole - CE;2023;2652.0;9517.0;9514.0;0.00031522538615114115;37017.0;6224.0;29344.0;5234.0;49299.0;both;Solonópole - CE;370693.0;;;;both
2313005;Solonópole - CE;2024;5446.0;9467.0;9467.0;0.0;39956.0;6542.0;31425.0;5412.0;51420.0;both;;;;;;left_only
2313104;Tabuleiro do Norte - CE;2003;5040.0;6196.0;6196.0;0.0;13611.0;8019.0;11887.0;1826.0;24678.0;both;Tabuleiro do Norte - CE;64111.0;58300.0;10304.0;17.67;both
2313104;Tabuleiro do Norte - CE;2004;4004.0;5044.0;5044.0;0.0;13747.0;8179.0;12006.0;1845.0;23460.0;both;Tabuleiro do Norte - CE;72632.0;65695.0;10694.0;16.28;both
2313104;Tabuleiro do Norte - CE;2005;3397.0;5086.0;5086.0;0.0;14159.0;8343.0;12366.0;1902.0;24065.0;both;Tabuleiro do Norte - CE;81301.0;73469.0;10831.0;14.74;both
2313104;Tabuleiro do Norte - CE;2006;7286.0;7437.0;7437.0;0.0;14371.0;8510.0;12737.0;1957.0;24686.0;both;Tabuleiro do Norte - CE;94571.0;86124.0;14096.0;16.37;both
2313104;Tabuleiro do Norte - CE;2007;4952.0;7484.0;7484.0;0.0;20004.0;11535.0;11400.0;2789.0;23778.0;both;Tabuleiro do Norte - CE;103506.0;94626.0;14280.0;15.09;both
2313104;Tabuleiro do Norte - CE;2008;5580.0;5522.0;5522.0;0.0;20904.0;11650.0;11628.0;2830.0;24140.0;both;Tabuleiro do Norte - CE;122865.0;112301.0;17200.0;15.32;both
2313104;Tabuleiro do Norte - CE;2009;5152.0;7634.0;7634.0;0.0;21218.0;11767.0;11803.0;2885.0;24507.0;both;Tabuleiro do Norte - CE;141869.0;131208.0;18975.0;14.46;both
2313104;Tabuleiro do Norte - CE;2010;3439.0;4865.0;4865.0;0.0;20743.0;11885.0;11921.0;2842.0;24017.0;both;Tabuleiro do Norte - CE;180924.0;164466.0;19658.0;11.95;both
2313104;Tabuleiro do Norte - CE;2011;9821.0;9058.0;9058.0;0.0;20971.0;11909.0;11981.0;2859.0;24065.0;both;Tabuleiro do Norte - CE;190765.0;173597.0;24081.0;13.87;both
2313104;Tabuleiro do Norte - CE;2012;3012.0;5038.0;4136.0;0.17903930131004364;19800.0;11695.0;11837.0;2816.0;23583.0;both;Tabuleiro do Norte - CE;200457.0;180218.0;17602.0;9.77;both
2313104;Tabuleiro do Norte - CE;2013;3065.0;3562.0;3562.0;0.0;19400.0;11520.0;11695.0;2779.0;23111.0;both;Tabuleiro do Norte - CE;232017.0;210214.0;25311.0;12.04;both
2313104;Tabuleiro do Norte - CE;2014;3197.0;4728.0;4728.0;0.0;19136.0;15605.0;33493.0;6739.0;25110.0;both;Tabuleiro do Norte - CE;267727.0;242514.0;24111.0;9.94;both
2313104;Tabuleiro do Norte - CE;2015;1087.0;4573.0;4573.0;0.0;19827.0;16313.0;34959.0;7524.0;25612.0;both;Tabuleiro do Norte - CE;267022.0;242359.0;19794.0;8.17;both
2313104;Tabuleiro do Norte - CE;2016;1328.0;4995.0;4995.0;0.0;17700.0;17100.0;35650.0;6166.0;17928.0;both;Tabuleiro do Norte - CE;282813.0;258763.0;23827.0;9.21;both
2313104;Tabuleiro do Norte - CE;2017;2963.0;3733.0;3733.0;0.0;18959.0;17669.0;37484.0;6289.0;17448.0;both;Tabuleiro do Norte - CE;330487.0;301432.0;29964.0;9.94;both
2313104;Tabuleiro do Norte - CE;2018;4690.0;3385.0;3385.0;0.0;19760.0;18380.0;38310.0;7550.0;18100.0;both;Tabuleiro do Norte - CE;320805.0;294776.0;29415.0;9.98;both
2313104;Tabuleiro do Norte - CE;2019;5007.0;2086.0;2086.0;0.0;21300.0;18400.0;37100.0;7200.0;18462.0;both;Tabuleiro do Norte - CE;368226.0;338162.0;31383.0;9.28;both
2313104;Tabuleiro do Norte - CE;2020;5483.0;1990.0;1990.0;0.0;21726.0;18768.0;37471.0;7416.0;18831.0;both;Tabuleiro do Norte - CE;376613.0;347791.0;46521.0;13.38;both
2313104;Tabuleiro do Norte - CE;2021;6267.0;3537.0;3537.0;0.0;22161.0;18956.0;37846.0;7787.0;19113.0;both;Tabuleiro do Norte - CE;450593.0;412162.0;54072.0;13.12;both
2313104;Tabuleiro do Norte - CE;2022;7450.0;4114.0;4114.0;0.0;22780.0;17819.0;35954.0;7280.0;17775.0;both;Tabuleiro do Norte - CE;563950.0;;;;both
2313104;Tabuleiro do Norte - CE;2023;4229.0;5991.0;5991.0;0.0;26197.0;16623.0;32668.0;8008.0;19197.0;both;Tabuleiro do Norte - CE;584614.0;;;;both
2313104;Tabuleiro do Norte - CE;2024;4405.0;3272.0;3272.0;0.0;26852.0;16457.0;32015.0;8488.0;20541.0;both;;;;;;left_only
2313203;Tamboril - CE;2003;11200.0;15154.0;15154.0;0.0;32226.0;24149.0;39085.0;9167.0;65630.0;both;Tamboril - CE;51246.0;49857.0;15688.0;31.47;both
2313203;Tamboril - CE;2004;4102.0;14961.0;14961.0;0.0;31581.0;24559.0;39866.0;9001.0;64644.0;both;Tamboril - CE;49226.0;47510.0;11473.0;24.15;both
2313203;Tamboril - CE;2005;3526.0;11928.0;11928.0;0.0;31075.0;24804.0;40463.0;8874.0;63803.0;both;Tamboril - CE;54952.0;53041.0;11864.0;22.37;both
2313203;Tamboril - CE;2006;10854.0;12970.0;12970.0;0.0;31541.0;25052.0;41272.0;8996.0;64980.0;both;Tamboril - CE;67912.0;65522.0;16052.0;24.5;both
2313203;Tamboril - CE;2007;3535.0;12920.0;12920.0;0.0;31860.0;25332.0;41690.0;9107.0;65951.0;both;Tamboril - CE;69488.0;67128.0;12957.0;19.3;both
2313203;Tamboril - CE;2008;12541.0;13308.0;13308.0;0.0;31300.0;25590.0;42106.0;9210.0;66700.0;both;Tamboril - CE;92209.0;89373.0;23024.0;25.76;both
2313203;Tamboril - CE;2009;2899.0;8542.0;8542.0;0.0;30674.0;25897.0;42527.0;9347.0;67700.0;both;Tamboril - CE;91616.0;88757.0;13925.0;15.69;both
2313203;Tamboril - CE;2010;647.0;7038.0;7031.0;0.000994600738846274;29907.0;25379.0;41676.0;9205.0;66687.0;both;Tamboril - CE;98552.0;94102.0;10620.0;11.29;both
2313203;Tamboril - CE;2011;15306.0;12820.0;12820.0;0.0;30206.0;25759.0;42301.0;9296.0;67353.0;both;Tamboril - CE;125421.0;120683.0;30205.0;25.03;both
2313203;Tamboril - CE;2012;1017.0;9500.0;9466.0;0.003578947368421015;24164.0;25243.0;41454.0;9109.0;65331.0;both;Tamboril - CE;115534.0;110511.0;13083.0;11.84;both
2313203;Tamboril - CE;2013;1462.0;8450.0;8450.0;0.0;21750.0;24612.0;40417.0;8830.0;63400.0;both;Tamboril - CE;126912.0;121740.0;14727.0;12.1;both
2313203;Tamboril - CE;2014;6089.0;12056.0;12052.0;0.00033178500331787486;21430.0;24440.0;40215.0;8777.0;62780.0;both;Tamboril - CE;156018.0;150613.0;23917.0;15.88;both
2313203;Tamboril - CE;2015;7193.0;20391.0;20389.0;9.808248737186442e-05;21380.0;24782.0;39893.0;8645.0;63093.0;both;Tamboril - CE;164216.0;158095.0;25955.0;16.42;both
2313203;Tamboril - CE;2016;8424.0;22738.0;22727.0;0.0004837716597765329;21273.0;25030.0;40092.0;8818.0;63661.0;both;Tamboril - CE;193640.0;187258.0;45321.0;24.2;both
2313203;Tamboril - CE;2017;13799.0;23847.0;23837.0;0.00041933995890464093;20422.0;25332.0;40613.0;8950.0;64298.0;both;Tamboril - CE;201168.0;193272.0;36396.0;18.83;both
2313203;Tamboril - CE;2018;20046.0;21907.0;21907.0;0.0;20750.0;25585.0;41100.0;9012.0;64750.0;both;Tamboril - CE;211770.0;204630.0;40592.0;19.84;both
2313203;Tamboril - CE;2019;24837.0;19962.0;19962.0;0.0;21040.0;26120.0;42050.0;9088.0;65073.0;both;Tamboril - CE;239874.0;230978.0;46245.0;20.02;both
2313203;Tamboril - CE;2020;25775.0;20392.0;20392.0;0.0;21290.0;26565.0;42817.0;9133.0;65400.0;both;Tamboril - CE;261258.0;252681.0;62540.0;24.75;both
2313203;Tamboril - CE;2021;16044.0;19932.0;19932.0;0.0;21080.0;26700.0;43031.0;8219.0;52320.0;both;Tamboril - CE;282247.0;271489.0;70097.0;25.82;both
2313203;Tamboril - CE;2022;23119.0;20906.0;20906.0;0.0;22030.0;24831.0;40879.0;7603.0;44472.0;both;Tamboril - CE;316962.0;;;;both
2313203;Tamboril - CE;2023;9627.0;20449.0;20449.0;0.0;22250.0;22348.0;39652.0;6957.0;43800.0;both;Tamboril - CE;319202.0;;;;both
2313203;Tamboril - CE;2024;7940.0;20501.0;20501.0;0.0;22360.0;20672.0;39850.0;6470.0;41170.0;both;;;;;;left_only
2313252;Tarrafas - CE;2003;4503.0;4748.0;4748.0;0.0;4559.0;835.0;759.0;2642.0;24228.0;both;Tarrafas - CE;18775.0;18011.0;7555.0;41.95;both
2313252;Tarrafas - CE;2004;3184.0;3474.0;3474.0;0.0;4611.0;879.0;821.0;2662.0;24265.0;both;Tarrafas - CE;16374.0;15538.0;5050.0;32.5;both
2313252;Tarrafas - CE;2005;2411.0;3102.0;3102.0;0.0;4629.0;896.0;853.0;2646.0;24940.0;both;Tarrafas - CE;16771.0;16277.0;4100.0;25.19;both
2313252;Tarrafas - CE;2006;5362.0;3690.0;3690.0;0.0;4707.0;917.0;921.0;2686.0;25713.0;both;Tarrafas - CE;22712.0;21532.0;6434.0;29.88;both
2313252;Tarrafas - CE;2007;1786.0;4003.0;4003.0;0.0;4691.0;935.0;1011.0;2620.0;25203.0;both;Tarrafas - CE;24222.0;23569.0;5426.0;23.02;both
2313252;Tarrafas - CE;2008;4991.0;4287.0;4287.0;0.0;4647.0;979.0;1107.0;2646.0;25398.0;both;Tarrafas - CE;30535.0;29859.0;9259.0;31.01;both
2313252;Tarrafas - CE;2009;3960.0;4770.0;4770.0;0.0;4731.0;997.0;1182.0;2719.0;26000.0;both;Tarrafas - CE;30791.0;30055.0;7041.0;23.43;both
2313252;Tarrafas - CE;2010;1145.0;6467.0;6467.0;0.0;4693.0;1014.0;1210.0;2685.0;26063.0;both;Tarrafas - CE;32251.0;31354.0;5233.0;16.69;both
2313252;Tarrafas - CE;2011;7497.0;6368.0;6368.0;0.0;4776.0;1079.0;1285.0;2746.0;26487.0;both;Tarrafas - CE;46285.0;45350.0;14996.0;33.07;both
2313252;Tarrafas - CE;2012;1901.0;4090.0;4085.0;0.0012224938875305957;8522.0;1189.0;1448.0;2595.0;25412.0;both;Tarrafas - CE;42572.0;41527.0;9484.0;22.84;both
2313252;Tarrafas - CE;2013;1041.0;4109.0;4109.0;0.0;7658.0;1426.0;1882.0;2906.0;27444.0;both;Tarrafas - CE;48193.0;47057.0;9771.0;20.76;both
2313252;Tarrafas - CE;2014;2887.0;2935.0;2935.0;0.0;7226.0;1072.0;2161.0;3022.0;49857.0;both;Tarrafas - CE;60885.0;59842.0;16882.0;28.21;both
2313252;Tarrafas - CE;2015;467.0;1942.0;1937.0;0.002574665293511802;7031.0;1300.0;25000.0;3000.0;52000.0;both;Tarrafas - CE;55215.0;53741.0;10403.0;19.36;both
2313252;Tarrafas - CE;2016;291.0;2841.0;2841.0;0.0;6470.0;1170.0;2510.0;2850.0;48400.0;both;Tarrafas - CE;53357.0;51703.0;7733.0;14.96;both
2313252;Tarrafas - CE;2017;3713.0;3483.0;3478.0;0.0014355440712029433;6037.0;330.0;1900.0;2150.0;29049.0;both;Tarrafas - CE;71509.0;69465.0;19206.0;27.65;both
2313252;Tarrafas - CE;2018;1551.0;2270.0;2270.0;0.0;6000.0;400.0;1600.0;1900.0;31000.0;both;Tarrafas - CE;62074.0;60189.0;7815.0;12.98;both
2313252;Tarrafas - CE;2019;1163.0;2065.0;2065.0;0.0;5900.0;380.0;1690.0;1860.0;32500.0;both;Tarrafas - CE;68769.0;66273.0;8661.0;13.07;both
2313252;Tarrafas - CE;2020;3621.0;2269.0;2269.0;0.0;7375.0;425.0;1800.0;1800.0;33250.0;both;Tarrafas - CE;89434.0;86992.0;23490.0;27.0;both
2313252;Tarrafas - CE;2021;2018.0;1519.0;1519.0;0.0;7300.0;400.0;1900.0;1850.0;35000.0;both;Tarrafas - CE;85682.0;82896.0;19124.0;23.07;both
2313252;Tarrafas - CE;2022;1563.0;1542.0;1542.0;0.0;7400.0;485.0;2000.0;2000.0;35500.0;both;Tarrafas - CE;88539.0;;;;both
2313252;Tarrafas - CE;2023;1924.0;1714.0;1714.0;0.0;8000.0;510.0;2100.0;2100.0;38400.0;both;Tarrafas - CE;116827.0;;;;both
2313252;Tarrafas - CE;2024;1872.0;1773.0;1773.0;0.0;8250.0;250.0;2500.0;2310.0;38000.0;both;;;;;;left_only
2313302;Tauá - CE;2003;25377.0;33802.0;33802.0;0.0;55533.0;64406.0;126464.0;20895.0;164218.0;both;Tauá - CE;130911.0;124486.0;34019.0;27.33;both
2313302;Tauá - CE;2004;14940.0;39967.0;39967.0;0.0;54533.0;65629.0;129246.0;20580.0;161754.0;both;Tauá - CE;138335.0;130295.0;28127.0;21.59;both
2313302;Tauá - CE;2005;14039.0;31716.0;31716.0;0.0;53442.0;66613.0;131184.0;20373.0;160135.0;both;Tauá - CE;158922.0;150178.0;32015.0;21.32;both
2313302;Tauá - CE;2006;24646.0;36777.0;36777.0;0.0;54136.0;67279.0;133807.0;20627.0;162578.0;both;Tauá - CE;181505.0;171462.0;39115.0;22.81;both
2313302;Tauá - CE;2007;10857.0;34304.0;34304.0;0.0;54570.0;68155.0;135145.0;20875.0;164505.0;both;Tauá - CE;191049.0;179928.0;31252.0;17.37;both
2313302;Tauá - CE;2008;37855.0;34813.0;34813.0;0.0;53790.0;68527.0;136000.0;21100.0;165218.0;both;Tauá - CE;233452.0;220498.0;56989.0;25.85;both
2313302;Tauá - CE;2009;15997.0;36088.0;36088.0;0.0;53252.0;69212.0;137360.0;21434.0;167695.0;both;Tauá - CE;237004.0;224087.0;36226.0;16.17;both
2313302;Tauá - CE;2010;1332.0;30312.0;30306.0;0.00019794140934281668;52186.0;68519.0;135986.0;21176.0;165179.0;both;Tauá - CE;272690.0;253440.0;24600.0;9.71;both
2313302;Tauá - CE;2011;30788.0;36612.0;36612.0;0.0;53230.0;69200.0;137345.0;21598.0;166880.0;both;Tauá - CE;342140.0;321688.0;61150.0;19.01;both
2313302;Tauá - CE;2012;1555.0;30173.0;30137.0;0.0011931196765320173;54322.0;68162.0;135600.0;21082.0;164376.0;both;Tauá - CE;337283.0;310166.0;30582.0;9.86;both
2313302;Tauá - CE;2013;1870.0;15807.0;15807.0;0.0;49500.0;67000.0;133160.0;20700.0;162000.0;both;Tauá - CE;390250.0;359635.0;33965.0;9.44;both
2313302;Tauá - CE;2014;4021.0;20132.0;20132.0;0.0;47260.0;66700.0;132630.0;20390.0;161190.0;both;Tauá - CE;493896.0;456658.0;40143.0;8.79;both
2313302;Tauá - CE;2015;3076.0;19084.0;19081.0;0.00015719974848038554;47120.0;67367.0;131600.0;20186.0;162157.0;both;Tauá - CE;497673.0;461278.0;46671.0;10.12;both
2313302;Tauá - CE;2016;3608.0;23504.0;23481.0;0.0009785568413887002;47026.0;68377.0;133574.0;20448.0;162968.0;both;Tauá - CE;515156.0;477293.0;54455.0;11.41;both
2313302;Tauá - CE;2017;5173.0;24569.0;24546.0;0.0009361390369978517;45615.0;70428.0;137581.0;20700.0;163782.0;both;Tauá - CE;595586.0;552739.0;56144.0;10.16;both
2313302;Tauá - CE;2018;8668.0;24253.0;24253.0;0.0;46071.0;72682.0;141846.0;20803.0;164437.0;both;Tauá - CE;607574.0;561230.0;55494.0;9.89;both
2313302;Tauá - CE;2019;8535.0;21984.0;21984.0;0.0;46693.0;75480.0;147520.0;21000.0;165259.0;both;Tauá - CE;662160.0;610886.0;62305.0;10.2;both
2313302;Tauá - CE;2020;19236.0;22161.0;22161.0;0.0;47160.0;77745.0;152536.0;21273.0;166250.0;both;Tauá - CE;686887.0;639986.0;88761.0;13.87;both
2313302;Tauá - CE;2021;9217.0;22631.0;22631.0;0.0;46700.0;78520.0;157112.0;20634.0;154610.0;both;Tauá - CE;711836.0;657114.0;99459.0;15.14;both
2313302;Tauá - CE;2022;9847.0;20923.0;20923.0;0.0;49114.0;84205.0;165760.0;21482.0;162240.0;both;Tauá - CE;802395.0;;;;both
2313302;Tauá - CE;2023;7596.0;22126.0;22126.0;0.0;51071.0;89935.0;178630.0;22341.0;154128.0;both;Tauá - CE;934349.0;;;;both
2313302;Tauá - CE;2024;17337.0;23028.0;23028.0;0.0;53677.0;90651.0;212758.0;22787.0;158751.0;both;;;;;;left_only
2313351;Tejuçuoca - CE;2003;1618.0;4462.0;4462.0;0.0;8080.0;3356.0;8368.0;5695.0;34439.0;both;Tejuçuoca - CE;20007.0;19534.0;3433.0;17.57;both
2313351;Tejuçuoca - CE;2004;1335.0;5079.0;4862.0;0.042724945855483365;7810.0;3524.0;8703.0;5906.0;35979.0;both;Tejuçuoca - CE;21141.0;20521.0;3377.0;16.45;both
2313351;Tejuçuoca - CE;2005;1135.0;3969.0;3969.0;0.0;7927.0;3700.0;8964.0;6100.0;37684.0;both;Tejuçuoca - CE;27406.0;26284.0;3794.0;14.43;both
2313351;Tejuçuoca - CE;2006;2582.0;5064.0;5064.0;0.0;8006.0;3811.0;9233.0;6274.0;38341.0;both;Tejuçuoca - CE;31254.0;30124.0;4807.0;15.96;both
2313351;Tejuçuoca - CE;2007;2306.0;4987.0;4987.0;0.0;8087.0;3963.0;9694.0;6506.0;40159.0;both;Tejuçuoca - CE;34357.0;33235.0;5107.0;15.37;both
2313351;Tejuçuoca - CE;2008;2742.0;4878.0;4878.0;0.0;8168.0;4122.0;10179.0;6692.0;42064.0;both;Tejuçuoca - CE;41076.0;39778.0;6146.0;15.45;both
2313351;Tejuçuoca - CE;2009;2067.0;6053.0;6053.0;0.0;8250.0;4287.0;10685.0;6883.0;44060.0;both;Tejuçuoca - CE;44545.0;43211.0;5715.0;13.23;both
2313351;Tejuçuoca - CE;2010;400.0;5660.0;5660.0;0.0;7647.0;4373.0;11006.0;7044.0;45547.0;both;Tejuçuoca - CE;51984.0;50028.0;4004.0;8.0;both
2313351;Tejuçuoca - CE;2011;3994.0;5675.0;5675.0;0.0;7723.0;4460.0;11336.0;7210.0;47085.0;both;Tejuçuoca - CE;62376.0;60318.0;8469.0;14.04;both
2313351;Tejuçuoca - CE;2012;671.0;4810.0;4743.0;0.013929313929313958;7761.0;4594.0;11789.0;7349.0;48203.0;both;Tejuçuoca - CE;66127.0;63691.0;5151.0;8.09;both
2313351;Tejuçuoca - CE;2013;588.0;2903.0;2903.0;0.0;7062.0;5053.0;12024.0;7202.0;33742.0;both;Tejuçuoca - CE;73464.0;70972.0;5276.0;7.43;both
2313351;Tejuçuoca - CE;2014;1326.0;3921.0;3921.0;0.0;6709.0;5205.0;12385.0;7058.0;36441.0;both;Tejuçuoca - CE;88000.0;84824.0;5985.0;7.06;both
2313351;Tejuçuoca - CE;2015;837.0;4185.0;4185.0;0.0;6560.0;5130.0;12300.0;7600.0;37200.0;both;Tejuçuoca - CE;99043.0;95272.0;6310.0;6.62;both
2313351;Tejuçuoca - CE;2016;1222.0;5168.0;5168.0;0.0;6535.0;4104.0;9840.0;7220.0;29016.0;both;Tejuçuoca - CE;109299.0;105363.0;9323.0;8.85;both
2313351;Tejuçuoca - CE;2017;4308.0;10186.0;10186.0;0.0;6633.0;4639.0;9860.0;2900.0;24000.0;both;Tejuçuoca - CE;110241.0;106056.0;12578.0;11.86;both
2313351;Tejuçuoca - CE;2018;1409.0;3479.0;3479.0;0.0;6533.0;4184.0;11023.0;3190.0;25752.0;both;Tejuçuoca - CE;108571.0;104417.0;7373.0;7.06;both
2313351;Tejuçuoca - CE;2019;2107.0;4418.0;4418.0;0.0;6730.0;4205.0;11135.0;3030.0;25350.0;both;Tejuçuoca - CE;132655.0;127447.0;10201.0;8.0;both
2313351;Tejuçuoca - CE;2020;2183.0;4973.0;4873.0;0.020108586366378467;7580.0;4180.0;11065.0;2998.0;25145.0;both;Tejuçuoca - CE;134586.0;129735.0;11152.0;8.6;both
2313351;Tejuçuoca - CE;2021;1189.0;3876.0;3876.0;0.0;6985.0;4230.0;9853.0;3028.0;22452.0;both;Tejuçuoca - CE;136988.0;131361.0;12026.0;9.15;both
2313351;Tejuçuoca - CE;2022;3169.0;5580.0;5580.0;0.0;7202.0;4305.0;10125.0;2975.0;21865.0;both;Tejuçuoca - CE;153337.0;;;;both
2313351;Tejuçuoca - CE;2023;2052.0;4382.0;4382.0;0.0;7174.0;4020.0;9718.0;3348.0;20815.0;both;Tejuçuoca - CE;174349.0;;;;both
2313351;Tejuçuoca - CE;2024;1345.0;4491.0;4291.0;0.04453351146737916;7010.0;3930.0;9264.0;3280.0;21950.0;both;;;;;;left_only
2313401;Tianguá - CE;2003;81782.0;9395.0;9395.0;0.0;11444.0;2733.0;711.0;6322.0;479547.0;both;Tianguá - CE;196400.0;179455.0;51581.0;28.74;both
2313401;Tianguá - CE;2004;103178.0;10697.0;10697.0;0.0;9866.0;3115.0;803.0;9500.0;505173.0;both;Tianguá - CE;214040.0;196491.0;61420.0;31.26;both
2313401;Tianguá - CE;2005;103247.0;9238.0;9238.0;0.0;9481.0;3258.0;754.0;9110.0;503052.0;both;Tianguá - CE;242809.0;220061.0;61733.0;28.05;both
2313401;Tianguá - CE;2006;101790.0;10996.0;10996.0;0.0;9875.0;3420.0;799.0;9230.0;373642.0;both;Tianguá - CE;280331.0;254549.0;79309.0;31.16;both
2313401;Tianguá - CE;2007;101184.0;10868.0;10868.0;0.0;9900.0;3850.0;900.0;10100.0;513816.0;both;Tianguá - CE;286807.0;260036.0;74225.0;28.54;both
2313401;Tianguá - CE;2008;114267.0;12175.0;12175.0;0.0;10296.0;4620.0;1100.0;14650.0;531737.0;both;Tianguá - CE;358032.0;322908.0;99727.0;30.88;both
2313401;Tianguá - CE;2009;100344.0;11045.0;11045.0;0.0;10550.0;4710.0;1250.0;15480.0;552565.0;both;Tianguá - CE;362690.0;325338.0;79143.0;24.33;both
2313401;Tianguá - CE;2010;93008.0;8424.0;8409.0;0.0017806267806267373;11024.0;4200.0;1450.0;16850.0;571801.0;both;Tianguá - CE;472289.0;411562.0;80901.0;19.66;both
2313401;Tianguá - CE;2011;94962.0;8147.0;8147.0;0.0;11200.0;4300.0;1515.0;16500.0;550913.0;both;Tianguá - CE;536503.0;470747.0;94666.0;20.11;both
2313401;Tianguá - CE;2012;74993.0;7070.0;7070.0;0.0;10800.0;4100.0;1550.0;17750.0;579838.0;both;Tianguá - CE;542870.0;471970.0;81138.0;17.19;both
2313401;Tianguá - CE;2013;75945.0;5889.0;5889.0;0.0;9250.0;3850.0;1600.0;17000.0;581684.0;both;Tianguá - CE;681314.0;598067.0;108983.0;18.22;both
2313401;Tianguá - CE;2014;75033.0;7594.0;7594.0;0.0;8800.0;3600.0;1520.0;16000.0;584294.0;both;Tianguá - CE;844070.0;748013.0;116918.0;15.63;both
2313401;Tianguá - CE;2015;46706.0;7293.0;7293.0;0.0;6876.0;3400.0;1800.0;18000.0;592000.0;both;Tianguá - CE;867501.0;767891.0;94956.0;12.37;both
2313401;Tianguá - CE;2016;71529.0;7333.0;7333.0;0.0;6750.0;3250.0;1750.0;17500.0;621530.0;both;Tianguá - CE;1047061.0;919421.0;156039.0;16.97;both
2313401;Tianguá - CE;2017;68718.0;7586.0;7586.0;0.0;6600.0;4800.0;1900.0;13000.0;714600.0;both;Tianguá - CE;1248162.0;1116996.0;189973.0;17.01;both
2313401;Tianguá - CE;2018;79632.0;7560.0;7560.0;0.0;6450.0;4600.0;2000.0;14000.0;794831.0;both;Tianguá - CE;1308985.0;1149420.0;202091.0;17.58;both
2313401;Tianguá - CE;2019;84008.0;5750.0;5750.0;0.0;7500.0;3800.0;1950.0;7000.0;658501.0;both;Tianguá - CE;1465463.0;1308960.0;276574.0;21.13;both
2313401;Tianguá - CE;2020;89239.0;7174.0;7174.0;0.0;7395.0;3860.0;1730.0;6350.0;763722.0;both;Tianguá - CE;1621108.0;1447604.0;340359.0;23.51;both
2313401;Tianguá - CE;2021;80518.0;7005.0;7005.0;0.0;7025.0;3589.0;1850.0;6985.0;776786.0;both;Tianguá - CE;1732690.0;1526446.0;344455.0;22.57;both
2313401;Tianguá - CE;2022;76647.0;7572.0;7572.0;0.0;7500.0;3700.0;2000.0;7100.0;834560.0;both;Tianguá - CE;1913964.0;;;;both
2313401;Tianguá - CE;2023;84340.0;8319.0;8319.0;0.0;6700.0;3500.0;2200.0;7500.0;756221.0;both;Tianguá - CE;2265253.0;;;;both
2313401;Tianguá - CE;2024;82470.0;7888.0;7888.0;0.0;7000.0;3200.0;2100.0;8000.0;894696.0;both;;;;;;left_only
2313500;Trairi - CE;2003;48256.0;22953.0;22953.0;0.0;8352.0;2014.0;4012.0;4803.0;45758.0;both;Trairi - CE;126907.0;123184.0;21875.0;17.76;both
2313500;Trairi - CE;2004;46810.0;23330.0;23330.0;0.0;7934.0;2054.0;4132.0;4609.0;111535.0;both;Trairi - CE;161362.0;157015.0;25156.0;16.02;both
2313500;Trairi - CE;2005;48104.0;23605.0;23605.0;0.0;7975.0;2137.0;4320.0;4657.0;112092.0;both;Trairi - CE;177958.0;172758.0;22409.0;12.97;both
2313500;Trairi - CE;2006;52883.0;23740.0;23740.0;0.0;8015.0;2202.0;4493.0;4678.0;112257.0;both;Trairi - CE;210910.0;205311.0;30914.0;15.06;both
2313500;Trairi - CE;2007;29256.0;25233.0;25233.0;0.0;7995.0;2265.0;4675.0;4726.0;112485.0;both;Trairi - CE;213388.0;207680.0;24702.0;11.89;both
2313500;Trairi - CE;2008;58152.0;26016.0;26016.0;0.0;8019.0;2368.0;4900.0;4732.0;112904.0;both;Trairi - CE;255689.0;248000.0;35464.0;14.3;both
2313500;Trairi - CE;2009;33926.0;26039.0;24615.0;0.054687199969276845;8139.0;2458.0;5121.0;4817.0;114327.0;both;Trairi - CE;219442.0;211933.0;35219.0;16.62;both
2313500;Trairi - CE;2010;31916.0;23301.0;23301.0;0.0;8058.0;2545.0;5326.0;4763.0;114852.0;both;Trairi - CE;263843.0;254811.0;40939.0;16.07;both
2313500;Trairi - CE;2011;47005.0;24994.0;24994.0;0.0;8079.0;2647.0;5340.0;4906.0;115667.0;both;Trairi - CE;310705.0;299755.0;55201.0;18.42;both
2313500;Trairi - CE;2012;39099.0;26323.0;26323.0;0.0;10480.0;2725.0;5500.0;4934.0;116000.0;both;Trairi - CE;377447.0;318836.0;47023.0;14.75;both
2313500;Trairi - CE;2013;15767.0;20733.0;20733.0;0.0;10270.0;2806.0;5665.0;5132.0;100947.0;both;Trairi - CE;511212.0;436628.0;34781.0;7.97;both
2313500;Trairi - CE;2014;16427.0;20605.0;20605.0;0.0;9868.0;2820.0;5693.0;5106.0;100978.0;both;Trairi - CE;601091.0;568111.0;44597.0;7.85;both
2313500;Trairi - CE;2015;32015.0;22921.0;22921.0;0.0;9375.0;2680.0;5408.0;4085.0;98958.0;both;Trairi - CE;578552.0;542661.0;41933.0;7.73;both
2313500;Trairi - CE;2016;25130.0;23032.0;23032.0;0.0;9328.0;2731.0;5489.0;4013.0;100326.0;both;Trairi - CE;644612.0;609783.0;48689.0;7.98;both
2313500;Trairi - CE;2017;30707.0;23080.0;23080.0;0.0;9356.0;2780.0;5521.0;4062.0;101544.0;both;Trairi - CE;659097.0;621765.0;67661.0;10.88;both
2313500;Trairi - CE;2018;34514.0;23510.0;23510.0;0.0;9760.0;2836.0;6901.0;4875.0;96467.0;both;Trairi - CE;837504.0;800277.0;63185.0;7.9;both
2313500;Trairi - CE;2019;16506.0;15648.0;15648.0;0.0;10053.0;2864.0;7039.0;4971.0;95503.0;both;Trairi - CE;784583.0;743071.0;44966.0;6.05;both
2313500;Trairi - CE;2020;17540.0;17337.0;17337.0;0.0;10042.0;2850.0;7004.0;4946.0;96458.0;both;Trairi - CE;819135.0;767815.0;61080.0;7.95;both
2313500;Trairi - CE;2021;16026.0;17643.0;17643.0;0.0;9841.0;2793.0;6864.0;4847.0;98387.0;both;Trairi - CE;1115144.0;1039052.0;72027.0;6.93;both
2313500;Trairi - CE;2022;18232.0;17941.0;17941.0;0.0;11021.0;2820.0;6932.0;4895.0;99370.0;both;Trairi - CE;947833.0;;;;both
2313500;Trairi - CE;2023;17766.0;17757.0;17757.0;0.0;10470.0;2848.0;7001.0;4919.0;100364.0;both;Trairi - CE;1039083.0;;;;both
2313500;Trairi - CE;2024;16028.0;17522.0;17522.0;0.0;10574.0;2878.0;7070.0;4968.0;101568.0;both;;;;;;left_only
2313559;Tururu - CE;2003;11796.0;7617.0;7617.0;0.0;3755.0;643.0;622.0;1699.0;14268.0;both;Tururu - CE;18205.0;17642.0;2367.0;13.41;both
2313559;Tururu - CE;2004;11694.0;7660.0;7660.0;0.0;3811.0;669.0;653.0;1765.0;15087.0;both;Tururu - CE;21272.0;20529.0;3109.0;15.14;both
2313559;Tururu - CE;2005;11899.0;7597.0;7597.0;0.0;3868.0;702.0;686.0;1817.0;15595.0;both;Tururu - CE;24710.0;23777.0;3161.0;13.29;both
2313559;Tururu - CE;2006;15923.0;7737.0;7737.0;0.0;3907.0;730.0;720.0;1872.0;16022.0;both;Tururu - CE;27427.0;26437.0;3548.0;13.42;both
2313559;Tururu - CE;2007;7526.0;7839.0;7839.0;0.0;3946.0;759.0;756.0;1942.0;16781.0;both;Tururu - CE;28736.0;27763.0;2363.0;8.51;both
2313559;Tururu - CE;2008;15871.0;7866.0;7866.0;0.0;3985.0;782.0;786.0;1998.0;17409.0;both;Tururu - CE;37293.0;36140.0;4148.0;11.48;both
2313559;Tururu - CE;2009;11483.0;7950.0;7513.0;0.05496855345911955;4025.0;805.0;817.0;2056.0;18061.0;both;Tururu - CE;39791.0;38508.0;2368.0;6.15;both
2313559;Tururu - CE;2010;8152.0;7027.0;7027.0;0.0;3722.0;829.0;846.0;2096.0;18670.0;both;Tururu - CE;47858.0;46265.0;2898.0;6.26;both
2313559;Tururu - CE;2011;17004.0;7670.0;7670.0;0.0;3759.0;854.0;876.0;2137.0;19300.0;both;Tururu - CE;50988.0;49494.0;5553.0;11.22;both
2313559;Tururu - CE;2012;9643.0;7495.0;7495.0;0.0;3797.0;871.0;902.0;2189.0;19758.0;both;Tururu - CE;59380.0;57459.0;4803.0;8.36;both
2313559;Tururu - CE;2013;5744.0;6837.0;6837.0;0.0;3300.0;740.0;767.0;2145.0;19264.0;both;Tururu - CE;67906.0;65760.0;4365.0;6.64;both
2313559;Tururu - CE;2014;5687.0;8157.0;8157.0;0.0;3130.0;673.0;690.0;1823.0;19649.0;both;Tururu - CE;84225.0;81581.0;4752.0;5.82;both
2313559;Tururu - CE;2015;6373.0;8412.0;8412.0;0.0;3060.0;740.0;669.0;1841.0;20238.0;both;Tururu - CE;90784.0;87234.0;4592.0;5.26;both
2313559;Tururu - CE;2016;9838.0;7941.0;7941.0;0.0;2630.0;666.0;602.0;1933.0;18214.0;both;Tururu - CE;95533.0;92443.0;9955.0;10.77;both
2313559;Tururu - CE;2017;19681.0;10314.0;10314.0;0.0;2683.0;732.0;512.0;1800.0;17668.0;both;Tururu - CE;101257.0;97663.0;10207.0;10.45;both
2313559;Tururu - CE;2018;28503.0;11160.0;11160.0;0.0;2750.0;769.0;845.0;1980.0;20000.0;both;Tururu - CE;106299.0;102519.0;11298.0;11.02;both
2313559;Tururu - CE;2019;28641.0;10878.0;10878.0;0.0;2780.0;755.0;830.0;1750.0;19200.0;both;Tururu - CE;115947.0;111815.0;10142.0;9.07;both
2313559;Tururu - CE;2020;36735.0;11289.0;11289.0;0.0;2815.0;770.0;846.0;1722.0;19020.0;both;Tururu - CE;122644.0;118493.0;15297.0;12.91;both
2313559;Tururu - CE;2021;24253.0;10799.0;10799.0;0.0;2532.0;720.0;879.0;1798.0;19540.0;both;Tururu - CE;138079.0;133136.0;17268.0;12.97;both
2313559;Tururu - CE;2022;23731.0;11110.0;11110.0;0.0;2398.0;680.0;847.0;1724.0;19650.0;both;Tururu - CE;154602.0;;;;both
2313559;Tururu - CE;2023;22320.0;11252.0;11247.0;0.0004443654461429025;2425.0;640.0;812.0;1856.0;18230.0;both;Tururu - CE;164401.0;;;;both
2313559;Tururu - CE;2024;23680.0;11733.0;11733.0;0.0;2310.0;632.0;802.0;1790.0;17690.0;both;;;;;;left_only
2313609;Ubajara - CE;2003;50323.0;4463.0;4463.0;0.0;5987.0;1057.0;399.0;5744.0;239689.0;both;Ubajara - CE;84184.0;78759.0;29637.0;37.63;both
2313609;Ubajara - CE;2004;51920.0;5230.0;5230.0;0.0;6008.0;1162.0;422.0;6080.0;246293.0;both;Ubajara - CE;98534.0;92995.0;36333.0;39.07;both
2313609;Ubajara - CE;2005;51924.0;5548.0;5548.0;0.0;5623.0;1243.0;388.0;5737.0;150506.0;both;Ubajara - CE;110140.0;103187.0;34722.0;33.65;both
2313609;Ubajara - CE;2006;27778.0;5610.0;5610.0;0.0;5935.0;1620.0;480.0;6370.0;135420.0;both;Ubajara - CE;124395.0;116724.0;43510.0;37.28;both
2313609;Ubajara - CE;2007;63269.0;5814.0;5814.0;0.0;6385.0;1800.0;650.0;7550.0;167643.0;both;Ubajara - CE;142290.0;133863.0;45144.0;33.72;both
2313609;Ubajara - CE;2008;64628.0;5859.0;5859.0;0.0;6200.0;1920.0;750.0;8562.0;244134.0;both;Ubajara - CE;170653.0;161861.0;57786.0;35.7;both
2313609;Ubajara - CE;2009;60367.0;6385.0;6385.0;0.0;7356.0;2100.0;900.0;9550.0;222055.0;both;Ubajara - CE;177874.0;163576.0;45325.0;27.71;both
2313609;Ubajara - CE;2010;61353.0;5821.0;5813.0;0.001374334306820102;8542.0;2150.0;850.0;11600.0;238850.0;both;Ubajara - CE;200408.0;187399.0;48722.0;26.0;both
2313609;Ubajara - CE;2011;70727.0;6761.0;6761.0;0.0;8600.0;2200.0;888.0;13200.0;264056.0;both;Ubajara - CE;229047.0;214481.0;60807.0;28.35;both
2313609;Ubajara - CE;2012;60348.0;6640.0;6640.0;0.0;7950.0;2400.0;1330.0;14450.0;264908.0;both;Ubajara - CE;235889.0;219376.0;53180.0;24.24;both
2313609;Ubajara - CE;2013;58536.0;5780.0;5780.0;0.0;7200.0;2300.0;1350.0;15000.0;247406.0;both;Ubajara - CE;277485.0;260957.0;73981.0;28.35;both
2313609;Ubajara - CE;2014;12285.0;3092.0;3092.0;0.0;6500.0;2100.0;600.0;16000.0;231740.0;both;Ubajara - CE;305766.0;285413.0;57831.0;20.26;both
2313609;Ubajara - CE;2015;10777.0;2792.0;2792.0;0.0;5124.0;1800.0;500.0;15000.0;162334.0;both;Ubajara - CE;336480.0;309361.0;46063.0;14.89;both
2313609;Ubajara - CE;2016;12488.0;3280.0;3280.0;0.0;4990.0;2000.0;420.0;12800.0;195026.0;both;Ubajara - CE;399742.0;368289.0;68475.0;18.59;both
2313609;Ubajara - CE;2017;11804.0;3170.0;3170.0;0.0;5189.0;4100.0;1400.0;13360.0;219600.0;both;Ubajara - CE;509131.0;470767.0;88743.0;18.85;both
2313609;Ubajara - CE;2018;20333.0;3420.0;3420.0;0.0;4800.0;3900.0;1200.0;15000.0;217049.0;both;Ubajara - CE;581648.0;539023.0;109514.0;20.32;both
2313609;Ubajara - CE;2019;19926.0;3947.0;3947.0;0.0;5000.0;4000.0;1300.0;15200.0;159869.0;both;Ubajara - CE;580795.0;539890.0;132802.0;24.6;both
2313609;Ubajara - CE;2020;19106.0;3492.0;3492.0;0.0;5100.0;3750.0;1180.0;13600.0;231843.0;both;Ubajara - CE;627784.0;587374.0;166582.0;28.36;both
2313609;Ubajara - CE;2021;19036.0;3213.0;3213.0;0.0;4835.0;3800.0;1200.0;12000.0;220724.0;both;Ubajara - CE;642046.0;599428.0;169107.0;28.21;both
2313609;Ubajara - CE;2022;23108.0;4592.0;4592.0;0.0;5000.0;3900.0;1250.0;12400.0;147468.0;both;Ubajara - CE;714256.0;;;;both
2313609;Ubajara - CE;2023;23141.0;4654.0;4654.0;0.0;4510.0;3800.0;1277.0;10545.0;218320.0;both;Ubajara - CE;839887.0;;;;both
2313609;Ubajara - CE;2024;22805.0;4737.0;4737.0;0.0;4600.0;3700.0;1300.0;10700.0;247841.0;both;;;;;;left_only
2313708;Umari - CE;2003;3413.0;2216.0;2216.0;0.0;9555.0;2237.0;4008.0;2361.0;16447.0;both;Umari - CE;12548.0;12255.0;3459.0;28.23;both
2313708;Umari - CE;2004;2318.0;1900.0;1900.0;0.0;9937.0;2371.0;4248.0;2435.0;16940.0;both;Umari - CE;12972.0;12471.0;3117.0;24.99;both
2313708;Umari - CE;2005;1520.0;1740.0;1740.0;0.0;10235.0;2489.0;4460.0;2487.0;17278.0;both;Umari - CE;14272.0;13751.0;3029.0;22.03;both
2313708;Umari - CE;2006;2983.0;1946.0;1946.0;0.0;10542.0;2601.0;4680.0;2539.0;17577.0;both;Umari - CE;18952.0;18208.0;4029.0;22.13;both
2313708;Umari - CE;2007;1781.0;2146.0;2146.0;0.0;10752.0;2705.0;4867.0;2567.0;17752.0;both;Umari - CE;18629.0;18060.0;3955.0;21.9;both
2313708;Umari - CE;2008;3531.0;2355.0;2355.0;0.0;10967.0;2800.0;5062.0;2596.0;17929.0;both;Umari - CE;22964.0;22311.0;5589.0;25.05;both
2313708;Umari - CE;2009;2448.0;2534.0;2534.0;0.0;11164.0;2884.0;5239.0;2624.0;18108.0;both;Umari - CE;24110.0;23468.0;5082.0;21.66;both
2313708;Umari - CE;2010;1266.0;1935.0;1935.0;0.0;11275.0;2912.0;5291.0;2650.0;18269.0;both;Umari - CE;27089.0;26122.0;4556.0;17.44;both
2313708;Umari - CE;2011;2849.0;2066.0;2066.0;0.0;11444.0;2941.0;5370.0;2677.0;18443.0;both;Umari - CE;31914.0;30889.0;6624.0;21.45;both
2313708;Umari - CE;2012;887.0;2079.0;2079.0;0.0;10528.0;2917.0;5263.0;2660.0;18275.0;both;Umari - CE;31733.0;30736.0;4947.0;16.09;both
2313708;Umari - CE;2013;1052.0;1489.0;1489.0;0.0;10107.0;2405.0;5250.0;2633.0;18092.0;both;Umari - CE;36236.0;35198.0;5665.0;16.09;both
2313708;Umari - CE;2014;1358.0;1497.0;1497.0;0.0;9905.0;2453.0;5408.0;2646.0;18454.0;both;Umari - CE;41272.0;40205.0;6492.0;16.15;both
2313708;Umari - CE;2015;30.0;1102.0;1102.0;0.0;9450.0;2502.0;5570.0;2659.0;18602.0;both;Umari - CE;42930.0;41518.0;4928.0;11.87;both
2313708;Umari - CE;2016;172.0;1125.0;1125.0;0.0;8978.0;2552.0;5737.0;2712.0;18788.0;both;Umari - CE;46383.0;44836.0;5329.0;11.89;both
2313708;Umari - CE;2017;775.0;1658.0;1658.0;0.0;8798.0;2573.0;5909.0;2739.0;18975.0;both;Umari - CE;49084.0;47461.0;6302.0;13.28;both
2313708;Umari - CE;2018;1836.0;1716.0;1716.0;0.0;8974.0;2620.0;6027.0;2745.0;18998.0;both;Umari - CE;53744.0;52239.0;7755.0;14.85;both
2313708;Umari - CE;2019;823.0;1551.0;1551.0;0.0;9153.0;2699.0;6208.0;2802.0;19188.0;both;Umari - CE;56713.0;54567.0;6988.0;12.81;both
2313708;Umari - CE;2020;1886.0;1791.0;1791.0;0.0;9519.0;2752.0;6518.0;2830.0;19380.0;both;Umari - CE;64508.0;62656.0;12274.0;19.59;both
2313708;Umari - CE;2021;1655.0;2042.0;2042.0;0.0;9709.0;2697.0;6648.0;2914.0;19574.0;both;Umari - CE;69441.0;67276.0;15164.0;22.54;both
2313708;Umari - CE;2022;1293.0;1750.0;1750.0;0.0;9954.0;2745.0;6781.0;2950.0;19770.0;both;Umari - CE;75948.0;;;;both
2313708;Umari - CE;2023;1054.0;1359.0;1359.0;0.0;9157.0;2607.0;6442.0;2803.0;19968.0;both;Umari - CE;85633.0;;;;both
2313708;Umari - CE;2024;1068.0;1353.0;1352.0;0.0007390983000739038;9314.0;2685.0;6570.0;2887.0;20367.0;both;;;;;;left_only
2313757;Umirim - CE;2003;3070.0;3240.0;3240.0;0.0;11612.0;1144.0;1773.0;1902.0;16048.0;both;Umirim - CE;27645.0;26705.0;4521.0;16.93;both
2313757;Umirim - CE;2004;2633.0;3351.0;3065.0;0.08534765741569683;7323.0;1190.0;1862.0;1974.0;16808.0;both;Umirim - CE;30821.0;29533.0;4572.0;15.48;both
2313757;Umirim - CE;2005;4457.0;3698.0;3698.0;0.0;7433.0;1244.0;1927.0;2048.0;17312.0;both;Umirim - CE;33672.0;32197.0;5189.0;16.12;both
2313757;Umirim - CE;2006;4195.0;3562.0;3562.0;0.0;7507.0;1281.0;1985.0;2105.0;17785.0;both;Umirim - CE;37992.0;36363.0;6113.0;16.81;both
2313757;Umirim - CE;2007;5263.0;3900.0;3900.0;0.0;7582.0;1332.0;2084.0;2179.0;18626.0;both;Umirim - CE;42991.0;41329.0;5172.0;12.51;both
2313757;Umirim - CE;2008;7015.0;4182.0;4182.0;0.0;7658.0;1365.0;2147.0;2239.0;19322.0;both;Umirim - CE;51982.0;50223.0;7031.0;14.0;both
2313757;Umirim - CE;2009;4777.0;4104.0;4104.0;0.0;7735.0;1392.0;2254.0;2301.0;20045.0;both;Umirim - CE;55680.0;53739.0;6063.0;11.28;both
2313757;Umirim - CE;2010;3670.0;4173.0;4173.0;0.0;7250.0;1427.0;2333.0;2351.0;20665.0;both;Umirim - CE;64479.0;61831.0;5572.0;9.01;both
2313757;Umirim - CE;2011;12357.0;6675.0;6675.0;0.0;9184.0;1463.0;2415.0;2404.0;21336.0;both;Umirim - CE;79713.0;76842.0;15377.0;20.01;both
2313757;Umirim - CE;2012;2274.0;4131.0;4131.0;0.0;9276.0;1499.0;2499.0;2449.0;21841.0;both;Umirim - CE;78132.0;75029.0;10484.0;13.97;both
2313757;Umirim - CE;2013;2140.0;3878.0;3878.0;0.0;7567.0;1454.0;2499.0;2498.0;22496.0;both;Umirim - CE;88297.0;85024.0;12889.0;15.16;both
2313757;Umirim - CE;2014;2165.0;5871.0;5871.0;0.0;7300.0;1308.0;2249.0;2547.0;22946.0;both;Umirim - CE;101983.0;98677.0;12921.0;13.09;both
2313757;Umirim - CE;2015;2103.0;4553.0;4553.0;0.0;7335.0;1312.0;2302.0;2570.0;22625.0;both;Umirim - CE;109338.0;105415.0;13323.0;12.64;both
2313757;Umirim - CE;2016;2190.0;5721.0;5721.0;0.0;6850.0;1286.0;2760.0;2185.0;23465.0;both;Umirim - CE;122765.0;116985.0;17770.0;15.19;both
2313757;Umirim - CE;2017;7211.0;6266.0;6266.0;0.0;6884.0;1400.0;2830.0;2300.0;23582.0;both;Umirim - CE;138782.0;132302.0;23119.0;17.47;both
2313757;Umirim - CE;2018;6633.0;5530.0;5530.0;0.0;7572.0;1450.0;2845.0;2185.0;21224.0;both;Umirim - CE;155332.0;148127.0;20562.0;13.88;both
2313757;Umirim - CE;2019;10216.0;5622.0;5622.0;0.0;7332.0;1523.0;2500.0;2074.0;20340.0;both;Umirim - CE;158100.0;149557.0;21424.0;14.33;both
2313757;Umirim - CE;2020;11334.0;4325.0;4325.0;0.0;7550.0;1585.0;2600.0;2030.0;19730.0;both;Umirim - CE;160229.0;151332.0;24893.0;16.45;both
2313757;Umirim - CE;2021;9935.0;4389.0;4389.0;0.0;8366.0;1783.0;1953.0;2068.0;20135.0;both;Umirim - CE;172797.0;160898.0;33360.0;20.73;both
2313757;Umirim - CE;2022;11710.0;4740.0;4740.0;0.0;8784.0;1812.0;1987.0;2171.0;20246.0;both;Umirim - CE;194961.0;;;;both
2313757;Umirim - CE;2023;9249.0;4790.0;4790.0;0.0;8790.0;1698.0;1895.0;2304.0;20978.0;both;Umirim - CE;210672.0;;;;both
2313757;Umirim - CE;2024;5499.0;3820.0;3820.0;0.0;8800.0;1528.0;1705.0;2424.0;21082.0;both;;;;;;left_only
2313807;Uruburetama - CE;2003;23704.0;4187.0;4187.0;0.0;1728.0;263.0;260.0;1453.0;29007.0;both;Uruburetama - CE;60859.0;58154.0;18325.0;31.51;both
2313807;Uruburetama - CE;2004;24523.0;4444.0;4397.0;0.010576057605760525;1816.0;271.0;270.0;1509.0;30102.0;both;Uruburetama - CE;107867.0;103174.0;30972.0;30.02;both
2313807;Uruburetama - CE;2005;25050.0;4422.0;4422.0;0.0;1847.0;279.0;281.0;1569.0;31239.0;both;Uruburetama - CE;106364.0;101316.0;21191.0;20.92;both
2313807;Uruburetama - CE;2006;27219.0;4482.0;4482.0;0.0;1865.0;287.0;292.0;1632.0;31864.0;both;Uruburetama - CE;112011.0;107138.0;30703.0;28.66;both
2313807;Uruburetama - CE;2007;27047.0;4478.0;4478.0;0.0;1883.0;298.0;306.0;1694.0;33377.0;both;Uruburetama - CE;108840.0;104124.0;26181.0;25.14;both
2313807;Uruburetama - CE;2008;26882.0;4615.0;4615.0;0.0;1902.0;304.0;315.0;1744.0;34638.0;both;Uruburetama - CE;138305.0;132337.0;34906.0;26.38;both
2313807;Uruburetama - CE;2009;24150.0;4694.0;4694.0;0.0;1921.0;310.0;324.0;1795.0;35947.0;both;Uruburetama - CE;140919.0;134846.0;31828.0;23.6;both
2313807;Uruburetama - CE;2010;23902.0;4749.0;4749.0;0.0;2405.0;319.0;437.0;1840.0;37127.0;both;Uruburetama - CE;185497.0;174459.0;32184.0;18.45;both
2313807;Uruburetama - CE;2011;24746.0;4754.0;4754.0;0.0;2453.0;332.0;450.0;1894.0;38160.0;both;Uruburetama - CE;198259.0;185542.0;27962.0;15.07;both
2313807;Uruburetama - CE;2012;11543.0;4709.0;4709.0;0.0;2502.0;342.0;468.0;1941.0;39264.0;both;Uruburetama - CE;233848.0;217657.0;16947.0;7.79;both
2313807;Uruburetama - CE;2013;7249.0;4595.0;4595.0;0.0;2148.0;325.0;445.0;2232.0;41227.0;both;Uruburetama - CE;229445.0;214312.0;12363.0;5.77;both
2313807;Uruburetama - CE;2014;11775.0;4589.0;4589.0;0.0;2050.0;308.0;409.0;2298.0;42052.0;both;Uruburetama - CE;267728.0;251798.0;34535.0;13.72;both
2313807;Uruburetama - CE;2015;7903.0;4739.0;4739.0;0.0;2100.0;345.0;405.0;2380.0;42976.0;both;Uruburetama - CE;284403.0;266295.0;22371.0;8.4;both
2313807;Uruburetama - CE;2016;11796.0;4645.0;4645.0;0.0;1780.0;334.0;392.0;2856.0;36529.0;both;Uruburetama - CE;382943.0;358208.0;46256.0;12.91;both
2313807;Uruburetama - CE;2017;30862.0;5279.0;5279.0;0.0;1958.0;324.0;384.0;3000.0;38355.0;both;Uruburetama - CE;453854.0;433074.0;143733.0;33.19;both
2313807;Uruburetama - CE;2018;14533.0;5182.0;5182.0;0.0;2017.0;302.0;413.0;3150.0;37204.0;both;Uruburetama - CE;360013.0;335480.0;42075.0;12.54;both
2313807;Uruburetama - CE;2019;14141.0;5342.0;5342.0;0.0;2085.0;323.0;442.0;3025.0;38045.0;both;Uruburetama - CE;295526.0;277880.0;32563.0;11.72;both
2313807;Uruburetama - CE;2020;18716.0;5028.0;5028.0;0.0;2015.0;334.0;456.0;2920.0;36850.0;both;Uruburetama - CE;273138.0;260363.0;52589.0;20.2;both
2313807;Uruburetama - CE;2021;18002.0;5188.0;5188.0;0.0;1689.0;325.0;425.0;2989.0;38356.0;both;Uruburetama - CE;299474.0;284098.0;56494.0;19.89;both
2313807;Uruburetama - CE;2022;37341.0;5649.0;5649.0;0.0;1654.0;348.0;432.0;2951.0;38594.0;both;Uruburetama - CE;460850.0;;;;both
2313807;Uruburetama - CE;2023;26788.0;6806.0;5606.0;0.1763150161622098;1751.0;325.0;403.0;3170.0;39845.0;both;Uruburetama - CE;445294.0;;;;both
2313807;Uruburetama - CE;2024;29464.0;7115.0;7115.0;0.0;1853.0;320.0;398.0;3145.0;38262.0;both;;;;;;left_only
2313906;Uruoca - CE;2003;2915.0;5576.0;5576.0;0.0;7038.0;7022.0;3257.0;8846.0;26130.0;both;Uruoca - CE;18129.0;17531.0;3362.0;19.18;both
2313906;Uruoca - CE;2004;2259.0;5934.0;5934.0;0.0;7122.0;7162.0;3322.0;8951.0;26007.0;both;Uruoca - CE;19739.0;18993.0;3264.0;17.19;both
2313906;Uruoca - CE;2005;2589.0;7026.0;7026.0;0.0;7215.0;7284.0;3362.0;9033.0;25923.0;both;Uruoca - CE;23361.0;22535.0;4311.0;19.13;both
2313906;Uruoca - CE;2006;3203.0;7105.0;7105.0;0.0;7250.0;7299.0;3387.0;9052.0;25993.0;both;Uruoca - CE;24745.0;23814.0;4189.0;17.59;both
2313906;Uruoca - CE;2007;4236.0;7003.0;7003.0;0.0;7281.0;7318.0;3403.0;9079.0;26013.0;both;Uruoca - CE;29731.0;28674.0;4810.0;16.78;both
2313906;Uruoca - CE;2008;4270.0;6979.0;6979.0;0.0;7312.0;7450.0;3486.0;9114.0;26340.0;both;Uruoca - CE;36186.0;34831.0;5436.0;15.61;both
2313906;Uruoca - CE;2009;3807.0;7089.0;7089.0;0.0;7380.0;7569.0;3537.0;8918.0;26607.0;both;Uruoca - CE;40155.0;38856.0;5111.0;13.15;both
2313906;Uruoca - CE;2010;1465.0;9133.0;9133.0;0.0;7513.0;7759.0;3612.0;9135.0;27158.0;both;Uruoca - CE;47276.0;45396.0;5205.0;11.47;both
2313906;Uruoca - CE;2011;6482.0;9204.0;9204.0;0.0;7663.0;7448.0;3720.0;9273.0;27336.0;both;Uruoca - CE;55792.0;53918.0;9772.0;18.12;both
2313906;Uruoca - CE;2012;3873.0;11588.0;11588.0;0.0;7356.0;7745.0;3794.0;9071.0;23102.0;both;Uruoca - CE;59636.0;57277.0;8822.0;15.4;both
2313906;Uruoca - CE;2013;3751.0;11174.0;11174.0;0.0;6604.0;9351.0;4057.0;8999.0;24053.0;both;Uruoca - CE;66012.0;63602.0;10113.0;15.9;both
2313906;Uruoca - CE;2014;4772.0;10200.0;10200.0;0.0;6407.0;9125.0;4112.0;8839.0;24818.0;both;Uruoca - CE;94155.0;91480.0;27900.0;30.5;both
2313906;Uruoca - CE;2015;2187.0;8755.0;8755.0;0.0;6015.0;9090.0;3990.0;8500.0;24000.0;both;Uruoca - CE;116878.0;113190.0;24240.0;21.42;both
2313906;Uruoca - CE;2016;2653.0;8470.0;8470.0;0.0;5390.0;9625.0;4415.0;9640.0;30000.0;both;Uruoca - CE;112883.0;108317.0;17132.0;15.82;both
2313906;Uruoca - CE;2017;3273.0;8049.0;8049.0;0.0;5567.0;10391.0;4495.0;10360.0;33745.0;both;Uruoca - CE;148516.0;143267.0;19813.0;13.83;both
2313906;Uruoca - CE;2018;4093.0;6704.0;6704.0;0.0;6402.0;10910.0;2697.0;11914.0;40494.0;both;Uruoca - CE;172187.0;165213.0;21240.0;12.86;both
2313906;Uruoca - CE;2019;3832.0;6832.0;6832.0;0.0;4800.0;9819.0;3102.0;13105.0;32395.0;both;Uruoca - CE;177338.0;169202.0;19622.0;11.6;both
2313906;Uruoca - CE;2020;4178.0;6904.0;6904.0;0.0;5280.0;10015.0;3198.0;13755.0;34014.0;both;Uruoca - CE;193948.0;186466.0;25601.0;13.73;both
2313906;Uruoca - CE;2021;3260.0;6996.0;6996.0;0.0;4318.0;10047.0;3220.0;13720.0;34544.0;both;Uruoca - CE;298207.0;284711.0;25219.0;8.86;both
2313906;Uruoca - CE;2022;4048.0;6978.0;6978.0;0.0;4102.0;8540.0;2770.0;11650.0;29431.0;both;Uruoca - CE;238457.0;;;;both
2313906;Uruoca - CE;2023;3596.0;5931.0;5931.0;0.0;3935.0;7260.0;2520.0;10450.0;23974.0;both;Uruoca - CE;254534.0;;;;both
2313906;Uruoca - CE;2024;2653.0;5705.0;5705.0;0.0;3507.0;6358.0;2268.0;8856.0;22664.0;both;;;;;;left_only
2313955;Varjota - CE;2003;5139.0;3457.0;3457.0;0.0;2446.0;1248.0;1766.0;2003.0;50487.0;both;Varjota - CE;44897.0;43055.0;14470.0;33.61;both
2313955;Varjota - CE;2004;3857.0;3587.0;3587.0;0.0;2600.0;1425.0;1920.0;2300.0;48900.0;both;Varjota - CE;46444.0;44436.0;14742.0;33.18;both
2313955;Varjota - CE;2005;4082.0;4115.0;4035.0;0.019441069258809285;2436.0;1539.0;1843.0;2389.0;44823.0;both;Varjota - CE;47935.0;45297.0;10773.0;23.78;both
2313955;Varjota - CE;2006;4316.0;4087.0;4087.0;0.0;2495.0;1710.0;1915.0;2318.0;44250.0;both;Varjota - CE;60202.0;57124.0;13626.0;23.85;both
2313955;Varjota - CE;2007;4081.0;4005.0;4005.0;0.0;2811.0;1980.0;2150.0;2450.0;46500.0;both;Varjota - CE;60949.0;58137.0;14207.0;24.44;both
2313955;Varjota - CE;2008;5232.0;4160.0;4160.0;0.0;2850.0;2100.0;2250.0;2900.0;47200.0;both;Varjota - CE;74122.0;70818.0;19831.0;28.0;both
2313955;Varjota - CE;2009;4351.0;4278.0;4278.0;0.0;3694.0;2350.0;2320.0;3400.0;48400.0;both;Varjota - CE;78585.0;75525.0;19771.0;26.18;both
2313955;Varjota - CE;2010;4159.0;3777.0;3767.0;0.002647603918453756;3915.0;2000.0;1980.0;3280.0;49500.0;both;Varjota - CE;98790.0;93381.0;22645.0;24.25;both
2313955;Varjota - CE;2011;7210.0;4315.0;4315.0;0.0;4100.0;1800.0;2100.0;3700.0;51100.0;both;Varjota - CE;114770.0;109013.0;29464.0;27.03;both
2313955;Varjota - CE;2012;6174.0;6633.0;6633.0;0.0;4080.0;1650.0;1800.0;3780.0;49800.0;both;Varjota - CE;124891.0;118652.0;31227.0;26.32;both
2313955;Varjota - CE;2013;5639.0;3608.0;3608.0;0.0;4150.0;1600.0;1650.0;3600.0;48000.0;both;Varjota - CE;132942.0;126193.0;32228.0;25.54;both
2313955;Varjota - CE;2014;23688.0;3387.0;3387.0;0.0;3900.0;1500.0;1550.0;3400.0;52000.0;both;Varjota - CE;199368.0;191304.0;73453.0;38.4;both
2313955;Varjota - CE;2015;7835.0;4383.0;4383.0;0.0;3800.0;1300.0;1400.0;2500.0;40000.0;both;Varjota - CE;151347.0;143247.0;26018.0;18.16;both
2313955;Varjota - CE;2016;21243.0;4124.0;4124.0;0.0;3850.0;1400.0;1600.0;2900.0;42000.0;both;Varjota - CE;226886.0;218618.0;83180.0;38.05;both
2313955;Varjota - CE;2017;15437.0;4372.0;4372.0;0.0;3900.0;1500.0;2150.0;2300.0;60000.0;both;Varjota - CE;253742.0;243912.0;96784.0;39.68;both
2313955;Varjota - CE;2018;18783.0;5103.0;5103.0;0.0;5000.0;1400.0;1700.0;2000.0;63000.0;both;Varjota - CE;269539.0;258727.0;103847.0;40.14;both
2313955;Varjota - CE;2019;28009.0;4476.0;4476.0;0.0;5600.0;1600.0;1850.0;1900.0;64000.0;both;Varjota - CE;335906.0;322396.0;140674.0;43.63;both
2313955;Varjota - CE;2020;28636.0;5276.0;5276.0;0.0;4900.0;1540.0;1778.0;1800.0;62000.0;both;Varjota - CE;359070.0;344079.0;148880.0;43.27;both
2313955;Varjota - CE;2021;28359.0;4164.0;4164.0;0.0;3544.0;1600.0;2000.0;1300.0;65000.0;both;Varjota - CE;375819.0;357890.0;153292.0;42.83;both
2313955;Varjota - CE;2022;28655.0;5107.0;5107.0;0.0;4075.0;1800.0;2200.0;1500.0;65800.0;both;Varjota - CE;404964.0;;;;both
2313955;Varjota - CE;2023;28264.0;4434.0;4434.0;0.0;4120.0;1700.0;2100.0;2200.0;67130.0;both;Varjota - CE;488084.0;;;;both
2313955;Varjota - CE;2024;29097.0;4491.0;4491.0;0.0;4400.0;1500.0;2000.0;2500.0;66500.0;both;;;;;;left_only
2314003;Várzea Alegre - CE;2003;6512.0;5707.0;5707.0;0.0;16501.0;1610.0;2980.0;10000.0;93105.0;both;Várzea Alegre - CE;73459.0;70074.0;18492.0;26.39;both
2314003;Várzea Alegre - CE;2004;3806.0;3958.0;3958.0;0.0;16748.0;1630.0;3015.0;10000.0;93150.0;both;Várzea Alegre - CE;68252.0;64269.0;10283.0;16.0;both
2314003;Várzea Alegre - CE;2005;2874.0;5971.0;5971.0;0.0;16700.0;1597.0;2954.0;9811.0;91287.0;both;Várzea Alegre - CE;76721.0;72149.0;9723.0;13.48;both
2314003;Várzea Alegre - CE;2006;7673.0;5605.0;5605.0;0.0;16783.0;1572.0;2975.0;9761.0;91565.0;both;Várzea Alegre - CE;95373.0;90127.0;16414.0;18.21;both
2314003;Várzea Alegre - CE;2007;2768.0;5600.0;5600.0;0.0;17560.0;3536.0;2945.0;9272.0;86986.0;both;Várzea Alegre - CE;98960.0;93744.0;10455.0;11.15;both
2314003;Várzea Alegre - CE;2008;9038.0;6299.0;6299.0;0.0;17577.0;3501.0;2916.0;8807.0;82635.0;both;Várzea Alegre - CE;128984.0;123134.0;23066.0;18.73;both
2314003;Várzea Alegre - CE;2009;8512.0;6444.0;6444.0;0.0;17585.0;3465.0;2866.0;8364.0;78503.0;both;Várzea Alegre - CE;134473.0;128171.0;17349.0;13.54;both
2314003;Várzea Alegre - CE;2010;4874.0;5821.0;5821.0;0.0;22798.0;3431.0;2838.0;8281.0;77719.0;both;Várzea Alegre - CE;167745.0;157167.0;15934.0;10.14;both
2314003;Várzea Alegre - CE;2011;9327.0;6091.0;6091.0;0.0;25892.0;3420.0;2828.0;8290.0;77951.0;both;Várzea Alegre - CE;188456.0;177419.0;24515.0;13.82;both
2314003;Várzea Alegre - CE;2012;3794.0;5281.0;5281.0;0.0;30001.0;3215.0;2658.0;8041.0;76391.0;both;Várzea Alegre - CE;193159.0;181697.0;17844.0;9.82;both
2314003;Várzea Alegre - CE;2013;2170.0;3523.0;3523.0;0.0;27326.0;3500.0;5000.0;15000.0;64932.0;both;Várzea Alegre - CE;221877.0;207307.0;14901.0;7.19;both
2314003;Várzea Alegre - CE;2014;7293.0;3980.0;3980.0;0.0;27009.0;3500.0;5000.0;15500.0;70000.0;both;Várzea Alegre - CE;276656.0;260266.0;27721.0;10.65;both
2314003;Várzea Alegre - CE;2015;2264.0;3982.0;3976.0;0.0015067805123053502;26854.0;3300.0;5000.0;17000.0;70000.0;both;Várzea Alegre - CE;281080.0;262215.0;16761.0;6.39;both
2314003;Várzea Alegre - CE;2016;2641.0;4298.0;4298.0;0.0;25492.0;4000.0;7500.0;16500.0;72100.0;both;Várzea Alegre - CE;331370.0;309319.0;34087.0;11.02;both
2314003;Várzea Alegre - CE;2017;8545.0;4732.0;4732.0;0.0;20000.0;3000.0;5000.0;9000.0;98126.0;both;Várzea Alegre - CE;347549.0;324482.0;41666.0;12.84;both
2314003;Várzea Alegre - CE;2018;8210.0;5118.0;5118.0;0.0;25000.0;3090.0;4900.0;9450.0;99107.0;both;Várzea Alegre - CE;374829.0;352589.0;48171.0;13.66;both
2314003;Várzea Alegre - CE;2019;4285.0;2949.0;2949.0;0.0;27664.0;3150.0;5000.0;9500.0;100000.0;both;Várzea Alegre - CE;397882.0;370146.0;41738.0;11.28;both
2314003;Várzea Alegre - CE;2020;7112.0;3711.0;3711.0;0.0;27734.0;3000.0;4750.0;10070.0;110000.0;both;Várzea Alegre - CE;435622.0;408026.0;62720.0;15.37;both
2314003;Várzea Alegre - CE;2021;6048.0;3718.0;3718.0;0.0;28642.0;3100.0;5000.0;15000.0;113000.0;both;Várzea Alegre - CE;468101.0;433583.0;64327.0;14.84;both
2314003;Várzea Alegre - CE;2022;5982.0;3697.0;3697.0;0.0;30532.0;2480.0;4000.0;14250.0;116390.0;both;Várzea Alegre - CE;502914.0;;;;both
2314003;Várzea Alegre - CE;2023;5274.0;3683.0;3679.0;0.0010860711376595722;34389.0;2277.0;3532.0;13167.0;120580.0;both;Várzea Alegre - CE;575214.0;;;;both
2314003;Várzea Alegre - CE;2024;6137.0;3613.0;3613.0;0.0;36109.0;1580.0;2473.0;13760.0;118865.0;both;;;;;;left_only
2314102;Viçosa do Ceará - CE;2003;97446.0;11250.0;11250.0;0.0;14487.0;8372.0;2643.0;27234.0;127254.0;both;Viçosa do Ceará - CE;86705.0;83864.0;28055.0;33.45;both
2314102;Viçosa do Ceará - CE;2004;116164.0;12960.0;12960.0;0.0;12960.0;9150.0;2800.0;25830.0;124130.0;both;Viçosa do Ceará - CE;99491.0;95826.0;32460.0;33.87;both
2314102;Viçosa do Ceará - CE;2005;115420.0;11427.0;11427.0;0.0;12091.0;8418.0;2688.0;23829.0;113703.0;both;Viçosa do Ceará - CE;105981.0;101953.0;29953.0;29.38;both
2314102;Viçosa do Ceará - CE;2006;89000.0;13843.0;13843.0;0.0;12236.0;8950.0;2878.0;24190.0;117482.0;both;Viçosa do Ceará - CE;136367.0;131369.0;37509.0;28.55;both
2314102;Viçosa do Ceará - CE;2007;176734.0;14574.0;14574.0;0.0;11974.0;9230.0;2950.0;26700.0;120500.0;both;Viçosa do Ceará - CE;152980.0;148201.0;43522.0;29.37;both
2314102;Viçosa do Ceará - CE;2008;173370.0;14718.0;14718.0;0.0;12213.0;9450.0;3100.0;28535.0;123850.0;both;Viçosa do Ceará - CE;182613.0;176846.0;48167.0;27.24;both
2314102;Viçosa do Ceará - CE;2009;168294.0;14918.0;14918.0;0.0;12400.0;10000.0;3500.0;30300.0;127500.0;both;Viçosa do Ceará - CE;191670.0;185710.0;42172.0;22.71;both
2314102;Viçosa do Ceará - CE;2010;157380.0;11575.0;11575.0;0.0;13880.0;9500.0;3400.0;31250.0;129500.0;both;Viçosa do Ceará - CE;220619.0;212312.0;41476.0;19.54;both
2314102;Viçosa do Ceará - CE;2011;159047.0;13125.0;13125.0;0.0;14150.0;9000.0;3600.0;32800.0;131800.0;both;Viçosa do Ceará - CE;246264.0;237147.0;51186.0;21.58;both
2314102;Viçosa do Ceará - CE;2012;138400.0;13759.0;13759.0;0.0;14500.0;9120.0;3700.0;34000.0;129500.0;both;Viçosa do Ceará - CE;246311.0;235414.0;40938.0;17.39;both
2314102;Viçosa do Ceará - CE;2013;143039.0;12275.0;12275.0;0.0;13800.0;9000.0;3800.0;35000.0;128000.0;both;Viçosa do Ceará - CE;291079.0;279683.0;59962.0;21.44;both
2314102;Viçosa do Ceará - CE;2014;136025.0;11857.0;11857.0;0.0;12100.0;10028.0;3650.0;50000.0;140000.0;both;Viçosa do Ceará - CE;338870.0;325584.0;64382.0;19.77;both
2314102;Viçosa do Ceará - CE;2015;53931.0;9819.0;9819.0;0.0;10500.0;13500.0;4100.0;51000.0;170000.0;both;Viçosa do Ceará - CE;331088.0;315881.0;38171.0;12.08;both
2314102;Viçosa do Ceará - CE;2016;68096.0;10809.0;10809.0;0.0;10950.0;13800.0;4200.0;48000.0;165000.0;both;Viçosa do Ceará - CE;377603.0;360502.0;61398.0;17.03;both
2314102;Viçosa do Ceará - CE;2017;57008.0;10804.0;10804.0;0.0;10700.0;13850.0;3800.0;45000.0;175000.0;both;Viçosa do Ceará - CE;413429.0;396409.0;79291.0;20.0;both
2314102;Viçosa do Ceará - CE;2018;79827.0;11248.0;11248.0;0.0;11000.0;14500.0;4100.0;48000.0;160000.0;both;Viçosa do Ceará - CE;439427.0;420684.0;85866.0;20.41;both
2314102;Viçosa do Ceará - CE;2019;94445.0;10293.0;10293.0;0.0;11600.0;15000.0;4200.0;49000.0;170000.0;both;Viçosa do Ceará - CE;482265.0;461945.0;103188.0;22.34;both
2314102;Viçosa do Ceará - CE;2020;109110.0;10393.0;10393.0;0.0;10860.0;15200.0;4300.0;48500.0;173000.0;both;Viçosa do Ceará - CE;545842.0;507216.0;120225.0;23.7;both
2314102;Viçosa do Ceará - CE;2021;113065.0;10080.0;10080.0;0.0;9240.0;13000.0;3500.0;45000.0;145370.0;both;Viçosa do Ceará - CE;603321.0;553430.0;127798.0;23.09;both
2314102;Viçosa do Ceará - CE;2022;53636.0;9795.0;9795.0;0.0;9400.0;12800.0;3400.0;45500.0;146900.0;both;Viçosa do Ceará - CE;642465.0;;;;both
2314102;Viçosa do Ceará - CE;2023;65645.0;10303.0;10303.0;0.0;9800.0;12160.0;3468.0;50080.0;165000.0;both;Viçosa do Ceará - CE;723250.0;;;;both
2314102;Viçosa do Ceará - CE;2024;63623.0;10673.0;10673.0;0.0;9400.0;11500.0;3600.0;51000.0;167000.0;both;;;;;;left_only
